{"type":"FeatureCollection","name":"C04_Loc_rur","crs":{"type":"name","properties":{"name":"urn:ogc:def:crs:OGC:1.3:CRS84"}},"xy_coordinate_resolution":1e-06,"features":[{"type":"Feature","properties":{"CVEGEO":"040010002","NOM_MUN":"Calkiní","NOMGEO":"Isla Arena","CVE_AGEB":"0190","POB1":968.0,"POB8":238.0,"POB12":632.0,"POB24":98.0,"POB42":465.0,"POB84":503.0,"POB125_R":108.2,"POB126_R":53.2,"POB127_R":37.7,"POB128_R":15.5,"POB129_R":31.0,"OID":2,"denominacion_oficial":"C04_Loc_rur","modulo_asignado":"Mapa Base","instrumento_vigencia":"","fecha_actualizacion":"2026-07-29","fuente_custodio":"SCINCE_2020","responsable_institucional":"INEGI","proyeccion_original":"EPSG:6372","proyeccion_actual":"EPSG:4326","cobertura_territorial":"Estatal","restricciones_uso":"Público"},"geometry":{"type":"Point","coordinates":[-90.452459,20.690499]}},{"type":"Feature","properties":{"CVEGEO":"040010005","NOM_MUN":"Calkiní","NOMGEO":"Concepción","CVE_AGEB":"0237","POB1":398.0,"POB8":102.0,"POB12":234.0,"POB24":62.0,"POB42":201.0,"POB84":197.0,"POB125_R":98.0,"POB126_R":70.1,"POB127_R":43.6,"POB128_R":26.5,"POB129_R":31.5,"OID":3,"denominacion_oficial":"C04_Loc_rur","modulo_asignado":"Mapa Base","instrumento_vigencia":"","fecha_actualizacion":"2026-07-29","fuente_custodio":"SCINCE_2020","responsable_institucional":"INEGI","proyeccion_original":"EPSG:6372","proyeccion_actual":"EPSG:4326","cobertura_territorial":"Estatal","restricciones_uso":"Público"},"geometry":{"type":"Point","coordinates":[-90.180665,20.316658]}},{"type":"Feature","properties":{"CVEGEO":"040010006","NOM_MUN":"Calkiní","NOMGEO":"San Agustín Chunhuás","CVE_AGEB":"0241","POB1":559.0,"POB8":193.0,"POB12":333.0,"POB24":33.0,"POB42":275.0,"POB84":284.0,"POB125_R":103.3,"POB126_R":67.9,"POB127_R":58.0,"POB128_R":9.9,"POB129_R":22.0,"OID":4,"denominacion_oficial":"C04_Loc_rur","modulo_asignado":"Mapa Base","instrumento_vigencia":"","fecha_actualizacion":"2026-07-29","fuente_custodio":"SCINCE_2020","responsable_institucional":"INEGI","proyeccion_original":"EPSG:6372","proyeccion_actual":"EPSG:4326","cobertura_territorial":"Estatal","restricciones_uso":"Público"},"geometry":{"type":"Point","coordinates":[-90.178441,20.266482]}},{"type":"Feature","properties":{"CVEGEO":"040010009","NOM_MUN":"Calkiní","NOMGEO":"Pucnachén","CVE_AGEB":"0218","POB1":1031.0,"POB8":288.0,"POB12":654.0,"POB24":89.0,"POB42":526.0,"POB84":505.0,"POB125_R":96.0,"POB126_R":57.6,"POB127_R":44.0,"POB128_R":13.6,"POB129_R":28.0,"OID":5,"denominacion_oficial":"C04_Loc_rur","modulo_asignado":"Mapa Base","instrumento_vigencia":"","fecha_actualizacion":"2026-07-29","fuente_custodio":"SCINCE_2020","responsable_institucional":"INEGI","proyeccion_original":"EPSG:6372","proyeccion_actual":"EPSG:4326","cobertura_territorial":"Estatal","restricciones_uso":"Público"},"geometry":{"type":"Point","coordinates":[-90.219308,20.365077]}},{"type":"Feature","properties":{"CVEGEO":"040010010","NOM_MUN":"Calkiní","NOMGEO":"San Antonio Sahcabchén","CVE_AGEB":"0241","POB1":2280.0,"POB8":735.0,"POB12":1397.0,"POB24":148.0,"POB42":1133.0,"POB84":1147.0,"POB125_R":101.2,"POB126_R":63.2,"POB127_R":52.6,"POB128_R":10.6,"POB129_R":24.0,"OID":6,"denominacion_oficial":"C04_Loc_rur","modulo_asignado":"Mapa Base","instrumento_vigencia":"","fecha_actualizacion":"2026-07-29","fuente_custodio":"SCINCE_2020","responsable_institucional":"INEGI","proyeccion_original":"EPSG:6372","proyeccion_actual":"EPSG:4326","cobertura_territorial":"Estatal","restricciones_uso":"Público"},"geometry":{"type":"Point","coordinates":[-90.137537,20.306577]}},{"type":"Feature","properties":{"CVEGEO":"040010011","NOM_MUN":"Calkiní","NOMGEO":"San Nicolás","CVE_AGEB":"0203","POB1":403.0,"POB8":111.0,"POB12":264.0,"POB24":28.0,"POB42":199.0,"POB84":204.0,"POB125_R":102.5,"POB126_R":52.7,"POB127_R":42.0,"POB128_R":10.6,"POB129_R":26.0,"OID":7,"denominacion_oficial":"C04_Loc_rur","modulo_asignado":"Mapa Base","instrumento_vigencia":"","fecha_actualizacion":"2026-07-29","fuente_custodio":"SCINCE_2020","responsable_institucional":"INEGI","proyeccion_original":"EPSG:6372","proyeccion_actual":"EPSG:4326","cobertura_territorial":"Estatal","restricciones_uso":"Público"},"geometry":{"type":"Point","coordinates":[-90.235697,20.437919]}},{"type":"Feature","properties":{"CVEGEO":"040010012","NOM_MUN":"Calkiní","NOMGEO":"Santa Cruz Ex-Hacienda","CVE_AGEB":"0203","POB1":1421.0,"POB8":422.0,"POB12":901.0,"POB24":98.0,"POB42":718.0,"POB84":703.0,"POB125_R":97.9,"POB126_R":57.7,"POB127_R":46.8,"POB128_R":10.9,"POB129_R":27.0,"OID":8,"denominacion_oficial":"C04_Loc_rur","modulo_asignado":"Mapa Base","instrumento_vigencia":"","fecha_actualizacion":"2026-07-29","fuente_custodio":"SCINCE_2020","responsable_institucional":"INEGI","proyeccion_original":"EPSG:6372","proyeccion_actual":"EPSG:4326","cobertura_territorial":"Estatal","restricciones_uso":"Público"},"geometry":{"type":"Point","coordinates":[-90.240519,20.397871]}},{"type":"Feature","properties":{"CVEGEO":"040010013","NOM_MUN":"Calkiní","NOMGEO":"Santa Cruz Pueblo","CVE_AGEB":"0241","POB1":2286.0,"POB8":685.0,"POB12":1456.0,"POB24":145.0,"POB42":1165.0,"POB84":1121.0,"POB125_R":96.2,"POB126_R":57.0,"POB127_R":47.0,"POB128_R":10.0,"POB129_R":25.0,"OID":9,"denominacion_oficial":"C04_Loc_rur","modulo_asignado":"Mapa Base","instrumento_vigencia":"","fecha_actualizacion":"2026-07-29","fuente_custodio":"SCINCE_2020","responsable_institucional":"INEGI","proyeccion_original":"EPSG:6372","proyeccion_actual":"EPSG:4326","cobertura_territorial":"Estatal","restricciones_uso":"Público"},"geometry":{"type":"Point","coordinates":[-90.104049,20.334408]}},{"type":"Feature","properties":{"CVEGEO":"040010014","NOM_MUN":"Calkiní","NOMGEO":"Tankuché","CVE_AGEB":"0203","POB1":1228.0,"POB8":334.0,"POB12":792.0,"POB24":102.0,"POB42":581.0,"POB84":647.0,"POB125_R":111.4,"POB126_R":55.1,"POB127_R":42.2,"POB128_R":12.9,"POB129_R":28.0,"OID":10,"denominacion_oficial":"C04_Loc_rur","modulo_asignado":"Mapa Base","instrumento_vigencia":"","fecha_actualizacion":"2026-07-29","fuente_custodio":"SCINCE_2020","responsable_institucional":"INEGI","proyeccion_original":"EPSG:6372","proyeccion_actual":"EPSG:4326","cobertura_territorial":"Estatal","restricciones_uso":"Público"},"geometry":{"type":"Point","coordinates":[-90.242786,20.507892]}},{"type":"Feature","properties":{"CVEGEO":"040010015","NOM_MUN":"Calkiní","NOMGEO":"Tepakán","CVE_AGEB":"0256","POB1":2193.0,"POB8":567.0,"POB12":1431.0,"POB24":195.0,"POB42":1116.0,"POB84":1077.0,"POB125_R":96.5,"POB126_R":53.2,"POB127_R":39.6,"POB128_R":13.6,"POB129_R":30.0,"OID":11,"denominacion_oficial":"C04_Loc_rur","modulo_asignado":"Mapa Base","instrumento_vigencia":"","fecha_actualizacion":"2026-07-29","fuente_custodio":"SCINCE_2020","responsable_institucional":"INEGI","proyeccion_original":"EPSG:6372","proyeccion_actual":"EPSG:4326","cobertura_territorial":"Estatal","restricciones_uso":"Público"},"geometry":{"type":"Point","coordinates":[-90.040836,20.397476]}},{"type":"Feature","properties":{"CVEGEO":"040010016","NOM_MUN":"Calkiní","NOMGEO":"Santa Marí­a","CVE_AGEB":"0218","POB1":261.0,"POB8":71.0,"POB12":171.0,"POB24":17.0,"POB42":108.0,"POB84":153.0,"POB125_R":141.7,"POB126_R":51.5,"POB127_R":41.5,"POB128_R":9.9,"POB129_R":26.0,"OID":12,"denominacion_oficial":"C04_Loc_rur","modulo_asignado":"Mapa Base","instrumento_vigencia":"","fecha_actualizacion":"2026-07-29","fuente_custodio":"SCINCE_2020","responsable_institucional":"INEGI","proyeccion_original":"EPSG:6372","proyeccion_actual":"EPSG:4326","cobertura_territorial":"Estatal","restricciones_uso":"Público"},"geometry":{"type":"Point","coordinates":[-90.245369,20.372652]}},{"type":"Feature","properties":{"CVEGEO":"040010232","NOM_MUN":"Calkiní","NOMGEO":"Xkakoch","CVE_AGEB":"0241","POB1":302.0,"POB8":103.0,"POB12":183.0,"POB24":16.0,"POB42":145.0,"POB84":157.0,"POB125_R":108.3,"POB126_R":65.0,"POB127_R":56.3,"POB128_R":8.7,"POB129_R":22.0,"OID":33,"denominacion_oficial":"C04_Loc_rur","modulo_asignado":"Mapa Base","instrumento_vigencia":"","fecha_actualizacion":"2026-07-29","fuente_custodio":"SCINCE_2020","responsable_institucional":"INEGI","proyeccion_original":"EPSG:6372","proyeccion_actual":"EPSG:4326","cobertura_territorial":"Estatal","restricciones_uso":"Público"},"geometry":{"type":"Point","coordinates":[-90.168868,20.235613]}},{"type":"Feature","properties":{"CVEGEO":"040020068","NOM_MUN":"Campeche","NOMGEO":"Uayamón","CVE_AGEB":"0840","POB1":309.0,"POB8":97.0,"POB12":183.0,"POB24":29.0,"POB42":146.0,"POB84":163.0,"POB125_R":111.6,"POB126_R":68.9,"POB127_R":53.0,"POB128_R":15.8,"POB129_R":25.0,"OID":60,"denominacion_oficial":"C04_Loc_rur","modulo_asignado":"Mapa Base","instrumento_vigencia":"","fecha_actualizacion":"2026-07-29","fuente_custodio":"SCINCE_2020","responsable_institucional":"INEGI","proyeccion_original":"EPSG:6372","proyeccion_actual":"EPSG:4326","cobertura_territorial":"Estatal","restricciones_uso":"Público"},"geometry":{"type":"Point","coordinates":[-90.420547,19.658935]}},{"type":"Feature","properties":{"CVEGEO":"040020070","NOM_MUN":"Campeche","NOMGEO":"Bethania","CVE_AGEB":"0766","POB1":1280.0,"POB8":390.0,"POB12":803.0,"POB24":87.0,"POB42":605.0,"POB84":675.0,"POB125_R":111.6,"POB126_R":59.4,"POB127_R":48.6,"POB128_R":10.8,"POB129_R":28.0,"OID":61,"denominacion_oficial":"C04_Loc_rur","modulo_asignado":"Mapa Base","instrumento_vigencia":"","fecha_actualizacion":"2026-07-29","fuente_custodio":"SCINCE_2020","responsable_institucional":"INEGI","proyeccion_original":"EPSG:6372","proyeccion_actual":"EPSG:4326","cobertura_territorial":"Estatal","restricciones_uso":"Público"},"geometry":{"type":"Point","coordinates":[-90.365659,19.908939]}},{"type":"Feature","properties":{"CVEGEO":"040020071","NOM_MUN":"Campeche","NOMGEO":"San Antonio Bobolá","CVE_AGEB":"0821","POB1":212.0,"POB8":59.0,"POB12":132.0,"POB24":21.0,"POB42":108.0,"POB84":104.0,"POB125_R":96.3,"POB126_R":60.6,"POB127_R":44.7,"POB128_R":15.9,"POB129_R":31.5,"OID":62,"denominacion_oficial":"C04_Loc_rur","modulo_asignado":"Mapa Base","instrumento_vigencia":"","fecha_actualizacion":"2026-07-29","fuente_custodio":"SCINCE_2020","responsable_institucional":"INEGI","proyeccion_original":"EPSG:6372","proyeccion_actual":"EPSG:4326","cobertura_territorial":"Estatal","restricciones_uso":"Público"},"geometry":{"type":"Point","coordinates":[-90.420531,19.770521]}},{"type":"Feature","properties":{"CVEGEO":"040020072","NOM_MUN":"Campeche","NOMGEO":"Bolonchén Cahuich","CVE_AGEB":"0893","POB1":326.0,"POB8":110.0,"POB12":186.0,"POB24":30.0,"POB42":173.0,"POB84":153.0,"POB125_R":88.4,"POB126_R":75.3,"POB127_R":59.1,"POB128_R":16.1,"POB129_R":25.0,"OID":63,"denominacion_oficial":"C04_Loc_rur","modulo_asignado":"Mapa Base","instrumento_vigencia":"","fecha_actualizacion":"2026-07-29","fuente_custodio":"SCINCE_2020","responsable_institucional":"INEGI","proyeccion_original":"EPSG:6372","proyeccion_actual":"EPSG:4326","cobertura_territorial":"Estatal","restricciones_uso":"Público"},"geometry":{"type":"Point","coordinates":[-90.205503,19.442371]}},{"type":"Feature","properties":{"CVEGEO":"040020073","NOM_MUN":"Campeche","NOMGEO":"Castamay","CVE_AGEB":"0770","POB1":1266.0,"POB8":268.0,"POB12":892.0,"POB24":105.0,"POB42":607.0,"POB84":659.0,"POB125_R":108.6,"POB126_R":41.8,"POB127_R":30.0,"POB128_R":11.8,"POB129_R":32.0,"OID":64,"denominacion_oficial":"C04_Loc_rur","modulo_asignado":"Mapa Base","instrumento_vigencia":"","fecha_actualizacion":"2026-07-29","fuente_custodio":"SCINCE_2020","responsable_institucional":"INEGI","proyeccion_original":"EPSG:6372","proyeccion_actual":"EPSG:4326","cobertura_territorial":"Estatal","restricciones_uso":"Público"},"geometry":{"type":"Point","coordinates":[-90.430432,19.837024]}},{"type":"Feature","properties":{"CVEGEO":"040020075","NOM_MUN":"Campeche","NOMGEO":"Chemblás","CVE_AGEB":"0766","POB1":588.0,"POB8":169.0,"POB12":390.0,"POB24":29.0,"POB42":294.0,"POB84":294.0,"POB125_R":100.0,"POB126_R":50.8,"POB127_R":43.3,"POB128_R":7.4,"POB129_R":27.0,"OID":65,"denominacion_oficial":"C04_Loc_rur","modulo_asignado":"Mapa Base","instrumento_vigencia":"","fecha_actualizacion":"2026-07-29","fuente_custodio":"SCINCE_2020","responsable_institucional":"INEGI","proyeccion_original":"EPSG:6372","proyeccion_actual":"EPSG:4326","cobertura_territorial":"Estatal","restricciones_uso":"Público"},"geometry":{"type":"Point","coordinates":[-90.356208,19.920162]}},{"type":"Feature","properties":{"CVEGEO":"040020081","NOM_MUN":"Campeche","NOMGEO":"Hampolol","CVE_AGEB":"0766","POB1":1221.0,"POB8":313.0,"POB12":814.0,"POB24":94.0,"POB42":594.0,"POB84":627.0,"POB125_R":105.6,"POB126_R":50.0,"POB127_R":38.5,"POB128_R":11.5,"POB129_R":30.0,"OID":66,"denominacion_oficial":"C04_Loc_rur","modulo_asignado":"Mapa Base","instrumento_vigencia":"","fecha_actualizacion":"2026-07-29","fuente_custodio":"SCINCE_2020","responsable_institucional":"INEGI","proyeccion_original":"EPSG:6372","proyeccion_actual":"EPSG:4326","cobertura_territorial":"Estatal","restricciones_uso":"Público"},"geometry":{"type":"Point","coordinates":[-90.387861,19.926274]}},{"type":"Feature","properties":{"CVEGEO":"040020082","NOM_MUN":"Campeche","NOMGEO":"Hobomá","CVE_AGEB":"0840","POB1":344.0,"POB8":95.0,"POB12":231.0,"POB24":18.0,"POB42":167.0,"POB84":177.0,"POB125_R":106.0,"POB126_R":48.9,"POB127_R":41.1,"POB128_R":7.8,"POB129_R":26.0,"OID":67,"denominacion_oficial":"C04_Loc_rur","modulo_asignado":"Mapa Base","instrumento_vigencia":"","fecha_actualizacion":"2026-07-29","fuente_custodio":"SCINCE_2020","responsable_institucional":"INEGI","proyeccion_original":"EPSG:6372","proyeccion_actual":"EPSG:4326","cobertura_territorial":"Estatal","restricciones_uso":"Público"},"geometry":{"type":"Point","coordinates":[-90.490471,19.609006]}},{"type":"Feature","properties":{"CVEGEO":"040020086","NOM_MUN":"Campeche","NOMGEO":"Imá","CVE_AGEB":"0770","POB1":1651.0,"POB8":400.0,"POB12":1112.0,"POB24":139.0,"POB42":830.0,"POB84":821.0,"POB125_R":98.9,"POB126_R":48.5,"POB127_R":36.0,"POB128_R":12.5,"POB129_R":31.0,"OID":68,"denominacion_oficial":"C04_Loc_rur","modulo_asignado":"Mapa Base","instrumento_vigencia":"","fecha_actualizacion":"2026-07-29","fuente_custodio":"SCINCE_2020","responsable_institucional":"INEGI","proyeccion_original":"EPSG:6372","proyeccion_actual":"EPSG:4326","cobertura_territorial":"Estatal","restricciones_uso":"Público"},"geometry":{"type":"Point","coordinates":[-90.473627,19.875686]}},{"type":"Feature","properties":{"CVEGEO":"040020089","NOM_MUN":"Campeche","NOMGEO":"Mucuychakán","CVE_AGEB":"0840","POB1":197.0,"POB8":56.0,"POB12":129.0,"POB24":12.0,"POB42":101.0,"POB84":96.0,"POB125_R":95.0,"POB126_R":52.7,"POB127_R":43.4,"POB128_R":9.3,"POB129_R":27.0,"OID":69,"denominacion_oficial":"C04_Loc_rur","modulo_asignado":"Mapa Base","instrumento_vigencia":"","fecha_actualizacion":"2026-07-29","fuente_custodio":"SCINCE_2020","responsable_institucional":"INEGI","proyeccion_original":"EPSG:6372","proyeccion_actual":"EPSG:4326","cobertura_territorial":"Estatal","restricciones_uso":"Público"},"geometry":{"type":"Point","coordinates":[-90.462172,19.687851]}},{"type":"Feature","properties":{"CVEGEO":"040020090","NOM_MUN":"Campeche","NOMGEO":"Nilchá","CVE_AGEB":"079A","POB1":1076.0,"POB8":316.0,"POB12":676.0,"POB24":84.0,"POB42":526.0,"POB84":550.0,"POB125_R":104.6,"POB126_R":59.2,"POB127_R":46.7,"POB128_R":12.4,"POB129_R":27.0,"OID":70,"denominacion_oficial":"C04_Loc_rur","modulo_asignado":"Mapa Base","instrumento_vigencia":"","fecha_actualizacion":"2026-07-29","fuente_custodio":"SCINCE_2020","responsable_institucional":"INEGI","proyeccion_original":"EPSG:6372","proyeccion_actual":"EPSG:4326","cobertura_territorial":"Estatal","restricciones_uso":"Público"},"geometry":{"type":"Point","coordinates":[-90.270657,19.845529]}},{"type":"Feature","properties":{"CVEGEO":"040020091","NOM_MUN":"Campeche","NOMGEO":"Nohakal","CVE_AGEB":"0855","POB1":990.0,"POB8":279.0,"POB12":655.0,"POB24":56.0,"POB42":504.0,"POB84":486.0,"POB125_R":96.4,"POB126_R":51.1,"POB127_R":42.6,"POB128_R":8.5,"POB129_R":26.0,"OID":71,"denominacion_oficial":"C04_Loc_rur","modulo_asignado":"Mapa Base","instrumento_vigencia":"","fecha_actualizacion":"2026-07-29","fuente_custodio":"SCINCE_2020","responsable_institucional":"INEGI","proyeccion_original":"EPSG:6372","proyeccion_actual":"EPSG:4326","cobertura_territorial":"Estatal","restricciones_uso":"Público"},"geometry":{"type":"Point","coordinates":[-90.336411,19.654931]}},{"type":"Feature","properties":{"CVEGEO":"040020092","NOM_MUN":"Campeche","NOMGEO":"Uzahzil-Edzná (Nohyaxchá)","CVE_AGEB":"086A","POB1":281.0,"POB8":92.0,"POB12":172.0,"POB24":17.0,"POB42":144.0,"POB84":137.0,"POB125_R":95.1,"POB126_R":63.4,"POB127_R":53.5,"POB128_R":9.9,"POB129_R":27.0,"OID":72,"denominacion_oficial":"C04_Loc_rur","modulo_asignado":"Mapa Base","instrumento_vigencia":"","fecha_actualizacion":"2026-07-29","fuente_custodio":"SCINCE_2020","responsable_institucional":"INEGI","proyeccion_original":"EPSG:6372","proyeccion_actual":"EPSG:4326","cobertura_territorial":"Estatal","restricciones_uso":"Público"},"geometry":{"type":"Point","coordinates":[-90.219475,19.615401]}},{"type":"Feature","properties":{"CVEGEO":"040020093","NOM_MUN":"Campeche","NOMGEO":"San Agustí­n Olá","CVE_AGEB":"0840","POB1":197.0,"POB8":58.0,"POB12":118.0,"POB24":21.0,"POB42":87.0,"POB84":110.0,"POB125_R":126.4,"POB126_R":66.9,"POB127_R":49.2,"POB128_R":17.8,"POB129_R":25.0,"OID":73,"denominacion_oficial":"C04_Loc_rur","modulo_asignado":"Mapa Base","instrumento_vigencia":"","fecha_actualizacion":"2026-07-29","fuente_custodio":"SCINCE_2020","responsable_institucional":"INEGI","proyeccion_original":"EPSG:6372","proyeccion_actual":"EPSG:4326","cobertura_territorial":"Estatal","restricciones_uso":"Público"},"geometry":{"type":"Point","coordinates":[-90.522951,19.712465]}},{"type":"Feature","properties":{"CVEGEO":"040020094","NOM_MUN":"Campeche","NOMGEO":"Crucero Oxa","CVE_AGEB":"0836","POB1":304.0,"POB8":98.0,"POB12":186.0,"POB24":20.0,"POB42":151.0,"POB84":153.0,"POB125_R":101.3,"POB126_R":63.4,"POB127_R":52.7,"POB128_R":10.8,"POB129_R":25.0,"OID":74,"denominacion_oficial":"C04_Loc_rur","modulo_asignado":"Mapa Base","instrumento_vigencia":"","fecha_actualizacion":"2026-07-29","fuente_custodio":"SCINCE_2020","responsable_institucional":"INEGI","proyeccion_original":"EPSG:6372","proyeccion_actual":"EPSG:4326","cobertura_territorial":"Estatal","restricciones_uso":"Público"},"geometry":{"type":"Point","coordinates":[-90.077347,19.727864]}},{"type":"Feature","properties":{"CVEGEO":"040020096","NOM_MUN":"Campeche","NOMGEO":"Pich","CVE_AGEB":"0874","POB1":2055.0,"POB8":560.0,"POB12":1314.0,"POB24":181.0,"POB42":1034.0,"POB84":1021.0,"POB125_R":98.7,"POB126_R":56.4,"POB127_R":42.6,"POB128_R":13.8,"POB129_R":28.0,"OID":75,"denominacion_oficial":"C04_Loc_rur","modulo_asignado":"Mapa Base","instrumento_vigencia":"","fecha_actualizacion":"2026-07-29","fuente_custodio":"SCINCE_2020","responsable_institucional":"INEGI","proyeccion_original":"EPSG:6372","proyeccion_actual":"EPSG:4326","cobertura_territorial":"Estatal","restricciones_uso":"Público"},"geometry":{"type":"Point","coordinates":[-90.118302,19.486136]}},{"type":"Feature","properties":{"CVEGEO":"040020097","NOM_MUN":"Campeche","NOMGEO":"Pocyaxum","CVE_AGEB":"0821","POB1":542.0,"POB8":132.0,"POB12":359.0,"POB24":51.0,"POB42":257.0,"POB84":285.0,"POB125_R":110.9,"POB126_R":51.0,"POB127_R":36.8,"POB128_R":14.2,"POB129_R":32.0,"OID":76,"denominacion_oficial":"C04_Loc_rur","modulo_asignado":"Mapa Base","instrumento_vigencia":"","fecha_actualizacion":"2026-07-29","fuente_custodio":"SCINCE_2020","responsable_institucional":"INEGI","proyeccion_original":"EPSG:6372","proyeccion_actual":"EPSG:4326","cobertura_territorial":"Estatal","restricciones_uso":"Público"},"geometry":{"type":"Point","coordinates":[-90.35067,19.729957]}},{"type":"Feature","properties":{"CVEGEO":"040020098","NOM_MUN":"Campeche","NOMGEO":"Cayal","CVE_AGEB":"079A","POB1":502.0,"POB8":128.0,"POB12":336.0,"POB24":38.0,"POB42":245.0,"POB84":257.0,"POB125_R":104.9,"POB126_R":49.4,"POB127_R":38.1,"POB128_R":11.3,"POB129_R":28.0,"OID":77,"denominacion_oficial":"C04_Loc_rur","modulo_asignado":"Mapa Base","instrumento_vigencia":"","fecha_actualizacion":"2026-07-29","fuente_custodio":"SCINCE_2020","responsable_institucional":"INEGI","proyeccion_original":"EPSG:6372","proyeccion_actual":"EPSG:4326","cobertura_territorial":"Estatal","restricciones_uso":"Público"},"geometry":{"type":"Point","coordinates":[-90.175024,19.74324]}},{"type":"Feature","properties":{"CVEGEO":"040020100","NOM_MUN":"Campeche","NOMGEO":"San Camilo (Chencollí)","CVE_AGEB":"079A","POB1":241.0,"POB8":88.0,"POB12":141.0,"POB24":12.0,"POB42":122.0,"POB84":119.0,"POB125_R":97.5,"POB126_R":70.9,"POB127_R":62.4,"POB128_R":8.5,"POB129_R":22.0,"OID":78,"denominacion_oficial":"C04_Loc_rur","modulo_asignado":"Mapa Base","instrumento_vigencia":"","fecha_actualizacion":"2026-07-29","fuente_custodio":"SCINCE_2020","responsable_institucional":"INEGI","proyeccion_original":"EPSG:6372","proyeccion_actual":"EPSG:4326","cobertura_territorial":"Estatal","restricciones_uso":"Público"},"geometry":{"type":"Point","coordinates":[-90.240628,19.796901]}},{"type":"Feature","properties":{"CVEGEO":"040020101","NOM_MUN":"Campeche","NOMGEO":"San Francisco Kobén","CVE_AGEB":"0766","POB1":1292.0,"POB8":376.0,"POB12":836.0,"POB24":80.0,"POB42":652.0,"POB84":640.0,"POB125_R":98.2,"POB126_R":54.5,"POB127_R":45.0,"POB128_R":9.6,"POB129_R":27.0,"OID":79,"denominacion_oficial":"C04_Loc_rur","modulo_asignado":"Mapa Base","instrumento_vigencia":"","fecha_actualizacion":"2026-07-29","fuente_custodio":"SCINCE_2020","responsable_institucional":"INEGI","proyeccion_original":"EPSG:6372","proyeccion_actual":"EPSG:4326","cobertura_territorial":"Estatal","restricciones_uso":"Público"},"geometry":{"type":"Point","coordinates":[-90.41711,19.916219]}},{"type":"Feature","properties":{"CVEGEO":"040020104","NOM_MUN":"Campeche","NOMGEO":"Tikinmul","CVE_AGEB":"079A","POB1":2029.0,"POB8":587.0,"POB12":1295.0,"POB24":147.0,"POB42":955.0,"POB84":1074.0,"POB125_R":112.5,"POB126_R":56.7,"POB127_R":45.3,"POB128_R":11.4,"POB129_R":26.0,"OID":80,"denominacion_oficial":"C04_Loc_rur","modulo_asignado":"Mapa Base","instrumento_vigencia":"","fecha_actualizacion":"2026-07-29","fuente_custodio":"SCINCE_2020","responsable_institucional":"INEGI","proyeccion_original":"EPSG:6372","proyeccion_actual":"EPSG:4326","cobertura_territorial":"Estatal","restricciones_uso":"Público"},"geometry":{"type":"Point","coordinates":[-90.223565,19.768445]}},{"type":"Feature","properties":{"CVEGEO":"040020105","NOM_MUN":"Campeche","NOMGEO":"Tixmucuy","CVE_AGEB":"0855","POB1":613.0,"POB8":173.0,"POB12":359.0,"POB24":81.0,"POB42":303.0,"POB84":310.0,"POB125_R":102.3,"POB126_R":70.8,"POB127_R":48.2,"POB128_R":22.6,"POB129_R":32.0,"OID":81,"denominacion_oficial":"C04_Loc_rur","modulo_asignado":"Mapa Base","instrumento_vigencia":"","fecha_actualizacion":"2026-07-29","fuente_custodio":"SCINCE_2020","responsable_institucional":"INEGI","proyeccion_original":"EPSG:6372","proyeccion_actual":"EPSG:4326","cobertura_territorial":"Estatal","restricciones_uso":"Público"},"geometry":{"type":"Point","coordinates":[-90.317133,19.582342]}},{"type":"Feature","properties":{"CVEGEO":"040020110","NOM_MUN":"Campeche","NOMGEO":"Alfredo V. Bonfil","CVE_AGEB":"0889","POB1":2416.0,"POB8":678.0,"POB12":1451.0,"POB24":287.0,"POB42":1215.0,"POB84":1201.0,"POB125_R":98.8,"POB126_R":66.5,"POB127_R":46.7,"POB128_R":19.8,"POB129_R":30.0,"OID":82,"denominacion_oficial":"C04_Loc_rur","modulo_asignado":"Mapa Base","instrumento_vigencia":"","fecha_actualizacion":"2026-07-29","fuente_custodio":"SCINCE_2020","responsable_institucional":"INEGI","proyeccion_original":"EPSG:6372","proyeccion_actual":"EPSG:4326","cobertura_territorial":"Estatal","restricciones_uso":"Público"},"geometry":{"type":"Point","coordinates":[-90.180686,19.528179]}},{"type":"Feature","properties":{"CVEGEO":"040020118","NOM_MUN":"Campeche","NOMGEO":"Pueblo Nuevo","CVE_AGEB":"0836","POB1":382.0,"POB8":115.0,"POB12":247.0,"POB24":20.0,"POB42":193.0,"POB84":189.0,"POB125_R":97.9,"POB126_R":54.7,"POB127_R":46.6,"POB128_R":8.1,"POB129_R":24.5,"OID":83,"denominacion_oficial":"C04_Loc_rur","modulo_asignado":"Mapa Base","instrumento_vigencia":"","fecha_actualizacion":"2026-07-29","fuente_custodio":"SCINCE_2020","responsable_institucional":"INEGI","proyeccion_original":"EPSG:6372","proyeccion_actual":"EPSG:4326","cobertura_territorial":"Estatal","restricciones_uso":"Público"},"geometry":{"type":"Point","coordinates":[-90.122743,19.747314]}},{"type":"Feature","properties":{"CVEGEO":"040020172","NOM_MUN":"Campeche","NOMGEO":"Melchor Ocampo","CVE_AGEB":"0906","POB1":1137.0,"POB8":313.0,"POB12":717.0,"POB24":107.0,"POB42":568.0,"POB84":569.0,"POB125_R":100.2,"POB126_R":58.6,"POB127_R":43.7,"POB128_R":14.9,"POB129_R":30.0,"OID":87,"denominacion_oficial":"C04_Loc_rur","modulo_asignado":"Mapa Base","instrumento_vigencia":"","fecha_actualizacion":"2026-07-29","fuente_custodio":"SCINCE_2020","responsable_institucional":"INEGI","proyeccion_original":"EPSG:6372","proyeccion_actual":"EPSG:4326","cobertura_territorial":"Estatal","restricciones_uso":"Público"},"geometry":{"type":"Point","coordinates":[-90.226349,19.373268]}},{"type":"Feature","properties":{"CVEGEO":"040020263","NOM_MUN":"Campeche","NOMGEO":"Quetzal Edzná","CVE_AGEB":"0893","POB1":1032.0,"POB8":355.0,"POB12":595.0,"POB24":82.0,"POB42":522.0,"POB84":510.0,"POB125_R":97.7,"POB126_R":73.4,"POB127_R":59.7,"POB128_R":13.8,"POB129_R":23.0,"OID":104,"denominacion_oficial":"C04_Loc_rur","modulo_asignado":"Mapa Base","instrumento_vigencia":"","fecha_actualizacion":"2026-07-29","fuente_custodio":"SCINCE_2020","responsable_institucional":"INEGI","proyeccion_original":"EPSG:6372","proyeccion_actual":"EPSG:4326","cobertura_territorial":"Estatal","restricciones_uso":"Público"},"geometry":{"type":"Point","coordinates":[-90.105477,19.459094]}},{"type":"Feature","properties":{"CVEGEO":"040020264","NOM_MUN":"Campeche","NOMGEO":"La Libertad","CVE_AGEB":"0893","POB1":509.0,"POB8":158.0,"POB12":320.0,"POB24":31.0,"POB42":241.0,"POB84":268.0,"POB125_R":111.2,"POB126_R":59.1,"POB127_R":49.4,"POB128_R":9.7,"POB129_R":24.0,"OID":105,"denominacion_oficial":"C04_Loc_rur","modulo_asignado":"Mapa Base","instrumento_vigencia":"","fecha_actualizacion":"2026-07-29","fuente_custodio":"SCINCE_2020","responsable_institucional":"INEGI","proyeccion_original":"EPSG:6372","proyeccion_actual":"EPSG:4326","cobertura_territorial":"Estatal","restricciones_uso":"Público"},"geometry":{"type":"Point","coordinates":[-90.104098,19.466081]}},{"type":"Feature","properties":{"CVEGEO":"040020281","NOM_MUN":"Campeche","NOMGEO":"San Luciano","CVE_AGEB":"0874","POB1":395.0,"POB8":132.0,"POB12":235.0,"POB24":28.0,"POB42":200.0,"POB84":195.0,"POB125_R":97.5,"POB126_R":68.1,"POB127_R":56.2,"POB128_R":11.9,"POB129_R":25.0,"OID":107,"denominacion_oficial":"C04_Loc_rur","modulo_asignado":"Mapa Base","instrumento_vigencia":"","fecha_actualizacion":"2026-07-29","fuente_custodio":"SCINCE_2020","responsable_institucional":"INEGI","proyeccion_original":"EPSG:6372","proyeccion_actual":"EPSG:4326","cobertura_territorial":"Estatal","restricciones_uso":"Público"},"geometry":{"type":"Point","coordinates":[-90.013801,19.498504]}},{"type":"Feature","properties":{"CVEGEO":"040020312","NOM_MUN":"Campeche","NOMGEO":"Kikab","CVE_AGEB":"0910","POB1":588.0,"POB8":193.0,"POB12":363.0,"POB24":32.0,"POB42":289.0,"POB84":299.0,"POB125_R":103.5,"POB126_R":62.0,"POB127_R":53.2,"POB128_R":8.8,"POB129_R":25.0,"OID":112,"denominacion_oficial":"C04_Loc_rur","modulo_asignado":"Mapa Base","instrumento_vigencia":"","fecha_actualizacion":"2026-07-29","fuente_custodio":"SCINCE_2020","responsable_institucional":"INEGI","proyeccion_original":"EPSG:6372","proyeccion_actual":"EPSG:4326","cobertura_territorial":"Estatal","restricciones_uso":"Público"},"geometry":{"type":"Point","coordinates":[-90.208898,19.289]}},{"type":"Feature","properties":{"CVEGEO":"040020313","NOM_MUN":"Campeche","NOMGEO":"Nuevo Pénjamo","CVE_AGEB":"0910","POB1":143.0,"POB8":47.0,"POB12":84.0,"POB24":12.0,"POB42":76.0,"POB84":67.0,"POB125_R":88.2,"POB126_R":70.2,"POB127_R":56.0,"POB128_R":14.3,"POB129_R":26.0,"OID":113,"denominacion_oficial":"C04_Loc_rur","modulo_asignado":"Mapa Base","instrumento_vigencia":"","fecha_actualizacion":"2026-07-29","fuente_custodio":"SCINCE_2020","responsable_institucional":"INEGI","proyeccion_original":"EPSG:6372","proyeccion_actual":"EPSG:4326","cobertura_territorial":"Estatal","restricciones_uso":"Público"},"geometry":{"type":"Point","coordinates":[-90.21047,19.309097]}},{"type":"Feature","properties":{"CVEGEO":"040020316","NOM_MUN":"Campeche","NOMGEO":"Adolfo Ruiz Cortí­nez","CVE_AGEB":"0855","POB1":427.0,"POB8":112.0,"POB12":274.0,"POB24":41.0,"POB42":211.0,"POB84":216.0,"POB125_R":102.4,"POB126_R":55.8,"POB127_R":40.9,"POB128_R":15.0,"POB129_R":28.0,"OID":114,"denominacion_oficial":"C04_Loc_rur","modulo_asignado":"Mapa Base","instrumento_vigencia":"","fecha_actualizacion":"2026-07-29","fuente_custodio":"SCINCE_2020","responsable_institucional":"INEGI","proyeccion_original":"EPSG:6372","proyeccion_actual":"EPSG:4326","cobertura_territorial":"Estatal","restricciones_uso":"Público"},"geometry":{"type":"Point","coordinates":[-90.359819,19.476342]}},{"type":"Feature","properties":{"CVEGEO":"040020318","NOM_MUN":"Campeche","NOMGEO":"San Miguel Allende","CVE_AGEB":"0893","POB1":262.0,"POB8":92.0,"POB12":139.0,"POB24":31.0,"POB42":119.0,"POB84":143.0,"POB125_R":120.2,"POB126_R":88.5,"POB127_R":66.2,"POB128_R":22.3,"POB129_R":25.0,"OID":115,"denominacion_oficial":"C04_Loc_rur","modulo_asignado":"Mapa Base","instrumento_vigencia":"","fecha_actualizacion":"2026-07-29","fuente_custodio":"SCINCE_2020","responsable_institucional":"INEGI","proyeccion_original":"EPSG:6372","proyeccion_actual":"EPSG:4326","cobertura_territorial":"Estatal","restricciones_uso":"Público"},"geometry":{"type":"Point","coordinates":[-89.995649,19.462406]}},{"type":"Feature","properties":{"CVEGEO":"040020338","NOM_MUN":"Campeche","NOMGEO":"San Francisco Kobén [Centro de Rehabilitación Social]","CVE_AGEB":"0766","POB1":300.0,"POB8":-6.0,"POB12":-6.0,"POB24":-6.0,"POB42":-6.0,"POB84":-6.0,"POB125_R":-6.0,"POB126_R":-6.0,"POB127_R":-6.0,"POB128_R":-6.0,"POB129_R":-6.0,"OID":121,"denominacion_oficial":"C04_Loc_rur","modulo_asignado":"Mapa Base","instrumento_vigencia":"","fecha_actualizacion":"2026-07-29","fuente_custodio":"SCINCE_2020","responsable_institucional":"INEGI","proyeccion_original":"EPSG:6372","proyeccion_actual":"EPSG:4326","cobertura_territorial":"Estatal","restricciones_uso":"Público"},"geometry":{"type":"Point","coordinates":[-90.420852,19.911252]}},{"type":"Feature","properties":{"CVEGEO":"040020711","NOM_MUN":"Campeche","NOMGEO":"Carlos Cano Cruz (Los Tlaxcaltecas)","CVE_AGEB":"0893","POB1":226.0,"POB8":64.0,"POB12":145.0,"POB24":17.0,"POB42":109.0,"POB84":117.0,"POB125_R":107.3,"POB126_R":55.9,"POB127_R":44.1,"POB128_R":11.7,"POB129_R":26.0,"OID":169,"denominacion_oficial":"C04_Loc_rur","modulo_asignado":"Mapa Base","instrumento_vigencia":"","fecha_actualizacion":"2026-07-29","fuente_custodio":"SCINCE_2020","responsable_institucional":"INEGI","proyeccion_original":"EPSG:6372","proyeccion_actual":"EPSG:4326","cobertura_territorial":"Estatal","restricciones_uso":"Público"},"geometry":{"type":"Point","coordinates":[-89.886794,19.369014]}},{"type":"Feature","properties":{"CVEGEO":"040020840","NOM_MUN":"Campeche","NOMGEO":"Sierra Verde de Cayal","CVE_AGEB":"0836","POB1":169.0,"POB8":74.0,"POB12":89.0,"POB24":6.0,"POB42":89.0,"POB84":80.0,"POB125_R":89.9,"POB126_R":89.9,"POB127_R":83.1,"POB128_R":6.7,"POB129_R":17.0,"OID":186,"denominacion_oficial":"C04_Loc_rur","modulo_asignado":"Mapa Base","instrumento_vigencia":"","fecha_actualizacion":"2026-07-29","fuente_custodio":"SCINCE_2020","responsable_institucional":"INEGI","proyeccion_original":"EPSG:6372","proyeccion_actual":"EPSG:4326","cobertura_territorial":"Estatal","restricciones_uso":"Público"},"geometry":{"type":"Point","coordinates":[-90.159989,19.653709]}},{"type":"Feature","properties":{"CVEGEO":"040020844","NOM_MUN":"Campeche","NOMGEO":"Nueva Esperanza","CVE_AGEB":"0874","POB1":118.0,"POB8":52.0,"POB12":61.0,"POB24":5.0,"POB42":63.0,"POB84":55.0,"POB125_R":87.3,"POB126_R":93.4,"POB127_R":85.2,"POB128_R":8.2,"POB129_R":19.0,"OID":188,"denominacion_oficial":"C04_Loc_rur","modulo_asignado":"Mapa Base","instrumento_vigencia":"","fecha_actualizacion":"2026-07-29","fuente_custodio":"SCINCE_2020","responsable_institucional":"INEGI","proyeccion_original":"EPSG:6372","proyeccion_actual":"EPSG:4326","cobertura_territorial":"Estatal","restricciones_uso":"Público"},"geometry":{"type":"Point","coordinates":[-89.996869,19.583252]}},{"type":"Feature","properties":{"CVEGEO":"040030013","NOM_MUN":"Carmen","NOMGEO":"Puerto Rico","CVE_AGEB":"1507","POB1":676.0,"POB8":217.0,"POB12":410.0,"POB24":46.0,"POB42":355.0,"POB84":321.0,"POB125_R":90.4,"POB126_R":64.1,"POB127_R":52.9,"POB128_R":11.2,"POB129_R":26.0,"OID":257,"denominacion_oficial":"C04_Loc_rur","modulo_asignado":"Mapa Base","instrumento_vigencia":"","fecha_actualizacion":"2026-07-29","fuente_custodio":"SCINCE_2020","responsable_institucional":"INEGI","proyeccion_original":"EPSG:6372","proyeccion_actual":"EPSG:4326","cobertura_territorial":"Estatal","restricciones_uso":"Público"},"geometry":{"type":"Point","coordinates":[-91.939061,18.620912]}},{"type":"Feature","properties":{"CVEGEO":"040030031","NOM_MUN":"Carmen","NOMGEO":"Santa Rita","CVE_AGEB":"1668","POB1":266.0,"POB8":88.0,"POB12":160.0,"POB24":18.0,"POB42":130.0,"POB84":136.0,"POB125_R":104.6,"POB126_R":66.3,"POB127_R":55.0,"POB128_R":11.3,"POB129_R":24.0,"OID":261,"denominacion_oficial":"C04_Loc_rur","modulo_asignado":"Mapa Base","instrumento_vigencia":"","fecha_actualizacion":"2026-07-29","fuente_custodio":"SCINCE_2020","responsable_institucional":"INEGI","proyeccion_original":"EPSG:6372","proyeccion_actual":"EPSG:4326","cobertura_territorial":"Estatal","restricciones_uso":"Público"},"geometry":{"type":"Point","coordinates":[-91.545686,18.323047]}},{"type":"Feature","properties":{"CVEGEO":"040030058","NOM_MUN":"Carmen","NOMGEO":"Abelardo L. Rodríguez","CVE_AGEB":"2276","POB1":1309.0,"POB8":381.0,"POB12":829.0,"POB24":99.0,"POB42":654.0,"POB84":655.0,"POB125_R":100.2,"POB126_R":57.9,"POB127_R":46.0,"POB128_R":11.9,"POB129_R":27.0,"OID":264,"denominacion_oficial":"C04_Loc_rur","modulo_asignado":"Mapa Base","instrumento_vigencia":"","fecha_actualizacion":"2026-07-29","fuente_custodio":"SCINCE_2020","responsable_institucional":"INEGI","proyeccion_original":"EPSG:6372","proyeccion_actual":"EPSG:4326","cobertura_territorial":"Estatal","restricciones_uso":"Público"},"geometry":{"type":"Point","coordinates":[-90.905236,18.728309]}},{"type":"Feature","properties":{"CVEGEO":"040030064","NOM_MUN":"Carmen","NOMGEO":"Ignacio Gutierrez","CVE_AGEB":"1437","POB1":893.0,"POB8":327.0,"POB12":508.0,"POB24":58.0,"POB42":451.0,"POB84":442.0,"POB125_R":98.0,"POB126_R":75.8,"POB127_R":64.4,"POB128_R":11.4,"POB129_R":23.0,"OID":265,"denominacion_oficial":"C04_Loc_rur","modulo_asignado":"Mapa Base","instrumento_vigencia":"","fecha_actualizacion":"2026-07-29","fuente_custodio":"SCINCE_2020","responsable_institucional":"INEGI","proyeccion_original":"EPSG:6372","proyeccion_actual":"EPSG:4326","cobertura_territorial":"Estatal","restricciones_uso":"Público"},"geometry":{"type":"Point","coordinates":[-90.944237,18.899881]}},{"type":"Feature","properties":{"CVEGEO":"040030065","NOM_MUN":"Carmen","NOMGEO":"José Marí­a Pino Suárez","CVE_AGEB":"2261","POB1":336.0,"POB8":99.0,"POB12":208.0,"POB24":29.0,"POB42":172.0,"POB84":164.0,"POB125_R":95.3,"POB126_R":61.5,"POB127_R":47.6,"POB128_R":13.9,"POB129_R":29.5,"OID":266,"denominacion_oficial":"C04_Loc_rur","modulo_asignado":"Mapa Base","instrumento_vigencia":"","fecha_actualizacion":"2026-07-29","fuente_custodio":"SCINCE_2020","responsable_institucional":"INEGI","proyeccion_original":"EPSG:6372","proyeccion_actual":"EPSG:4326","cobertura_territorial":"Estatal","restricciones_uso":"Público"},"geometry":{"type":"Point","coordinates":[-90.971653,18.718692]}},{"type":"Feature","properties":{"CVEGEO":"040030066","NOM_MUN":"Carmen","NOMGEO":"Plan de Ayala","CVE_AGEB":"1441","POB1":922.0,"POB8":271.0,"POB12":560.0,"POB24":91.0,"POB42":476.0,"POB84":446.0,"POB125_R":93.7,"POB126_R":64.6,"POB127_R":48.4,"POB128_R":16.3,"POB129_R":27.0,"OID":267,"denominacion_oficial":"C04_Loc_rur","modulo_asignado":"Mapa Base","instrumento_vigencia":"","fecha_actualizacion":"2026-07-29","fuente_custodio":"SCINCE_2020","responsable_institucional":"INEGI","proyeccion_original":"EPSG:6372","proyeccion_actual":"EPSG:4326","cobertura_territorial":"Estatal","restricciones_uso":"Público"},"geometry":{"type":"Point","coordinates":[-90.929274,18.777327]}},{"type":"Feature","properties":{"CVEGEO":"040030081","NOM_MUN":"Carmen","NOMGEO":"Chicbul","CVE_AGEB":"1441","POB1":1837.0,"POB8":548.0,"POB12":1148.0,"POB24":141.0,"POB42":937.0,"POB84":900.0,"POB125_R":96.1,"POB126_R":60.0,"POB127_R":47.7,"POB128_R":12.3,"POB129_R":27.0,"OID":270,"denominacion_oficial":"C04_Loc_rur","modulo_asignado":"Mapa Base","instrumento_vigencia":"","fecha_actualizacion":"2026-07-29","fuente_custodio":"SCINCE_2020","responsable_institucional":"INEGI","proyeccion_original":"EPSG:6372","proyeccion_actual":"EPSG:4326","cobertura_territorial":"Estatal","restricciones_uso":"Público"},"geometry":{"type":"Point","coordinates":[-90.923388,18.777131]}},{"type":"Feature","properties":{"CVEGEO":"040030082","NOM_MUN":"Carmen","NOMGEO":"Calax","CVE_AGEB":"1422","POB1":136.0,"POB8":53.0,"POB12":75.0,"POB24":8.0,"POB42":56.0,"POB84":80.0,"POB125_R":142.9,"POB126_R":81.3,"POB127_R":70.7,"POB128_R":10.7,"POB129_R":24.0,"OID":271,"denominacion_oficial":"C04_Loc_rur","modulo_asignado":"Mapa Base","instrumento_vigencia":"","fecha_actualizacion":"2026-07-29","fuente_custodio":"SCINCE_2020","responsable_institucional":"INEGI","proyeccion_original":"EPSG:6372","proyeccion_actual":"EPSG:4326","cobertura_territorial":"Estatal","restricciones_uso":"Público"},"geometry":{"type":"Point","coordinates":[-91.278167,18.857087]}},{"type":"Feature","properties":{"CVEGEO":"040030118","NOM_MUN":"Carmen","NOMGEO":"Nuevo Campechito","CVE_AGEB":"1456","POB1":470.0,"POB8":151.0,"POB12":298.0,"POB24":21.0,"POB42":207.0,"POB84":263.0,"POB125_R":127.1,"POB126_R":57.7,"POB127_R":50.7,"POB128_R":7.0,"POB129_R":25.0,"OID":279,"denominacion_oficial":"C04_Loc_rur","modulo_asignado":"Mapa Base","instrumento_vigencia":"","fecha_actualizacion":"2026-07-29","fuente_custodio":"SCINCE_2020","responsable_institucional":"INEGI","proyeccion_original":"EPSG:6372","proyeccion_actual":"EPSG:4326","cobertura_territorial":"Estatal","restricciones_uso":"Público"},"geometry":{"type":"Point","coordinates":[-92.465239,18.645004]}},{"type":"Feature","properties":{"CVEGEO":"040030262","NOM_MUN":"Carmen","NOMGEO":"Colonia Emiliano Zapata","CVE_AGEB":"1460","POB1":1454.0,"POB8":459.0,"POB12":927.0,"POB24":68.0,"POB42":704.0,"POB84":750.0,"POB125_R":106.5,"POB126_R":56.9,"POB127_R":49.5,"POB128_R":7.3,"POB129_R":24.0,"OID":286,"denominacion_oficial":"C04_Loc_rur","modulo_asignado":"Mapa Base","instrumento_vigencia":"","fecha_actualizacion":"2026-07-29","fuente_custodio":"SCINCE_2020","responsable_institucional":"INEGI","proyeccion_original":"EPSG:6372","proyeccion_actual":"EPSG:4326","cobertura_territorial":"Estatal","restricciones_uso":"Público"},"geometry":{"type":"Point","coordinates":[-92.311446,18.664832]}},{"type":"Feature","properties":{"CVEGEO":"040030364","NOM_MUN":"Carmen","NOMGEO":"Independencia","CVE_AGEB":"2721","POB1":443.0,"POB8":139.0,"POB12":273.0,"POB24":31.0,"POB42":220.0,"POB84":223.0,"POB125_R":101.4,"POB126_R":62.3,"POB127_R":50.9,"POB128_R":11.4,"POB129_R":24.0,"OID":291,"denominacion_oficial":"C04_Loc_rur","modulo_asignado":"Mapa Base","instrumento_vigencia":"","fecha_actualizacion":"2026-07-29","fuente_custodio":"SCINCE_2020","responsable_institucional":"INEGI","proyeccion_original":"EPSG:6372","proyeccion_actual":"EPSG:4326","cobertura_territorial":"Estatal","restricciones_uso":"Público"},"geometry":{"type":"Point","coordinates":[-90.976487,18.696016]}},{"type":"Feature","properties":{"CVEGEO":"040030460","NOM_MUN":"Carmen","NOMGEO":"Vista Alegre","CVE_AGEB":"1831","POB1":158.0,"POB8":65.0,"POB12":89.0,"POB24":4.0,"POB42":76.0,"POB84":82.0,"POB125_R":107.9,"POB126_R":77.5,"POB127_R":73.0,"POB128_R":4.5,"POB129_R":20.0,"OID":303,"denominacion_oficial":"C04_Loc_rur","modulo_asignado":"Mapa Base","instrumento_vigencia":"","fecha_actualizacion":"2026-07-29","fuente_custodio":"SCINCE_2020","responsable_institucional":"INEGI","proyeccion_original":"EPSG:6372","proyeccion_actual":"EPSG:4326","cobertura_territorial":"Estatal","restricciones_uso":"Público"},"geometry":{"type":"Point","coordinates":[-91.659913,18.042273]}},{"type":"Feature","properties":{"CVEGEO":"040030611","NOM_MUN":"Carmen","NOMGEO":"Checubul","CVE_AGEB":"1441","POB1":1776.0,"POB8":510.0,"POB12":1115.0,"POB24":151.0,"POB42":883.0,"POB84":893.0,"POB125_R":101.1,"POB126_R":59.3,"POB127_R":45.7,"POB128_R":13.5,"POB129_R":30.0,"OID":307,"denominacion_oficial":"C04_Loc_rur","modulo_asignado":"Mapa Base","instrumento_vigencia":"","fecha_actualizacion":"2026-07-29","fuente_custodio":"SCINCE_2020","responsable_institucional":"INEGI","proyeccion_original":"EPSG:6372","proyeccion_actual":"EPSG:4326","cobertura_territorial":"Estatal","restricciones_uso":"Público"},"geometry":{"type":"Point","coordinates":[-91.010427,18.825222]}},{"type":"Feature","properties":{"CVEGEO":"040030612","NOM_MUN":"Carmen","NOMGEO":"La Cristalina","CVE_AGEB":"2261","POB1":810.0,"POB8":244.0,"POB12":502.0,"POB24":64.0,"POB42":379.0,"POB84":431.0,"POB125_R":113.7,"POB126_R":61.4,"POB127_R":48.6,"POB128_R":12.7,"POB129_R":27.0,"OID":308,"denominacion_oficial":"C04_Loc_rur","modulo_asignado":"Mapa Base","instrumento_vigencia":"","fecha_actualizacion":"2026-07-29","fuente_custodio":"SCINCE_2020","responsable_institucional":"INEGI","proyeccion_original":"EPSG:6372","proyeccion_actual":"EPSG:4326","cobertura_territorial":"Estatal","restricciones_uso":"Público"},"geometry":{"type":"Point","coordinates":[-91.055971,18.729512]}},{"type":"Feature","properties":{"CVEGEO":"040030613","NOM_MUN":"Carmen","NOMGEO":"Nicolás Bravo","CVE_AGEB":"2261","POB1":334.0,"POB8":100.0,"POB12":203.0,"POB24":31.0,"POB42":166.0,"POB84":168.0,"POB125_R":101.2,"POB126_R":64.5,"POB127_R":49.3,"POB128_R":15.3,"POB129_R":28.5,"OID":309,"denominacion_oficial":"C04_Loc_rur","modulo_asignado":"Mapa Base","instrumento_vigencia":"","fecha_actualizacion":"2026-07-29","fuente_custodio":"SCINCE_2020","responsable_institucional":"INEGI","proyeccion_original":"EPSG:6372","proyeccion_actual":"EPSG:4326","cobertura_territorial":"Estatal","restricciones_uso":"Público"},"geometry":{"type":"Point","coordinates":[-90.967629,18.740637]}},{"type":"Feature","properties":{"CVEGEO":"040030811","NOM_MUN":"Carmen","NOMGEO":"Centauro del Norte","CVE_AGEB":"2219","POB1":250.0,"POB8":82.0,"POB12":145.0,"POB24":23.0,"POB42":119.0,"POB84":131.0,"POB125_R":110.1,"POB126_R":72.4,"POB127_R":56.6,"POB128_R":15.9,"POB129_R":27.0,"OID":323,"denominacion_oficial":"C04_Loc_rur","modulo_asignado":"Mapa Base","instrumento_vigencia":"","fecha_actualizacion":"2026-07-29","fuente_custodio":"SCINCE_2020","responsable_institucional":"INEGI","proyeccion_original":"EPSG:6372","proyeccion_actual":"EPSG:4326","cobertura_territorial":"Estatal","restricciones_uso":"Público"},"geometry":{"type":"Point","coordinates":[-91.536059,18.204699]}},{"type":"Feature","properties":{"CVEGEO":"040030829","NOM_MUN":"Carmen","NOMGEO":"Adolfo López Mateos","CVE_AGEB":"1441","POB1":296.0,"POB8":105.0,"POB12":175.0,"POB24":16.0,"POB42":138.0,"POB84":158.0,"POB125_R":114.5,"POB126_R":69.1,"POB127_R":60.0,"POB128_R":9.1,"POB129_R":27.0,"OID":325,"denominacion_oficial":"C04_Loc_rur","modulo_asignado":"Mapa Base","instrumento_vigencia":"","fecha_actualizacion":"2026-07-29","fuente_custodio":"SCINCE_2020","responsable_institucional":"INEGI","proyeccion_original":"EPSG:6372","proyeccion_actual":"EPSG:4326","cobertura_territorial":"Estatal","restricciones_uso":"Público"},"geometry":{"type":"Point","coordinates":[-90.886497,18.811116]}},{"type":"Feature","properties":{"CVEGEO":"040030830","NOM_MUN":"Carmen","NOMGEO":"La Nueva Esperanza","CVE_AGEB":"2257","POB1":287.0,"POB8":108.0,"POB12":167.0,"POB24":12.0,"POB42":152.0,"POB84":135.0,"POB125_R":88.8,"POB126_R":71.9,"POB127_R":64.7,"POB128_R":7.2,"POB129_R":25.0,"OID":326,"denominacion_oficial":"C04_Loc_rur","modulo_asignado":"Mapa Base","instrumento_vigencia":"","fecha_actualizacion":"2026-07-29","fuente_custodio":"SCINCE_2020","responsable_institucional":"INEGI","proyeccion_original":"EPSG:6372","proyeccion_actual":"EPSG:4326","cobertura_territorial":"Estatal","restricciones_uso":"Público"},"geometry":{"type":"Point","coordinates":[-91.120355,18.487335]}},{"type":"Feature","properties":{"CVEGEO":"040031138","NOM_MUN":"Carmen","NOMGEO":"Los Manantiales","CVE_AGEB":"2261","POB1":129.0,"POB8":42.0,"POB12":75.0,"POB24":12.0,"POB42":64.0,"POB84":65.0,"POB125_R":101.6,"POB126_R":72.0,"POB127_R":56.0,"POB128_R":16.0,"POB129_R":29.0,"OID":344,"denominacion_oficial":"C04_Loc_rur","modulo_asignado":"Mapa Base","instrumento_vigencia":"","fecha_actualizacion":"2026-07-29","fuente_custodio":"SCINCE_2020","responsable_institucional":"INEGI","proyeccion_original":"EPSG:6372","proyeccion_actual":"EPSG:4326","cobertura_territorial":"Estatal","restricciones_uso":"Público"},"geometry":{"type":"Point","coordinates":[-91.081465,18.715274]}},{"type":"Feature","properties":{"CVEGEO":"040031776","NOM_MUN":"Carmen","NOMGEO":"Oxcabal","CVE_AGEB":"1437","POB1":778.0,"POB8":251.0,"POB12":484.0,"POB24":43.0,"POB42":374.0,"POB84":404.0,"POB125_R":108.0,"POB126_R":60.7,"POB127_R":51.9,"POB128_R":8.9,"POB129_R":24.0,"OID":390,"denominacion_oficial":"C04_Loc_rur","modulo_asignado":"Mapa Base","instrumento_vigencia":"","fecha_actualizacion":"2026-07-29","fuente_custodio":"SCINCE_2020","responsable_institucional":"INEGI","proyeccion_original":"EPSG:6372","proyeccion_actual":"EPSG:4326","cobertura_territorial":"Estatal","restricciones_uso":"Público"},"geometry":{"type":"Point","coordinates":[-90.96668,18.863221]}},{"type":"Feature","properties":{"CVEGEO":"040032250","NOM_MUN":"Carmen","NOMGEO":"Murallas de Campeche","CVE_AGEB":"1668","POB1":117.0,"POB8":40.0,"POB12":64.0,"POB24":13.0,"POB42":60.0,"POB84":57.0,"POB125_R":95.0,"POB126_R":82.8,"POB127_R":62.5,"POB128_R":20.3,"POB129_R":27.0,"OID":420,"denominacion_oficial":"C04_Loc_rur","modulo_asignado":"Mapa Base","instrumento_vigencia":"","fecha_actualizacion":"2026-07-29","fuente_custodio":"SCINCE_2020","responsable_institucional":"INEGI","proyeccion_original":"EPSG:6372","proyeccion_actual":"EPSG:4326","cobertura_territorial":"Estatal","restricciones_uso":"Público"},"geometry":{"type":"Point","coordinates":[-91.583419,18.336093]}},{"type":"Feature","properties":{"CVEGEO":"040032251","NOM_MUN":"Carmen","NOMGEO":"Fernando Foglio Miramontes","CVE_AGEB":"1668","POB1":169.0,"POB8":62.0,"POB12":95.0,"POB24":12.0,"POB42":76.0,"POB84":93.0,"POB125_R":122.4,"POB126_R":77.9,"POB127_R":65.3,"POB128_R":12.6,"POB129_R":24.0,"OID":421,"denominacion_oficial":"C04_Loc_rur","modulo_asignado":"Mapa Base","instrumento_vigencia":"","fecha_actualizacion":"2026-07-29","fuente_custodio":"SCINCE_2020","responsable_institucional":"INEGI","proyeccion_original":"EPSG:6372","proyeccion_actual":"EPSG:4326","cobertura_territorial":"Estatal","restricciones_uso":"Público"},"geometry":{"type":"Point","coordinates":[-91.610111,18.323529]}},{"type":"Feature","properties":{"CVEGEO":"040033080","NOM_MUN":"Carmen","NOMGEO":"El Zapote","CVE_AGEB":"2609","POB1":133.0,"POB8":51.0,"POB12":76.0,"POB24":6.0,"POB42":59.0,"POB84":74.0,"POB125_R":125.4,"POB126_R":75.0,"POB127_R":67.1,"POB128_R":7.9,"POB129_R":22.0,"OID":500,"denominacion_oficial":"C04_Loc_rur","modulo_asignado":"Mapa Base","instrumento_vigencia":"","fecha_actualizacion":"2026-07-29","fuente_custodio":"SCINCE_2020","responsable_institucional":"INEGI","proyeccion_original":"EPSG:6372","proyeccion_actual":"EPSG:4326","cobertura_territorial":"Estatal","restricciones_uso":"Público"},"geometry":{"type":"Point","coordinates":[-91.801413,18.217362]}},{"type":"Feature","properties":{"CVEGEO":"040033155","NOM_MUN":"Carmen","NOMGEO":"Juan de la Cabada Vera","CVE_AGEB":"2223","POB1":542.0,"POB8":196.0,"POB12":320.0,"POB24":26.0,"POB42":257.0,"POB84":285.0,"POB125_R":110.9,"POB126_R":69.4,"POB127_R":61.3,"POB128_R":8.1,"POB129_R":23.0,"OID":512,"denominacion_oficial":"C04_Loc_rur","modulo_asignado":"Mapa Base","instrumento_vigencia":"","fecha_actualizacion":"2026-07-29","fuente_custodio":"SCINCE_2020","responsable_institucional":"INEGI","proyeccion_original":"EPSG:6372","proyeccion_actual":"EPSG:4326","cobertura_territorial":"Estatal","restricciones_uso":"Público"},"geometry":{"type":"Point","coordinates":[-91.436358,18.282495]}},{"type":"Feature","properties":{"CVEGEO":"040033217","NOM_MUN":"Carmen","NOMGEO":"El Aguacatal","CVE_AGEB":"2789","POB1":1353.0,"POB8":387.0,"POB12":827.0,"POB24":139.0,"POB42":686.0,"POB84":667.0,"POB125_R":97.2,"POB126_R":63.6,"POB127_R":46.8,"POB128_R":16.8,"POB129_R":28.0,"OID":523,"denominacion_oficial":"C04_Loc_rur","modulo_asignado":"Mapa Base","instrumento_vigencia":"","fecha_actualizacion":"2026-07-29","fuente_custodio":"SCINCE_2020","responsable_institucional":"INEGI","proyeccion_original":"EPSG:6372","proyeccion_actual":"EPSG:4326","cobertura_territorial":"Estatal","restricciones_uso":"Público"},"geometry":{"type":"Point","coordinates":[-91.511478,18.211739]}},{"type":"Feature","properties":{"CVEGEO":"040033235","NOM_MUN":"Carmen","NOMGEO":"Belisario Domí­nguez","CVE_AGEB":"2806","POB1":118.0,"POB8":26.0,"POB12":85.0,"POB24":7.0,"POB42":63.0,"POB84":55.0,"POB125_R":87.3,"POB126_R":38.8,"POB127_R":30.6,"POB128_R":8.2,"POB129_R":32.5,"OID":531,"denominacion_oficial":"C04_Loc_rur","modulo_asignado":"Mapa Base","instrumento_vigencia":"","fecha_actualizacion":"2026-07-29","fuente_custodio":"SCINCE_2020","responsable_institucional":"INEGI","proyeccion_original":"EPSG:6372","proyeccion_actual":"EPSG:4326","cobertura_territorial":"Estatal","restricciones_uso":"Público"},"geometry":{"type":"Point","coordinates":[-91.338191,18.174847]}},{"type":"Feature","properties":{"CVEGEO":"040033263","NOM_MUN":"Carmen","NOMGEO":"Conquista Campesina","CVE_AGEB":"2806","POB1":887.0,"POB8":260.0,"POB12":562.0,"POB24":65.0,"POB42":427.0,"POB84":460.0,"POB125_R":107.7,"POB126_R":57.8,"POB127_R":46.3,"POB128_R":11.6,"POB129_R":28.0,"OID":552,"denominacion_oficial":"C04_Loc_rur","modulo_asignado":"Mapa Base","instrumento_vigencia":"","fecha_actualizacion":"2026-07-29","fuente_custodio":"SCINCE_2020","responsable_institucional":"INEGI","proyeccion_original":"EPSG:6372","proyeccion_actual":"EPSG:4326","cobertura_territorial":"Estatal","restricciones_uso":"Público"},"geometry":{"type":"Point","coordinates":[-91.290091,18.178563]}},{"type":"Feature","properties":{"CVEGEO":"040033277","NOM_MUN":"Carmen","NOMGEO":"El Chinal","CVE_AGEB":"2806","POB1":213.0,"POB8":66.0,"POB12":132.0,"POB24":15.0,"POB42":103.0,"POB84":110.0,"POB125_R":106.8,"POB126_R":61.4,"POB127_R":50.0,"POB128_R":11.4,"POB129_R":27.0,"OID":558,"denominacion_oficial":"C04_Loc_rur","modulo_asignado":"Mapa Base","instrumento_vigencia":"","fecha_actualizacion":"2026-07-29","fuente_custodio":"SCINCE_2020","responsable_institucional":"INEGI","proyeccion_original":"EPSG:6372","proyeccion_actual":"EPSG:4326","cobertura_territorial":"Estatal","restricciones_uso":"Público"},"geometry":{"type":"Point","coordinates":[-91.408638,18.151746]}},{"type":"Feature","properties":{"CVEGEO":"040033304","NOM_MUN":"Carmen","NOMGEO":"Enrique Rodríguez Cano","CVE_AGEB":"1441","POB1":487.0,"POB8":147.0,"POB12":306.0,"POB24":34.0,"POB42":253.0,"POB84":234.0,"POB125_R":92.5,"POB126_R":59.2,"POB127_R":48.0,"POB128_R":11.1,"POB129_R":24.0,"OID":572,"denominacion_oficial":"C04_Loc_rur","modulo_asignado":"Mapa Base","instrumento_vigencia":"","fecha_actualizacion":"2026-07-29","fuente_custodio":"SCINCE_2020","responsable_institucional":"INEGI","proyeccion_original":"EPSG:6372","proyeccion_actual":"EPSG:4326","cobertura_territorial":"Estatal","restricciones_uso":"Público"},"geometry":{"type":"Point","coordinates":[-90.917329,18.670242]}},{"type":"Feature","properties":{"CVEGEO":"040033321","NOM_MUN":"Carmen","NOMGEO":"Felipe Ángeles","CVE_AGEB":"2740","POB1":454.0,"POB8":148.0,"POB12":271.0,"POB24":35.0,"POB42":211.0,"POB84":243.0,"POB125_R":115.2,"POB126_R":67.5,"POB127_R":54.6,"POB128_R":12.9,"POB129_R":24.0,"OID":577,"denominacion_oficial":"C04_Loc_rur","modulo_asignado":"Mapa Base","instrumento_vigencia":"","fecha_actualizacion":"2026-07-29","fuente_custodio":"SCINCE_2020","responsable_institucional":"INEGI","proyeccion_original":"EPSG:6372","proyeccion_actual":"EPSG:4326","cobertura_territorial":"Estatal","restricciones_uso":"Público"},"geometry":{"type":"Point","coordinates":[-91.025611,18.394733]}},{"type":"Feature","properties":{"CVEGEO":"040033333","NOM_MUN":"Carmen","NOMGEO":"Mamantel (Pancho Villa)","CVE_AGEB":"2736","POB1":1417.0,"POB8":400.0,"POB12":920.0,"POB24":97.0,"POB42":726.0,"POB84":691.0,"POB125_R":95.2,"POB126_R":54.0,"POB127_R":43.5,"POB128_R":10.5,"POB129_R":29.0,"OID":583,"denominacion_oficial":"C04_Loc_rur","modulo_asignado":"Mapa Base","instrumento_vigencia":"","fecha_actualizacion":"2026-07-29","fuente_custodio":"SCINCE_2020","responsable_institucional":"INEGI","proyeccion_original":"EPSG:6372","proyeccion_actual":"EPSG:4326","cobertura_territorial":"Estatal","restricciones_uso":"Público"},"geometry":{"type":"Point","coordinates":[-91.089399,18.525034]}},{"type":"Feature","properties":{"CVEGEO":"040033354","NOM_MUN":"Carmen","NOMGEO":"Ignacio Zaragoza","CVE_AGEB":"276A","POB1":387.0,"POB8":137.0,"POB12":218.0,"POB24":32.0,"POB42":190.0,"POB84":197.0,"POB125_R":103.7,"POB126_R":77.5,"POB127_R":62.8,"POB128_R":14.7,"POB129_R":26.0,"OID":588,"denominacion_oficial":"C04_Loc_rur","modulo_asignado":"Mapa Base","instrumento_vigencia":"","fecha_actualizacion":"2026-07-29","fuente_custodio":"SCINCE_2020","responsable_institucional":"INEGI","proyeccion_original":"EPSG:6372","proyeccion_actual":"EPSG:4326","cobertura_territorial":"Estatal","restricciones_uso":"Público"},"geometry":{"type":"Point","coordinates":[-91.306817,18.387536]}},{"type":"Feature","properties":{"CVEGEO":"040033395","NOM_MUN":"Carmen","NOMGEO":"Licenciado Gustavo Díaz Ordaz (18 de Marzo)","CVE_AGEB":"2721","POB1":1374.0,"POB8":430.0,"POB12":838.0,"POB24":106.0,"POB42":715.0,"POB84":659.0,"POB125_R":92.2,"POB126_R":64.0,"POB127_R":51.3,"POB128_R":12.6,"POB129_R":26.0,"OID":602,"denominacion_oficial":"C04_Loc_rur","modulo_asignado":"Mapa Base","instrumento_vigencia":"","fecha_actualizacion":"2026-07-29","fuente_custodio":"SCINCE_2020","responsable_institucional":"INEGI","proyeccion_original":"EPSG:6372","proyeccion_actual":"EPSG:4326","cobertura_territorial":"Estatal","restricciones_uso":"Público"},"geometry":{"type":"Point","coordinates":[-91.001718,18.631106]}},{"type":"Feature","properties":{"CVEGEO":"040033420","NOM_MUN":"Carmen","NOMGEO":"Nueva Chontalpa","CVE_AGEB":"2740","POB1":755.0,"POB8":215.0,"POB12":474.0,"POB24":66.0,"POB42":358.0,"POB84":397.0,"POB125_R":110.9,"POB126_R":59.3,"POB127_R":45.4,"POB128_R":13.9,"POB129_R":26.0,"OID":612,"denominacion_oficial":"C04_Loc_rur","modulo_asignado":"Mapa Base","instrumento_vigencia":"","fecha_actualizacion":"2026-07-29","fuente_custodio":"SCINCE_2020","responsable_institucional":"INEGI","proyeccion_original":"EPSG:6372","proyeccion_actual":"EPSG:4326","cobertura_territorial":"Estatal","restricciones_uso":"Público"},"geometry":{"type":"Point","coordinates":[-91.093761,18.477595]}},{"type":"Feature","properties":{"CVEGEO":"040033430","NOM_MUN":"Carmen","NOMGEO":"Ojo de Agua","CVE_AGEB":"2774","POB1":358.0,"POB8":109.0,"POB12":226.0,"POB24":20.0,"POB42":175.0,"POB84":183.0,"POB125_R":104.6,"POB126_R":57.1,"POB127_R":48.2,"POB128_R":8.8,"POB129_R":26.0,"OID":615,"denominacion_oficial":"C04_Loc_rur","modulo_asignado":"Mapa Base","instrumento_vigencia":"","fecha_actualizacion":"2026-07-29","fuente_custodio":"SCINCE_2020","responsable_institucional":"INEGI","proyeccion_original":"EPSG:6372","proyeccion_actual":"EPSG:4326","cobertura_territorial":"Estatal","restricciones_uso":"Público"},"geometry":{"type":"Point","coordinates":[-91.217848,18.342001]}},{"type":"Feature","properties":{"CVEGEO":"040033452","NOM_MUN":"Carmen","NOMGEO":"Pital Nuevo","CVE_AGEB":"2721","POB1":613.0,"POB8":177.0,"POB12":370.0,"POB24":66.0,"POB42":340.0,"POB84":273.0,"POB125_R":80.3,"POB126_R":65.7,"POB127_R":47.8,"POB128_R":17.8,"POB129_R":29.0,"OID":629,"denominacion_oficial":"C04_Loc_rur","modulo_asignado":"Mapa Base","instrumento_vigencia":"","fecha_actualizacion":"2026-07-29","fuente_custodio":"SCINCE_2020","responsable_institucional":"INEGI","proyeccion_original":"EPSG:6372","proyeccion_actual":"EPSG:4326","cobertura_territorial":"Estatal","restricciones_uso":"Público"},"geometry":{"type":"Point","coordinates":[-91.033079,18.59779]}},{"type":"Feature","properties":{"CVEGEO":"040033453","NOM_MUN":"Carmen","NOMGEO":"Pital Viejo","CVE_AGEB":"2736","POB1":314.0,"POB8":104.0,"POB12":194.0,"POB24":16.0,"POB42":162.0,"POB84":152.0,"POB125_R":93.8,"POB126_R":61.9,"POB127_R":53.6,"POB128_R":8.2,"POB129_R":23.0,"OID":630,"denominacion_oficial":"C04_Loc_rur","modulo_asignado":"Mapa Base","instrumento_vigencia":"","fecha_actualizacion":"2026-07-29","fuente_custodio":"SCINCE_2020","responsable_institucional":"INEGI","proyeccion_original":"EPSG:6372","proyeccion_actual":"EPSG:4326","cobertura_territorial":"Estatal","restricciones_uso":"Público"},"geometry":{"type":"Point","coordinates":[-91.124686,18.550441]}},{"type":"Feature","properties":{"CVEGEO":"040033477","NOM_MUN":"Carmen","NOMGEO":"Quebrache","CVE_AGEB":"2774","POB1":272.0,"POB8":85.0,"POB12":161.0,"POB24":26.0,"POB42":131.0,"POB84":141.0,"POB125_R":107.6,"POB126_R":68.9,"POB127_R":52.8,"POB128_R":16.1,"POB129_R":26.5,"OID":641,"denominacion_oficial":"C04_Loc_rur","modulo_asignado":"Mapa Base","instrumento_vigencia":"","fecha_actualizacion":"2026-07-29","fuente_custodio":"SCINCE_2020","responsable_institucional":"INEGI","proyeccion_original":"EPSG:6372","proyeccion_actual":"EPSG:4326","cobertura_territorial":"Estatal","restricciones_uso":"Público"},"geometry":{"type":"Point","coordinates":[-91.208255,18.299317]}},{"type":"Feature","properties":{"CVEGEO":"040033501","NOM_MUN":"Carmen","NOMGEO":"El Sacrificio","CVE_AGEB":"2806","POB1":162.0,"POB8":50.0,"POB12":102.0,"POB24":10.0,"POB42":82.0,"POB84":80.0,"POB125_R":97.6,"POB126_R":58.8,"POB127_R":49.0,"POB128_R":9.8,"POB129_R":25.5,"OID":648,"denominacion_oficial":"C04_Loc_rur","modulo_asignado":"Mapa Base","instrumento_vigencia":"","fecha_actualizacion":"2026-07-29","fuente_custodio":"SCINCE_2020","responsable_institucional":"INEGI","proyeccion_original":"EPSG:6372","proyeccion_actual":"EPSG:4326","cobertura_territorial":"Estatal","restricciones_uso":"Público"},"geometry":{"type":"Point","coordinates":[-91.35248,18.185319]}},{"type":"Feature","properties":{"CVEGEO":"040033531","NOM_MUN":"Carmen","NOMGEO":"San Isidro","CVE_AGEB":"2721","POB1":585.0,"POB8":158.0,"POB12":364.0,"POB24":63.0,"POB42":292.0,"POB84":293.0,"POB125_R":100.3,"POB126_R":60.7,"POB127_R":43.4,"POB128_R":17.3,"POB129_R":32.0,"OID":657,"denominacion_oficial":"C04_Loc_rur","modulo_asignado":"Mapa Base","instrumento_vigencia":"","fecha_actualizacion":"2026-07-29","fuente_custodio":"SCINCE_2020","responsable_institucional":"INEGI","proyeccion_original":"EPSG:6372","proyeccion_actual":"EPSG:4326","cobertura_territorial":"Estatal","restricciones_uso":"Público"},"geometry":{"type":"Point","coordinates":[-91.049721,18.632292]}},{"type":"Feature","properties":{"CVEGEO":"040033635","NOM_MUN":"Carmen","NOMGEO":"El Triunfo","CVE_AGEB":"2774","POB1":124.0,"POB8":36.0,"POB12":81.0,"POB24":7.0,"POB42":62.0,"POB84":62.0,"POB125_R":100.0,"POB126_R":53.1,"POB127_R":44.4,"POB128_R":8.6,"POB129_R":23.0,"OID":694,"denominacion_oficial":"C04_Loc_rur","modulo_asignado":"Mapa Base","instrumento_vigencia":"","fecha_actualizacion":"2026-07-29","fuente_custodio":"SCINCE_2020","responsable_institucional":"INEGI","proyeccion_original":"EPSG:6372","proyeccion_actual":"EPSG:4326","cobertura_territorial":"Estatal","restricciones_uso":"Público"},"geometry":{"type":"Point","coordinates":[-91.229913,18.249241]}},{"type":"Feature","properties":{"CVEGEO":"040033642","NOM_MUN":"Carmen","NOMGEO":"Venustiano Carranza","CVE_AGEB":"2806","POB1":272.0,"POB8":92.0,"POB12":158.0,"POB24":22.0,"POB42":130.0,"POB84":142.0,"POB125_R":109.2,"POB126_R":72.2,"POB127_R":58.2,"POB128_R":13.9,"POB129_R":25.5,"OID":698,"denominacion_oficial":"C04_Loc_rur","modulo_asignado":"Mapa Base","instrumento_vigencia":"","fecha_actualizacion":"2026-07-29","fuente_custodio":"SCINCE_2020","responsable_institucional":"INEGI","proyeccion_original":"EPSG:6372","proyeccion_actual":"EPSG:4326","cobertura_territorial":"Estatal","restricciones_uso":"Público"},"geometry":{"type":"Point","coordinates":[-91.350035,18.181226]}},{"type":"Feature","properties":{"CVEGEO":"040033781","NOM_MUN":"Carmen","NOMGEO":"El Arca","CVE_AGEB":"1437","POB1":141.0,"POB8":43.0,"POB12":90.0,"POB24":8.0,"POB42":68.0,"POB84":73.0,"POB125_R":107.4,"POB126_R":56.7,"POB127_R":47.8,"POB128_R":8.9,"POB129_R":28.0,"OID":733,"denominacion_oficial":"C04_Loc_rur","modulo_asignado":"Mapa Base","instrumento_vigencia":"","fecha_actualizacion":"2026-07-29","fuente_custodio":"SCINCE_2020","responsable_institucional":"INEGI","proyeccion_original":"EPSG:6372","proyeccion_actual":"EPSG:4326","cobertura_territorial":"Estatal","restricciones_uso":"Público"},"geometry":{"type":"Point","coordinates":[-90.911796,18.897828]}},{"type":"Feature","properties":{"CVEGEO":"040034012","NOM_MUN":"Carmen","NOMGEO":"Tumbo de la Montaña 2","CVE_AGEB":"2609","POB1":151.0,"POB8":44.0,"POB12":96.0,"POB24":11.0,"POB42":79.0,"POB84":72.0,"POB125_R":91.1,"POB126_R":57.3,"POB127_R":45.8,"POB128_R":11.5,"POB129_R":30.0,"OID":786,"denominacion_oficial":"C04_Loc_rur","modulo_asignado":"Mapa Base","instrumento_vigencia":"","fecha_actualizacion":"2026-07-29","fuente_custodio":"SCINCE_2020","responsable_institucional":"INEGI","proyeccion_original":"EPSG:6372","proyeccion_actual":"EPSG:4326","cobertura_territorial":"Estatal","restricciones_uso":"Público"},"geometry":{"type":"Point","coordinates":[-91.786229,18.185143]}},{"type":"Feature","properties":{"CVEGEO":"040034564","NOM_MUN":"Carmen","NOMGEO":"La Antorcha","CVE_AGEB":"1507","POB1":242.0,"POB8":62.0,"POB12":139.0,"POB24":22.0,"POB42":111.0,"POB84":131.0,"POB125_R":118.0,"POB126_R":60.4,"POB127_R":44.6,"POB128_R":15.8,"POB129_R":32.0,"OID":947,"denominacion_oficial":"C04_Loc_rur","modulo_asignado":"Mapa Base","instrumento_vigencia":"","fecha_actualizacion":"2026-07-29","fuente_custodio":"SCINCE_2020","responsable_institucional":"INEGI","proyeccion_original":"EPSG:6372","proyeccion_actual":"EPSG:4326","cobertura_territorial":"Estatal","restricciones_uso":"Público"},"geometry":{"type":"Point","coordinates":[-91.935306,18.634302]}},{"type":"Feature","properties":{"CVEGEO":"040040003","NOM_MUN":"Champotón","NOMGEO":"López Mateos (La Desconfianza)","CVE_AGEB":"1114","POB1":467.0,"POB8":124.0,"POB12":308.0,"POB24":35.0,"POB42":230.0,"POB84":237.0,"POB125_R":103.0,"POB126_R":51.6,"POB127_R":40.3,"POB128_R":11.4,"POB129_R":27.0,"OID":1032,"denominacion_oficial":"C04_Loc_rur","modulo_asignado":"Mapa Base","instrumento_vigencia":"","fecha_actualizacion":"2026-07-29","fuente_custodio":"SCINCE_2020","responsable_institucional":"INEGI","proyeccion_original":"EPSG:6372","proyeccion_actual":"EPSG:4326","cobertura_territorial":"Estatal","restricciones_uso":"Público"},"geometry":{"type":"Point","coordinates":[-90.564729,19.193472]}},{"type":"Feature","properties":{"CVEGEO":"040040004","NOM_MUN":"Champotón","NOMGEO":"Arellano","CVE_AGEB":"1082","POB1":598.0,"POB8":164.0,"POB12":387.0,"POB24":47.0,"POB42":285.0,"POB84":313.0,"POB125_R":109.8,"POB126_R":54.5,"POB127_R":42.4,"POB128_R":12.1,"POB129_R":27.0,"OID":1033,"denominacion_oficial":"C04_Loc_rur","modulo_asignado":"Mapa Base","instrumento_vigencia":"","fecha_actualizacion":"2026-07-29","fuente_custodio":"SCINCE_2020","responsable_institucional":"INEGI","proyeccion_original":"EPSG:6372","proyeccion_actual":"EPSG:4326","cobertura_territorial":"Estatal","restricciones_uso":"Público"},"geometry":{"type":"Point","coordinates":[-90.463483,19.377471]}},{"type":"Feature","properties":{"CVEGEO":"040040005","NOM_MUN":"Champotón","NOMGEO":"Canasayab","CVE_AGEB":"1114","POB1":234.0,"POB8":79.0,"POB12":133.0,"POB24":22.0,"POB42":116.0,"POB84":118.0,"POB125_R":101.7,"POB126_R":75.9,"POB127_R":59.4,"POB128_R":16.5,"POB129_R":28.5,"OID":1034,"denominacion_oficial":"C04_Loc_rur","modulo_asignado":"Mapa Base","instrumento_vigencia":"","fecha_actualizacion":"2026-07-29","fuente_custodio":"SCINCE_2020","responsable_institucional":"INEGI","proyeccion_original":"EPSG:6372","proyeccion_actual":"EPSG:4326","cobertura_territorial":"Estatal","restricciones_uso":"Público"},"geometry":{"type":"Point","coordinates":[-90.568641,19.296993]}},{"type":"Feature","properties":{"CVEGEO":"040040010","NOM_MUN":"Champotón","NOMGEO":"Aquiles Serdán (Chuiná)","CVE_AGEB":"1275","POB1":1016.0,"POB8":265.0,"POB12":648.0,"POB24":103.0,"POB42":506.0,"POB84":510.0,"POB125_R":100.8,"POB126_R":56.8,"POB127_R":40.9,"POB128_R":15.9,"POB129_R":28.0,"OID":1035,"denominacion_oficial":"C04_Loc_rur","modulo_asignado":"Mapa Base","instrumento_vigencia":"","fecha_actualizacion":"2026-07-29","fuente_custodio":"SCINCE_2020","responsable_institucional":"INEGI","proyeccion_original":"EPSG:6372","proyeccion_actual":"EPSG:4326","cobertura_territorial":"Estatal","restricciones_uso":"Público"},"geometry":{"type":"Point","coordinates":[-90.713369,18.963503]}},{"type":"Feature","properties":{"CVEGEO":"040040012","NOM_MUN":"Champotón","NOMGEO":"Profesor Graciano Sánchez","CVE_AGEB":"1275","POB1":568.0,"POB8":183.0,"POB12":356.0,"POB24":29.0,"POB42":283.0,"POB84":285.0,"POB125_R":100.7,"POB126_R":59.6,"POB127_R":51.4,"POB128_R":8.1,"POB129_R":24.0,"OID":1036,"denominacion_oficial":"C04_Loc_rur","modulo_asignado":"Mapa Base","instrumento_vigencia":"","fecha_actualizacion":"2026-07-29","fuente_custodio":"SCINCE_2020","responsable_institucional":"INEGI","proyeccion_original":"EPSG:6372","proyeccion_actual":"EPSG:4326","cobertura_territorial":"Estatal","restricciones_uso":"Público"},"geometry":{"type":"Point","coordinates":[-90.742648,18.804708]}},{"type":"Feature","properties":{"CVEGEO":"040040014","NOM_MUN":"Champotón","NOMGEO":"Hool","CVE_AGEB":"1059","POB1":1221.0,"POB8":338.0,"POB12":776.0,"POB24":107.0,"POB42":605.0,"POB84":616.0,"POB125_R":101.8,"POB126_R":57.3,"POB127_R":43.6,"POB128_R":13.8,"POB129_R":28.0,"OID":1037,"denominacion_oficial":"C04_Loc_rur","modulo_asignado":"Mapa Base","instrumento_vigencia":"","fecha_actualizacion":"2026-07-29","fuente_custodio":"SCINCE_2020","responsable_institucional":"INEGI","proyeccion_original":"EPSG:6372","proyeccion_actual":"EPSG:4326","cobertura_territorial":"Estatal","restricciones_uso":"Público"},"geometry":{"type":"Point","coordinates":[-90.445088,19.513711]}},{"type":"Feature","properties":{"CVEGEO":"040040016","NOM_MUN":"Champotón","NOMGEO":"La Joya","CVE_AGEB":"1063","POB1":1192.0,"POB8":318.0,"POB12":791.0,"POB24":82.0,"POB42":568.0,"POB84":624.0,"POB125_R":109.9,"POB126_R":50.6,"POB127_R":40.2,"POB128_R":10.4,"POB129_R":28.0,"OID":1038,"denominacion_oficial":"C04_Loc_rur","modulo_asignado":"Mapa Base","instrumento_vigencia":"","fecha_actualizacion":"2026-07-29","fuente_custodio":"SCINCE_2020","responsable_institucional":"INEGI","proyeccion_original":"EPSG:6372","proyeccion_actual":"EPSG:4326","cobertura_territorial":"Estatal","restricciones_uso":"Público"},"geometry":{"type":"Point","coordinates":[-90.675243,19.482976]}},{"type":"Feature","properties":{"CVEGEO":"040040017","NOM_MUN":"Champotón","NOMGEO":"Ciudad del Sol","CVE_AGEB":"1063","POB1":696.0,"POB8":167.0,"POB12":467.0,"POB24":59.0,"POB42":340.0,"POB84":356.0,"POB125_R":104.7,"POB126_R":48.4,"POB127_R":35.8,"POB128_R":12.6,"POB129_R":31.0,"OID":1039,"denominacion_oficial":"C04_Loc_rur","modulo_asignado":"Mapa Base","instrumento_vigencia":"","fecha_actualizacion":"2026-07-29","fuente_custodio":"SCINCE_2020","responsable_institucional":"INEGI","proyeccion_original":"EPSG:6372","proyeccion_actual":"EPSG:4326","cobertura_territorial":"Estatal","restricciones_uso":"Público"},"geometry":{"type":"Point","coordinates":[-90.702709,19.478347]}},{"type":"Feature","properties":{"CVEGEO":"040040019","NOM_MUN":"Champotón","NOMGEO":"Moquel","CVE_AGEB":"1078","POB1":705.0,"POB8":169.0,"POB12":475.0,"POB24":61.0,"POB42":359.0,"POB84":346.0,"POB125_R":96.4,"POB126_R":48.4,"POB127_R":35.6,"POB128_R":12.8,"POB129_R":35.0,"OID":1040,"denominacion_oficial":"C04_Loc_rur","modulo_asignado":"Mapa Base","instrumento_vigencia":"","fecha_actualizacion":"2026-07-29","fuente_custodio":"SCINCE_2020","responsable_institucional":"INEGI","proyeccion_original":"EPSG:6372","proyeccion_actual":"EPSG:4326","cobertura_territorial":"Estatal","restricciones_uso":"Público"},"geometry":{"type":"Point","coordinates":[-90.673686,19.352898]}},{"type":"Feature","properties":{"CVEGEO":"040040021","NOM_MUN":"Champotón","NOMGEO":"La Noria","CVE_AGEB":"1063","POB1":167.0,"POB8":48.0,"POB12":105.0,"POB24":14.0,"POB42":70.0,"POB84":97.0,"POB125_R":138.6,"POB126_R":59.0,"POB127_R":45.7,"POB128_R":13.3,"POB129_R":26.0,"OID":1041,"denominacion_oficial":"C04_Loc_rur","modulo_asignado":"Mapa Base","instrumento_vigencia":"","fecha_actualizacion":"2026-07-29","fuente_custodio":"SCINCE_2020","responsable_institucional":"INEGI","proyeccion_original":"EPSG:6372","proyeccion_actual":"EPSG:4326","cobertura_territorial":"Estatal","restricciones_uso":"Público"},"geometry":{"type":"Point","coordinates":[-90.663384,19.481874]}},{"type":"Feature","properties":{"CVEGEO":"040040024","NOM_MUN":"Champotón","NOMGEO":"San Pablo Pixtún","CVE_AGEB":"1152","POB1":1730.0,"POB8":480.0,"POB12":1096.0,"POB24":154.0,"POB42":854.0,"POB84":876.0,"POB125_R":102.6,"POB126_R":57.8,"POB127_R":43.8,"POB128_R":14.1,"POB129_R":28.0,"OID":1042,"denominacion_oficial":"C04_Loc_rur","modulo_asignado":"Mapa Base","instrumento_vigencia":"","fecha_actualizacion":"2026-07-29","fuente_custodio":"SCINCE_2020","responsable_institucional":"INEGI","proyeccion_original":"EPSG:6372","proyeccion_actual":"EPSG:4326","cobertura_territorial":"Estatal","restricciones_uso":"Público"},"geometry":{"type":"Point","coordinates":[-90.732438,19.13168]}},{"type":"Feature","properties":{"CVEGEO":"040040027","NOM_MUN":"Champotón","NOMGEO":"Pustunich","CVE_AGEB":"1171","POB1":725.0,"POB8":224.0,"POB12":455.0,"POB24":46.0,"POB42":338.0,"POB84":387.0,"POB125_R":114.5,"POB126_R":59.3,"POB127_R":49.2,"POB128_R":10.1,"POB129_R":27.0,"OID":1043,"denominacion_oficial":"C04_Loc_rur","modulo_asignado":"Mapa Base","instrumento_vigencia":"","fecha_actualizacion":"2026-07-29","fuente_custodio":"SCINCE_2020","responsable_institucional":"INEGI","proyeccion_original":"EPSG:6372","proyeccion_actual":"EPSG:4326","cobertura_territorial":"Estatal","restricciones_uso":"Público"},"geometry":{"type":"Point","coordinates":[-90.479426,19.145316]}},{"type":"Feature","properties":{"CVEGEO":"040040028","NOM_MUN":"Champotón","NOMGEO":"Revolución","CVE_AGEB":"1260","POB1":684.0,"POB8":196.0,"POB12":450.0,"POB24":38.0,"POB42":348.0,"POB84":336.0,"POB125_R":96.6,"POB126_R":52.0,"POB127_R":43.6,"POB128_R":8.4,"POB129_R":26.0,"OID":1044,"denominacion_oficial":"C04_Loc_rur","modulo_asignado":"Mapa Base","instrumento_vigencia":"","fecha_actualizacion":"2026-07-29","fuente_custodio":"SCINCE_2020","responsable_institucional":"INEGI","proyeccion_original":"EPSG:6372","proyeccion_actual":"EPSG:4326","cobertura_territorial":"Estatal","restricciones_uso":"Público"},"geometry":{"type":"Point","coordinates":[-90.731824,18.905414]}},{"type":"Feature","properties":{"CVEGEO":"040040033","NOM_MUN":"Champotón","NOMGEO":"San Juan Carpizo","CVE_AGEB":"1129","POB1":385.0,"POB8":119.0,"POB12":232.0,"POB24":34.0,"POB42":177.0,"POB84":208.0,"POB125_R":117.5,"POB126_R":65.9,"POB127_R":51.3,"POB128_R":14.7,"POB129_R":30.0,"OID":1046,"denominacion_oficial":"C04_Loc_rur","modulo_asignado":"Mapa Base","instrumento_vigencia":"","fecha_actualizacion":"2026-07-29","fuente_custodio":"SCINCE_2020","responsable_institucional":"INEGI","proyeccion_original":"EPSG:6372","proyeccion_actual":"EPSG:4326","cobertura_territorial":"Estatal","restricciones_uso":"Público"},"geometry":{"type":"Point","coordinates":[-90.46925,19.300733]}},{"type":"Feature","properties":{"CVEGEO":"040040038","NOM_MUN":"Champotón","NOMGEO":"Santa Cruz de Rovira","CVE_AGEB":"1082","POB1":131.0,"POB8":27.0,"POB12":92.0,"POB24":12.0,"POB42":64.0,"POB84":67.0,"POB125_R":104.7,"POB126_R":42.4,"POB127_R":29.3,"POB128_R":13.0,"POB129_R":28.0,"OID":1048,"denominacion_oficial":"C04_Loc_rur","modulo_asignado":"Mapa Base","instrumento_vigencia":"","fecha_actualizacion":"2026-07-29","fuente_custodio":"SCINCE_2020","responsable_institucional":"INEGI","proyeccion_original":"EPSG:6372","proyeccion_actual":"EPSG:4326","cobertura_territorial":"Estatal","restricciones_uso":"Público"},"geometry":{"type":"Point","coordinates":[-90.406611,19.408407]}},{"type":"Feature","properties":{"CVEGEO":"040040043","NOM_MUN":"Champotón","NOMGEO":"Vicente Guerrero","CVE_AGEB":"1097","POB1":332.0,"POB8":96.0,"POB12":204.0,"POB24":32.0,"POB42":169.0,"POB84":163.0,"POB125_R":96.4,"POB126_R":62.7,"POB127_R":47.1,"POB128_R":15.7,"POB129_R":30.0,"OID":1049,"denominacion_oficial":"C04_Loc_rur","modulo_asignado":"Mapa Base","instrumento_vigencia":"","fecha_actualizacion":"2026-07-29","fuente_custodio":"SCINCE_2020","responsable_institucional":"INEGI","proyeccion_original":"EPSG:6372","proyeccion_actual":"EPSG:4326","cobertura_territorial":"Estatal","restricciones_uso":"Público"},"geometry":{"type":"Point","coordinates":[-90.730599,19.218945]}},{"type":"Feature","properties":{"CVEGEO":"040040044","NOM_MUN":"Champotón","NOMGEO":"Villa de Guadalupe","CVE_AGEB":"1114","POB1":427.0,"POB8":111.0,"POB12":269.0,"POB24":47.0,"POB42":197.0,"POB84":230.0,"POB125_R":116.8,"POB126_R":58.7,"POB127_R":41.3,"POB128_R":17.5,"POB129_R":29.0,"OID":1050,"denominacion_oficial":"C04_Loc_rur","modulo_asignado":"Mapa Base","instrumento_vigencia":"","fecha_actualizacion":"2026-07-29","fuente_custodio":"SCINCE_2020","responsable_institucional":"INEGI","proyeccion_original":"EPSG:6372","proyeccion_actual":"EPSG:4326","cobertura_territorial":"Estatal","restricciones_uso":"Público"},"geometry":{"type":"Point","coordinates":[-90.461014,19.26952]}},{"type":"Feature","properties":{"CVEGEO":"040040047","NOM_MUN":"Champotón","NOMGEO":"Xbacab","CVE_AGEB":"1275","POB1":1972.0,"POB8":575.0,"POB12":1273.0,"POB24":124.0,"POB42":958.0,"POB84":1014.0,"POB125_R":105.8,"POB126_R":54.9,"POB127_R":45.2,"POB128_R":9.7,"POB129_R":26.0,"OID":1051,"denominacion_oficial":"C04_Loc_rur","modulo_asignado":"Mapa Base","instrumento_vigencia":"","fecha_actualizacion":"2026-07-29","fuente_custodio":"SCINCE_2020","responsable_institucional":"INEGI","proyeccion_original":"EPSG:6372","proyeccion_actual":"EPSG:4326","cobertura_territorial":"Estatal","restricciones_uso":"Público"},"geometry":{"type":"Point","coordinates":[-90.724316,18.939638]}},{"type":"Feature","properties":{"CVEGEO":"040040050","NOM_MUN":"Champotón","NOMGEO":"San Antonio Yacasay","CVE_AGEB":"1186","POB1":502.0,"POB8":152.0,"POB12":302.0,"POB24":48.0,"POB42":246.0,"POB84":256.0,"POB125_R":104.1,"POB126_R":66.2,"POB127_R":50.3,"POB128_R":15.9,"POB129_R":26.0,"OID":1052,"denominacion_oficial":"C04_Loc_rur","modulo_asignado":"Mapa Base","instrumento_vigencia":"","fecha_actualizacion":"2026-07-29","fuente_custodio":"SCINCE_2020","responsable_institucional":"INEGI","proyeccion_original":"EPSG:6372","proyeccion_actual":"EPSG:4326","cobertura_territorial":"Estatal","restricciones_uso":"Público"},"geometry":{"type":"Point","coordinates":[-90.395296,19.145835]}},{"type":"Feature","properties":{"CVEGEO":"040040051","NOM_MUN":"Champotón","NOMGEO":"Yohaltún","CVE_AGEB":"1190","POB1":666.0,"POB8":191.0,"POB12":411.0,"POB24":64.0,"POB42":321.0,"POB84":345.0,"POB125_R":107.5,"POB126_R":62.0,"POB127_R":46.5,"POB128_R":15.6,"POB129_R":29.0,"OID":1053,"denominacion_oficial":"C04_Loc_rur","modulo_asignado":"Mapa Base","instrumento_vigencia":"","fecha_actualizacion":"2026-07-29","fuente_custodio":"SCINCE_2020","responsable_institucional":"INEGI","proyeccion_original":"EPSG:6372","proyeccion_actual":"EPSG:4326","cobertura_territorial":"Estatal","restricciones_uso":"Público"},"geometry":{"type":"Point","coordinates":[-90.313719,19.011092]}},{"type":"Feature","properties":{"CVEGEO":"040040052","NOM_MUN":"Champotón","NOMGEO":"El Zapote","CVE_AGEB":"1078","POB1":225.0,"POB8":69.0,"POB12":136.0,"POB24":20.0,"POB42":109.0,"POB84":116.0,"POB125_R":106.4,"POB126_R":65.4,"POB127_R":50.7,"POB128_R":14.7,"POB129_R":29.0,"OID":1054,"denominacion_oficial":"C04_Loc_rur","modulo_asignado":"Mapa Base","instrumento_vigencia":"","fecha_actualizacion":"2026-07-29","fuente_custodio":"SCINCE_2020","responsable_institucional":"INEGI","proyeccion_original":"EPSG:6372","proyeccion_actual":"EPSG:4326","cobertura_territorial":"Estatal","restricciones_uso":"Público"},"geometry":{"type":"Point","coordinates":[-90.612979,19.286589]}},{"type":"Feature","properties":{"CVEGEO":"040040062","NOM_MUN":"Champotón","NOMGEO":"San José Carpizo Uno (San Fernando)","CVE_AGEB":"1078","POB1":355.0,"POB8":113.0,"POB12":215.0,"POB24":27.0,"POB42":174.0,"POB84":181.0,"POB125_R":104.0,"POB126_R":65.1,"POB127_R":52.6,"POB128_R":12.6,"POB129_R":26.0,"OID":1055,"denominacion_oficial":"C04_Loc_rur","modulo_asignado":"Mapa Base","instrumento_vigencia":"","fecha_actualizacion":"2026-07-29","fuente_custodio":"SCINCE_2020","responsable_institucional":"INEGI","proyeccion_original":"EPSG:6372","proyeccion_actual":"EPSG:4326","cobertura_territorial":"Estatal","restricciones_uso":"Público"},"geometry":{"type":"Point","coordinates":[-90.511998,19.4066]}},{"type":"Feature","properties":{"CVEGEO":"040040063","NOM_MUN":"Champotón","NOMGEO":"San José Carpizo Dos","CVE_AGEB":"1078","POB1":297.0,"POB8":79.0,"POB12":193.0,"POB24":25.0,"POB42":144.0,"POB84":153.0,"POB125_R":106.3,"POB126_R":53.9,"POB127_R":40.9,"POB128_R":13.0,"POB129_R":28.0,"OID":1056,"denominacion_oficial":"C04_Loc_rur","modulo_asignado":"Mapa Base","instrumento_vigencia":"","fecha_actualizacion":"2026-07-29","fuente_custodio":"SCINCE_2020","responsable_institucional":"INEGI","proyeccion_original":"EPSG:6372","proyeccion_actual":"EPSG:4326","cobertura_territorial":"Estatal","restricciones_uso":"Público"},"geometry":{"type":"Point","coordinates":[-90.577441,19.395282]}},{"type":"Feature","properties":{"CVEGEO":"040040082","NOM_MUN":"Champotón","NOMGEO":"Ulumal","CVE_AGEB":"110A","POB1":783.0,"POB8":171.0,"POB12":533.0,"POB24":79.0,"POB42":384.0,"POB84":399.0,"POB125_R":103.9,"POB126_R":46.9,"POB127_R":32.1,"POB128_R":14.8,"POB129_R":35.0,"OID":1057,"denominacion_oficial":"C04_Loc_rur","modulo_asignado":"Mapa Base","instrumento_vigencia":"","fecha_actualizacion":"2026-07-29","fuente_custodio":"SCINCE_2020","responsable_institucional":"INEGI","proyeccion_original":"EPSG:6372","proyeccion_actual":"EPSG:4326","cobertura_territorial":"Estatal","restricciones_uso":"Público"},"geometry":{"type":"Point","coordinates":[-90.623001,19.272996]}},{"type":"Feature","properties":{"CVEGEO":"040040086","NOM_MUN":"Champotón","NOMGEO":"Dzacabuchén","CVE_AGEB":"1237","POB1":244.0,"POB8":71.0,"POB12":141.0,"POB24":32.0,"POB42":123.0,"POB84":121.0,"POB125_R":98.4,"POB126_R":73.0,"POB127_R":50.4,"POB128_R":22.7,"POB129_R":33.0,"OID":1059,"denominacion_oficial":"C04_Loc_rur","modulo_asignado":"Mapa Base","instrumento_vigencia":"","fecha_actualizacion":"2026-07-29","fuente_custodio":"SCINCE_2020","responsable_institucional":"INEGI","proyeccion_original":"EPSG:6372","proyeccion_actual":"EPSG:4326","cobertura_territorial":"Estatal","restricciones_uso":"Público"},"geometry":{"type":"Point","coordinates":[-90.708734,19.04089]}},{"type":"Feature","properties":{"CVEGEO":"040040089","NOM_MUN":"Champotón","NOMGEO":"Chac Chaito","CVE_AGEB":"1186","POB1":345.0,"POB8":98.0,"POB12":209.0,"POB24":38.0,"POB42":179.0,"POB84":166.0,"POB125_R":92.7,"POB126_R":65.1,"POB127_R":46.9,"POB128_R":18.2,"POB129_R":28.0,"OID":1061,"denominacion_oficial":"C04_Loc_rur","modulo_asignado":"Mapa Base","instrumento_vigencia":"","fecha_actualizacion":"2026-07-29","fuente_custodio":"SCINCE_2020","responsable_institucional":"INEGI","proyeccion_original":"EPSG:6372","proyeccion_actual":"EPSG:4326","cobertura_territorial":"Estatal","restricciones_uso":"Público"},"geometry":{"type":"Point","coordinates":[-90.4078,19.051541]}},{"type":"Feature","properties":{"CVEGEO":"040040115","NOM_MUN":"Champotón","NOMGEO":"Ah-Kim-Pech","CVE_AGEB":"1190","POB1":197.0,"POB8":59.0,"POB12":121.0,"POB24":17.0,"POB42":96.0,"POB84":101.0,"POB125_R":105.2,"POB126_R":62.8,"POB127_R":48.8,"POB128_R":14.0,"POB129_R":25.0,"OID":1063,"denominacion_oficial":"C04_Loc_rur","modulo_asignado":"Mapa Base","instrumento_vigencia":"","fecha_actualizacion":"2026-07-29","fuente_custodio":"SCINCE_2020","responsable_institucional":"INEGI","proyeccion_original":"EPSG:6372","proyeccion_actual":"EPSG:4326","cobertura_territorial":"Estatal","restricciones_uso":"Público"},"geometry":{"type":"Point","coordinates":[-90.243543,18.999016]}},{"type":"Feature","properties":{"CVEGEO":"040040125","NOM_MUN":"Champotón","NOMGEO":"Buenaventura","CVE_AGEB":"1133","POB1":174.0,"POB8":45.0,"POB12":116.0,"POB24":13.0,"POB42":82.0,"POB84":92.0,"POB125_R":112.2,"POB126_R":50.0,"POB127_R":38.8,"POB128_R":11.2,"POB129_R":29.5,"OID":1064,"denominacion_oficial":"C04_Loc_rur","modulo_asignado":"Mapa Base","instrumento_vigencia":"","fecha_actualizacion":"2026-07-29","fuente_custodio":"SCINCE_2020","responsable_institucional":"INEGI","proyeccion_original":"EPSG:6372","proyeccion_actual":"EPSG:4326","cobertura_territorial":"Estatal","restricciones_uso":"Público"},"geometry":{"type":"Point","coordinates":[-90.270668,19.155991]}},{"type":"Feature","properties":{"CVEGEO":"040040130","NOM_MUN":"Champotón","NOMGEO":"Cañaveral","CVE_AGEB":"1171","POB1":333.0,"POB8":106.0,"POB12":187.0,"POB24":40.0,"POB42":157.0,"POB84":176.0,"POB125_R":112.1,"POB126_R":78.1,"POB127_R":56.7,"POB128_R":21.4,"POB129_R":28.0,"OID":1065,"denominacion_oficial":"C04_Loc_rur","modulo_asignado":"Mapa Base","instrumento_vigencia":"","fecha_actualizacion":"2026-07-29","fuente_custodio":"SCINCE_2020","responsable_institucional":"INEGI","proyeccion_original":"EPSG:6372","proyeccion_actual":"EPSG:4326","cobertura_territorial":"Estatal","restricciones_uso":"Público"},"geometry":{"type":"Point","coordinates":[-90.466869,19.216698]}},{"type":"Feature","properties":{"CVEGEO":"040040140","NOM_MUN":"Champotón","NOMGEO":"Chilam Balam","CVE_AGEB":"1190","POB1":196.0,"POB8":65.0,"POB12":117.0,"POB24":14.0,"POB42":96.0,"POB84":100.0,"POB125_R":104.2,"POB126_R":67.5,"POB127_R":55.6,"POB128_R":12.0,"POB129_R":28.0,"OID":1067,"denominacion_oficial":"C04_Loc_rur","modulo_asignado":"Mapa Base","instrumento_vigencia":"","fecha_actualizacion":"2026-07-29","fuente_custodio":"SCINCE_2020","responsable_institucional":"INEGI","proyeccion_original":"EPSG:6372","proyeccion_actual":"EPSG:4326","cobertura_territorial":"Estatal","restricciones_uso":"Público"},"geometry":{"type":"Point","coordinates":[-90.248475,19.001722]}},{"type":"Feature","properties":{"CVEGEO":"040040191","NOM_MUN":"Champotón","NOMGEO":"Maya Tecún I","CVE_AGEB":"1114","POB1":1344.0,"POB8":441.0,"POB12":826.0,"POB24":77.0,"POB42":681.0,"POB84":663.0,"POB125_R":97.4,"POB126_R":62.7,"POB127_R":53.4,"POB128_R":9.3,"POB129_R":24.0,"OID":1070,"denominacion_oficial":"C04_Loc_rur","modulo_asignado":"Mapa Base","instrumento_vigencia":"","fecha_actualizacion":"2026-07-29","fuente_custodio":"SCINCE_2020","responsable_institucional":"INEGI","proyeccion_original":"EPSG:6372","proyeccion_actual":"EPSG:4326","cobertura_territorial":"Estatal","restricciones_uso":"Público"},"geometry":{"type":"Point","coordinates":[-90.506113,19.153145]}},{"type":"Feature","properties":{"CVEGEO":"040040192","NOM_MUN":"Champotón","NOMGEO":"Maya Tecún II","CVE_AGEB":"1114","POB1":1022.0,"POB8":354.0,"POB12":609.0,"POB24":57.0,"POB42":523.0,"POB84":499.0,"POB125_R":95.4,"POB126_R":67.5,"POB127_R":58.1,"POB128_R":9.4,"POB129_R":23.0,"OID":1071,"denominacion_oficial":"C04_Loc_rur","modulo_asignado":"Mapa Base","instrumento_vigencia":"","fecha_actualizacion":"2026-07-29","fuente_custodio":"SCINCE_2020","responsable_institucional":"INEGI","proyeccion_original":"EPSG:6372","proyeccion_actual":"EPSG:4326","cobertura_territorial":"Estatal","restricciones_uso":"Público"},"geometry":{"type":"Point","coordinates":[-90.506599,19.164882]}},{"type":"Feature","properties":{"CVEGEO":"040040195","NOM_MUN":"Champotón","NOMGEO":"Kukulkán","CVE_AGEB":"1190","POB1":153.0,"POB8":46.0,"POB12":95.0,"POB24":12.0,"POB42":80.0,"POB84":73.0,"POB125_R":91.3,"POB126_R":61.1,"POB127_R":48.4,"POB128_R":12.6,"POB129_R":25.0,"OID":1072,"denominacion_oficial":"C04_Loc_rur","modulo_asignado":"Mapa Base","instrumento_vigencia":"","fecha_actualizacion":"2026-07-29","fuente_custodio":"SCINCE_2020","responsable_institucional":"INEGI","proyeccion_original":"EPSG:6372","proyeccion_actual":"EPSG:4326","cobertura_territorial":"Estatal","restricciones_uso":"Público"},"geometry":{"type":"Point","coordinates":[-90.247266,19.000301]}},{"type":"Feature","properties":{"CVEGEO":"040040218","NOM_MUN":"Champotón","NOMGEO":"Nayarit Castellot","CVE_AGEB":"1133","POB1":373.0,"POB8":105.0,"POB12":243.0,"POB24":25.0,"POB42":182.0,"POB84":191.0,"POB125_R":104.9,"POB126_R":53.5,"POB127_R":43.2,"POB128_R":10.3,"POB129_R":29.0,"OID":1075,"denominacion_oficial":"C04_Loc_rur","modulo_asignado":"Mapa Base","instrumento_vigencia":"","fecha_actualizacion":"2026-07-29","fuente_custodio":"SCINCE_2020","responsable_institucional":"INEGI","proyeccion_original":"EPSG:6372","proyeccion_actual":"EPSG:4326","cobertura_territorial":"Estatal","restricciones_uso":"Público"},"geometry":{"type":"Point","coordinates":[-90.250333,19.224456]}},{"type":"Feature","properties":{"CVEGEO":"040040220","NOM_MUN":"Champotón","NOMGEO":"López Portillo Número 2","CVE_AGEB":"1133","POB1":125.0,"POB8":50.0,"POB12":69.0,"POB24":6.0,"POB42":57.0,"POB84":68.0,"POB125_R":119.3,"POB126_R":81.2,"POB127_R":72.5,"POB128_R":8.7,"POB129_R":23.0,"OID":1076,"denominacion_oficial":"C04_Loc_rur","modulo_asignado":"Mapa Base","instrumento_vigencia":"","fecha_actualizacion":"2026-07-29","fuente_custodio":"SCINCE_2020","responsable_institucional":"INEGI","proyeccion_original":"EPSG:6372","proyeccion_actual":"EPSG:4326","cobertura_territorial":"Estatal","restricciones_uso":"Público"},"geometry":{"type":"Point","coordinates":[-90.254318,19.236171]}},{"type":"Feature","properties":{"CVEGEO":"040040233","NOM_MUN":"Champotón","NOMGEO":"El Porvenir","CVE_AGEB":"1063","POB1":410.0,"POB8":117.0,"POB12":266.0,"POB24":27.0,"POB42":192.0,"POB84":218.0,"POB125_R":113.5,"POB126_R":54.1,"POB127_R":44.0,"POB128_R":10.2,"POB129_R":28.0,"OID":1078,"denominacion_oficial":"C04_Loc_rur","modulo_asignado":"Mapa Base","instrumento_vigencia":"","fecha_actualizacion":"2026-07-29","fuente_custodio":"SCINCE_2020","responsable_institucional":"INEGI","proyeccion_original":"EPSG:6372","proyeccion_actual":"EPSG:4326","cobertura_territorial":"Estatal","restricciones_uso":"Público"},"geometry":{"type":"Point","coordinates":[-90.666621,19.464063]}},{"type":"Feature","properties":{"CVEGEO":"040040239","NOM_MUN":"Champotón","NOMGEO":"Nueva Esperanza Número 2 (Santo Domingo)","CVE_AGEB":"110A","POB1":232.0,"POB8":72.0,"POB12":149.0,"POB24":11.0,"POB42":115.0,"POB84":117.0,"POB125_R":101.7,"POB126_R":55.7,"POB127_R":48.3,"POB128_R":7.4,"POB129_R":24.0,"OID":1080,"denominacion_oficial":"C04_Loc_rur","modulo_asignado":"Mapa Base","instrumento_vigencia":"","fecha_actualizacion":"2026-07-29","fuente_custodio":"SCINCE_2020","responsable_institucional":"INEGI","proyeccion_original":"EPSG:6372","proyeccion_actual":"EPSG:4326","cobertura_territorial":"Estatal","restricciones_uso":"Público"},"geometry":{"type":"Point","coordinates":[-90.640178,19.196181]}},{"type":"Feature","properties":{"CVEGEO":"040040243","NOM_MUN":"Champotón","NOMGEO":"San Antonio del Río","CVE_AGEB":"1078","POB1":197.0,"POB8":56.0,"POB12":131.0,"POB24":10.0,"POB42":86.0,"POB84":111.0,"POB125_R":129.1,"POB126_R":50.4,"POB127_R":42.7,"POB128_R":7.6,"POB129_R":27.0,"OID":1082,"denominacion_oficial":"C04_Loc_rur","modulo_asignado":"Mapa Base","instrumento_vigencia":"","fecha_actualizacion":"2026-07-29","fuente_custodio":"SCINCE_2020","responsable_institucional":"INEGI","proyeccion_original":"EPSG:6372","proyeccion_actual":"EPSG:4326","cobertura_territorial":"Estatal","restricciones_uso":"Público"},"geometry":{"type":"Point","coordinates":[-90.554167,19.321944]}},{"type":"Feature","properties":{"CVEGEO":"040040256","NOM_MUN":"Champotón","NOMGEO":"San Miguel","CVE_AGEB":"1129","POB1":139.0,"POB8":41.0,"POB12":86.0,"POB24":12.0,"POB42":71.0,"POB84":68.0,"POB125_R":95.8,"POB126_R":61.6,"POB127_R":47.7,"POB128_R":14.0,"POB129_R":27.0,"OID":1085,"denominacion_oficial":"C04_Loc_rur","modulo_asignado":"Mapa Base","instrumento_vigencia":"","fecha_actualizacion":"2026-07-29","fuente_custodio":"SCINCE_2020","responsable_institucional":"INEGI","proyeccion_original":"EPSG:6372","proyeccion_actual":"EPSG:4326","cobertura_territorial":"Estatal","restricciones_uso":"Público"},"geometry":{"type":"Point","coordinates":[-90.466025,19.302756]}},{"type":"Feature","properties":{"CVEGEO":"040040442","NOM_MUN":"Champotón","NOMGEO":"Cinco de Febrero","CVE_AGEB":"1307","POB1":808.0,"POB8":250.0,"POB12":503.0,"POB24":55.0,"POB42":402.0,"POB84":406.0,"POB125_R":101.0,"POB126_R":60.6,"POB127_R":49.7,"POB128_R":10.9,"POB129_R":24.5,"OID":1101,"denominacion_oficial":"C04_Loc_rur","modulo_asignado":"Mapa Base","instrumento_vigencia":"","fecha_actualizacion":"2026-07-29","fuente_custodio":"SCINCE_2020","responsable_institucional":"INEGI","proyeccion_original":"EPSG:6372","proyeccion_actual":"EPSG:4326","cobertura_territorial":"Estatal","restricciones_uso":"Público"},"geometry":{"type":"Point","coordinates":[-90.633425,18.855757]}},{"type":"Feature","properties":{"CVEGEO":"040040448","NOM_MUN":"Champotón","NOMGEO":"Pixoyal","CVE_AGEB":"128A","POB1":575.0,"POB8":139.0,"POB12":369.0,"POB24":67.0,"POB42":267.0,"POB84":308.0,"POB125_R":115.4,"POB126_R":55.8,"POB127_R":37.7,"POB128_R":18.2,"POB129_R":30.0,"OID":1102,"denominacion_oficial":"C04_Loc_rur","modulo_asignado":"Mapa Base","instrumento_vigencia":"","fecha_actualizacion":"2026-07-29","fuente_custodio":"SCINCE_2020","responsable_institucional":"INEGI","proyeccion_original":"EPSG:6372","proyeccion_actual":"EPSG:4326","cobertura_territorial":"Estatal","restricciones_uso":"Público"},"geometry":{"type":"Point","coordinates":[-90.59802,18.933876]}},{"type":"Feature","properties":{"CVEGEO":"040040521","NOM_MUN":"Champotón","NOMGEO":"Villamar","CVE_AGEB":"1097","POB1":449.0,"POB8":139.0,"POB12":280.0,"POB24":30.0,"POB42":215.0,"POB84":234.0,"POB125_R":108.8,"POB126_R":60.4,"POB127_R":49.6,"POB128_R":10.7,"POB129_R":25.0,"OID":1114,"denominacion_oficial":"C04_Loc_rur","modulo_asignado":"Mapa Base","instrumento_vigencia":"","fecha_actualizacion":"2026-07-29","fuente_custodio":"SCINCE_2020","responsable_institucional":"INEGI","proyeccion_original":"EPSG:6372","proyeccion_actual":"EPSG:4326","cobertura_territorial":"Estatal","restricciones_uso":"Público"},"geometry":{"type":"Point","coordinates":[-90.772472,19.291598]}},{"type":"Feature","properties":{"CVEGEO":"040040642","NOM_MUN":"Champotón","NOMGEO":"Valle de Quetzalcóatl","CVE_AGEB":"1133","POB1":201.0,"POB8":60.0,"POB12":132.0,"POB24":9.0,"POB42":96.0,"POB84":105.0,"POB125_R":109.4,"POB126_R":52.3,"POB127_R":45.5,"POB128_R":6.8,"POB129_R":24.0,"OID":1128,"denominacion_oficial":"C04_Loc_rur","modulo_asignado":"Mapa Base","instrumento_vigencia":"","fecha_actualizacion":"2026-07-29","fuente_custodio":"SCINCE_2020","responsable_institucional":"INEGI","proyeccion_original":"EPSG:6372","proyeccion_actual":"EPSG:4326","cobertura_territorial":"Estatal","restricciones_uso":"Público"},"geometry":{"type":"Point","coordinates":[-90.242141,19.224097]}},{"type":"Feature","properties":{"CVEGEO":"040041603","NOM_MUN":"Champotón","NOMGEO":"Miguel Colorado","CVE_AGEB":"1701","POB1":983.0,"POB8":283.0,"POB12":617.0,"POB24":83.0,"POB42":514.0,"POB84":469.0,"POB125_R":91.2,"POB126_R":59.3,"POB127_R":45.9,"POB128_R":13.5,"POB129_R":30.0,"OID":1129,"denominacion_oficial":"C04_Loc_rur","modulo_asignado":"Mapa Base","instrumento_vigencia":"","fecha_actualizacion":"2026-07-29","fuente_custodio":"SCINCE_2020","responsable_institucional":"INEGI","proyeccion_original":"EPSG:6372","proyeccion_actual":"EPSG:4326","cobertura_territorial":"Estatal","restricciones_uso":"Público"},"geometry":{"type":"Point","coordinates":[-90.654999,18.78523]}},{"type":"Feature","properties":{"CVEGEO":"040041610","NOM_MUN":"Champotón","NOMGEO":"General Ortiz Ávila","CVE_AGEB":"1275","POB1":554.0,"POB8":172.0,"POB12":346.0,"POB24":36.0,"POB42":293.0,"POB84":261.0,"POB125_R":89.1,"POB126_R":60.1,"POB127_R":49.7,"POB128_R":10.4,"POB129_R":26.0,"OID":1130,"denominacion_oficial":"C04_Loc_rur","modulo_asignado":"Mapa Base","instrumento_vigencia":"","fecha_actualizacion":"2026-07-29","fuente_custodio":"SCINCE_2020","responsable_institucional":"INEGI","proyeccion_original":"EPSG:6372","proyeccion_actual":"EPSG:4326","cobertura_territorial":"Estatal","restricciones_uso":"Público"},"geometry":{"type":"Point","coordinates":[-90.726876,18.967385]}},{"type":"Feature","properties":{"CVEGEO":"040041614","NOM_MUN":"Champotón","NOMGEO":"Carlos Salinas de Gortari","CVE_AGEB":"1186","POB1":316.0,"POB8":92.0,"POB12":195.0,"POB24":29.0,"POB42":150.0,"POB84":166.0,"POB125_R":110.7,"POB126_R":62.1,"POB127_R":47.2,"POB128_R":14.9,"POB129_R":28.0,"OID":1131,"denominacion_oficial":"C04_Loc_rur","modulo_asignado":"Mapa Base","instrumento_vigencia":"","fecha_actualizacion":"2026-07-29","fuente_custodio":"SCINCE_2020","responsable_institucional":"INEGI","proyeccion_original":"EPSG:6372","proyeccion_actual":"EPSG:4326","cobertura_territorial":"Estatal","restricciones_uso":"Público"},"geometry":{"type":"Point","coordinates":[-90.266171,19.150925]}},{"type":"Feature","properties":{"CVEGEO":"040041615","NOM_MUN":"Champotón","NOMGEO":"Lázaro Cárdenas","CVE_AGEB":"128A","POB1":250.0,"POB8":75.0,"POB12":157.0,"POB24":18.0,"POB42":123.0,"POB84":127.0,"POB125_R":103.3,"POB126_R":59.2,"POB127_R":47.8,"POB128_R":11.5,"POB129_R":25.0,"OID":1132,"denominacion_oficial":"C04_Loc_rur","modulo_asignado":"Mapa Base","instrumento_vigencia":"","fecha_actualizacion":"2026-07-29","fuente_custodio":"SCINCE_2020","responsable_institucional":"INEGI","proyeccion_original":"EPSG:6372","proyeccion_actual":"EPSG:4326","cobertura_territorial":"Estatal","restricciones_uso":"Público"},"geometry":{"type":"Point","coordinates":[-90.565311,19.010418]}},{"type":"Feature","properties":{"CVEGEO":"040041618","NOM_MUN":"Champotón","NOMGEO":"Moch Cohuó","CVE_AGEB":"1190","POB1":114.0,"POB8":32.0,"POB12":73.0,"POB24":9.0,"POB42":54.0,"POB84":60.0,"POB125_R":111.1,"POB126_R":56.2,"POB127_R":43.8,"POB128_R":12.3,"POB129_R":26.5,"OID":1133,"denominacion_oficial":"C04_Loc_rur","modulo_asignado":"Mapa Base","instrumento_vigencia":"","fecha_actualizacion":"2026-07-29","fuente_custodio":"SCINCE_2020","responsable_institucional":"INEGI","proyeccion_original":"EPSG:6372","proyeccion_actual":"EPSG:4326","cobertura_territorial":"Estatal","restricciones_uso":"Público"},"geometry":{"type":"Point","coordinates":[-90.249678,19.000498]}},{"type":"Feature","properties":{"CVEGEO":"040041701","NOM_MUN":"Champotón","NOMGEO":"Dzitbalché Castellot","CVE_AGEB":"1186","POB1":216.0,"POB8":67.0,"POB12":142.0,"POB24":7.0,"POB42":110.0,"POB84":106.0,"POB125_R":96.4,"POB126_R":52.1,"POB127_R":47.2,"POB128_R":4.9,"POB129_R":24.5,"OID":1140,"denominacion_oficial":"C04_Loc_rur","modulo_asignado":"Mapa Base","instrumento_vigencia":"","fecha_actualizacion":"2026-07-29","fuente_custodio":"SCINCE_2020","responsable_institucional":"INEGI","proyeccion_original":"EPSG:6372","proyeccion_actual":"EPSG:4326","cobertura_territorial":"Estatal","restricciones_uso":"Público"},"geometry":{"type":"Point","coordinates":[-90.262287,19.152096]}},{"type":"Feature","properties":{"CVEGEO":"040041754","NOM_MUN":"Champotón","NOMGEO":"José María Morelos y Pavón","CVE_AGEB":"1152","POB1":706.0,"POB8":207.0,"POB12":434.0,"POB24":65.0,"POB42":343.0,"POB84":363.0,"POB125_R":105.8,"POB126_R":62.7,"POB127_R":47.7,"POB128_R":15.0,"POB129_R":27.0,"OID":1147,"denominacion_oficial":"C04_Loc_rur","modulo_asignado":"Mapa Base","instrumento_vigencia":"","fecha_actualizacion":"2026-07-29","fuente_custodio":"SCINCE_2020","responsable_institucional":"INEGI","proyeccion_original":"EPSG:6372","proyeccion_actual":"EPSG:4326","cobertura_territorial":"Estatal","restricciones_uso":"Público"},"geometry":{"type":"Point","coordinates":[-90.722437,19.092026]}},{"type":"Feature","properties":{"CVEGEO":"040041763","NOM_MUN":"Champotón","NOMGEO":"Ignacio López Rayón","CVE_AGEB":"1190","POB1":233.0,"POB8":82.0,"POB12":138.0,"POB24":13.0,"POB42":108.0,"POB84":125.0,"POB125_R":115.7,"POB126_R":68.8,"POB127_R":59.4,"POB128_R":9.4,"POB129_R":26.0,"OID":1149,"denominacion_oficial":"C04_Loc_rur","modulo_asignado":"Mapa Base","instrumento_vigencia":"","fecha_actualizacion":"2026-07-29","fuente_custodio":"SCINCE_2020","responsable_institucional":"INEGI","proyeccion_original":"EPSG:6372","proyeccion_actual":"EPSG:4326","cobertura_territorial":"Estatal","restricciones_uso":"Público"},"geometry":{"type":"Point","coordinates":[-90.244431,19.003056]}},{"type":"Feature","properties":{"CVEGEO":"040041765","NOM_MUN":"Champotón","NOMGEO":"Miguel Allende","CVE_AGEB":"1190","POB1":166.0,"POB8":46.0,"POB12":107.0,"POB24":13.0,"POB42":78.0,"POB84":88.0,"POB125_R":112.8,"POB126_R":55.1,"POB127_R":43.0,"POB128_R":12.1,"POB129_R":29.0,"OID":1151,"denominacion_oficial":"C04_Loc_rur","modulo_asignado":"Mapa Base","instrumento_vigencia":"","fecha_actualizacion":"2026-07-29","fuente_custodio":"SCINCE_2020","responsable_institucional":"INEGI","proyeccion_original":"EPSG:6372","proyeccion_actual":"EPSG:4326","cobertura_territorial":"Estatal","restricciones_uso":"Público"},"geometry":{"type":"Point","coordinates":[-90.309959,19.01096]}},{"type":"Feature","properties":{"CVEGEO":"040041766","NOM_MUN":"Champotón","NOMGEO":"Nuevo Paraíso [Módulo]","CVE_AGEB":"1190","POB1":211.0,"POB8":70.0,"POB12":122.0,"POB24":19.0,"POB42":105.0,"POB84":106.0,"POB125_R":101.0,"POB126_R":73.0,"POB127_R":57.4,"POB128_R":15.6,"POB129_R":29.0,"OID":1152,"denominacion_oficial":"C04_Loc_rur","modulo_asignado":"Mapa Base","instrumento_vigencia":"","fecha_actualizacion":"2026-07-29","fuente_custodio":"SCINCE_2020","responsable_institucional":"INEGI","proyeccion_original":"EPSG:6372","proyeccion_actual":"EPSG:4326","cobertura_territorial":"Estatal","restricciones_uso":"Público"},"geometry":{"type":"Point","coordinates":[-90.318328,19.016239]}},{"type":"Feature","properties":{"CVEGEO":"040041787","NOM_MUN":"Champotón","NOMGEO":"Punta Xen","CVE_AGEB":"1152","POB1":173.0,"POB8":60.0,"POB12":105.0,"POB24":8.0,"POB42":83.0,"POB84":90.0,"POB125_R":108.4,"POB126_R":64.8,"POB127_R":57.1,"POB128_R":7.6,"POB129_R":22.0,"OID":1157,"denominacion_oficial":"C04_Loc_rur","modulo_asignado":"Mapa Base","instrumento_vigencia":"","fecha_actualizacion":"2026-07-29","fuente_custodio":"SCINCE_2020","responsable_institucional":"INEGI","proyeccion_original":"EPSG:6372","proyeccion_actual":"EPSG:4326","cobertura_territorial":"Estatal","restricciones_uso":"Público"},"geometry":{"type":"Point","coordinates":[-90.90268,19.179518]}},{"type":"Feature","properties":{"CVEGEO":"040042148","NOM_MUN":"Champotón","NOMGEO":"Villa de las Flores","CVE_AGEB":"1097","POB1":208.0,"POB8":71.0,"POB12":128.0,"POB24":9.0,"POB42":96.0,"POB84":112.0,"POB125_R":116.7,"POB126_R":62.5,"POB127_R":55.5,"POB128_R":7.0,"POB129_R":26.0,"OID":1210,"denominacion_oficial":"C04_Loc_rur","modulo_asignado":"Mapa Base","instrumento_vigencia":"","fecha_actualizacion":"2026-07-29","fuente_custodio":"SCINCE_2020","responsable_institucional":"INEGI","proyeccion_original":"EPSG:6372","proyeccion_actual":"EPSG:4326","cobertura_territorial":"Estatal","restricciones_uso":"Público"},"geometry":{"type":"Point","coordinates":[-90.712374,19.328208]}},{"type":"Feature","properties":{"CVEGEO":"040042247","NOM_MUN":"Champotón","NOMGEO":"Kilómetro Sesenta y Siete (Venustiano Carranza)","CVE_AGEB":"1701","POB1":352.0,"POB8":99.0,"POB12":218.0,"POB24":35.0,"POB42":173.0,"POB84":179.0,"POB125_R":103.5,"POB126_R":61.5,"POB127_R":45.4,"POB128_R":16.1,"POB129_R":29.0,"OID":1232,"denominacion_oficial":"C04_Loc_rur","modulo_asignado":"Mapa Base","instrumento_vigencia":"","fecha_actualizacion":"2026-07-29","fuente_custodio":"SCINCE_2020","responsable_institucional":"INEGI","proyeccion_original":"EPSG:6372","proyeccion_actual":"EPSG:4326","cobertura_territorial":"Estatal","restricciones_uso":"Público"},"geometry":{"type":"Point","coordinates":[-90.731308,18.757284]}},{"type":"Feature","properties":{"CVEGEO":"040042356","NOM_MUN":"Champotón","NOMGEO":"Tres de Mayo","CVE_AGEB":"1097","POB1":173.0,"POB8":64.0,"POB12":109.0,"POB24":0.0,"POB42":82.0,"POB84":91.0,"POB125_R":111.0,"POB126_R":58.7,"POB127_R":58.7,"POB128_R":0.0,"POB129_R":19.0,"OID":1253,"denominacion_oficial":"C04_Loc_rur","modulo_asignado":"Mapa Base","instrumento_vigencia":"","fecha_actualizacion":"2026-07-29","fuente_custodio":"SCINCE_2020","responsable_institucional":"INEGI","proyeccion_original":"EPSG:6372","proyeccion_actual":"EPSG:4326","cobertura_territorial":"Estatal","restricciones_uso":"Público"},"geometry":{"type":"Point","coordinates":[-90.719159,19.323863]}},{"type":"Feature","properties":{"CVEGEO":"040050002","NOM_MUN":"Champotón","NOMGEO":"Cumpich","CVE_AGEB":"0202","POB1":1814.0,"POB8":550.0,"POB12":1128.0,"POB24":136.0,"POB42":899.0,"POB84":915.0,"POB125_R":101.8,"POB126_R":60.8,"POB127_R":48.8,"POB128_R":12.1,"POB129_R":27.0,"OID":1320,"denominacion_oficial":"C04_Loc_rur","modulo_asignado":"Mapa Base","instrumento_vigencia":"","fecha_actualizacion":"2026-07-29","fuente_custodio":"SCINCE_2020","responsable_institucional":"INEGI","proyeccion_original":"EPSG:6372","proyeccion_actual":"EPSG:4326","cobertura_territorial":"Estatal","restricciones_uso":"Público"},"geometry":{"type":"Point","coordinates":[-89.969959,20.18705]}},{"type":"Feature","properties":{"CVEGEO":"040050003","NOM_MUN":"Hopelchán","NOMGEO":"Chunkanán","CVE_AGEB":"0170","POB1":1100.0,"POB8":316.0,"POB12":726.0,"POB24":58.0,"POB42":531.0,"POB84":569.0,"POB125_R":107.2,"POB126_R":51.5,"POB127_R":43.5,"POB128_R":8.0,"POB129_R":24.0,"OID":1321,"denominacion_oficial":"C04_Loc_rur","modulo_asignado":"Mapa Base","instrumento_vigencia":"","fecha_actualizacion":"2026-07-29","fuente_custodio":"SCINCE_2020","responsable_institucional":"INEGI","proyeccion_original":"EPSG:6372","proyeccion_actual":"EPSG:4326","cobertura_territorial":"Estatal","restricciones_uso":"Público"},"geometry":{"type":"Point","coordinates":[-90.242382,20.246074]}},{"type":"Feature","properties":{"CVEGEO":"040050004","NOM_MUN":"Hopelchán","NOMGEO":"Dzitnup","CVE_AGEB":"019A","POB1":1050.0,"POB8":310.0,"POB12":681.0,"POB24":59.0,"POB42":538.0,"POB84":512.0,"POB125_R":95.2,"POB126_R":54.2,"POB127_R":45.5,"POB128_R":8.7,"POB129_R":28.0,"OID":1322,"denominacion_oficial":"C04_Loc_rur","modulo_asignado":"Mapa Base","instrumento_vigencia":"","fecha_actualizacion":"2026-07-29","fuente_custodio":"SCINCE_2020","responsable_institucional":"INEGI","proyeccion_original":"EPSG:6372","proyeccion_actual":"EPSG:4326","cobertura_territorial":"Estatal","restricciones_uso":"Público"},"geometry":{"type":"Point","coordinates":[-90.107408,20.186019]}},{"type":"Feature","properties":{"CVEGEO":"040050005","NOM_MUN":"Hopelchán","NOMGEO":"Nohalal","CVE_AGEB":"0236","POB1":600.0,"POB8":152.0,"POB12":417.0,"POB24":31.0,"POB42":308.0,"POB84":292.0,"POB125_R":94.8,"POB126_R":43.9,"POB127_R":36.5,"POB128_R":7.4,"POB129_R":27.0,"OID":1323,"denominacion_oficial":"C04_Loc_rur","modulo_asignado":"Mapa Base","instrumento_vigencia":"","fecha_actualizacion":"2026-07-29","fuente_custodio":"SCINCE_2020","responsable_institucional":"INEGI","proyeccion_original":"EPSG:6372","proyeccion_actual":"EPSG:4326","cobertura_territorial":"Estatal","restricciones_uso":"Público"},"geometry":{"type":"Point","coordinates":[-89.909113,20.10565]}},{"type":"Feature","properties":{"CVEGEO":"040050006","NOM_MUN":"Hopelchán","NOMGEO":"Pocboc","CVE_AGEB":"019A","POB1":1825.0,"POB8":437.0,"POB12":1210.0,"POB24":178.0,"POB42":900.0,"POB84":925.0,"POB125_R":102.8,"POB126_R":50.8,"POB127_R":36.1,"POB128_R":14.7,"POB129_R":31.0,"OID":1324,"denominacion_oficial":"C04_Loc_rur","modulo_asignado":"Mapa Base","instrumento_vigencia":"","fecha_actualizacion":"2026-07-29","fuente_custodio":"SCINCE_2020","responsable_institucional":"INEGI","proyeccion_original":"EPSG:6372","proyeccion_actual":"EPSG:4326","cobertura_territorial":"Estatal","restricciones_uso":"Público"},"geometry":{"type":"Point","coordinates":[-90.102767,20.237848]}},{"type":"Feature","properties":{"CVEGEO":"040050008","NOM_MUN":"Hopelchán","NOMGEO":"Santa Cruz","CVE_AGEB":"019A","POB1":1297.0,"POB8":344.0,"POB12":868.0,"POB24":85.0,"POB42":639.0,"POB84":658.0,"POB125_R":103.0,"POB126_R":49.4,"POB127_R":39.6,"POB128_R":9.8,"POB129_R":28.0,"OID":1325,"denominacion_oficial":"C04_Loc_rur","modulo_asignado":"Mapa Base","instrumento_vigencia":"","fecha_actualizacion":"2026-07-29","fuente_custodio":"SCINCE_2020","responsable_institucional":"INEGI","proyeccion_original":"EPSG:6372","proyeccion_actual":"EPSG:4326","cobertura_territorial":"Estatal","restricciones_uso":"Público"},"geometry":{"type":"Point","coordinates":[-90.117073,20.203673]}},{"type":"Feature","properties":{"CVEGEO":"040050009","NOM_MUN":"Hopelchán","NOMGEO":"Zodzil","CVE_AGEB":"0185","POB1":499.0,"POB8":119.0,"POB12":328.0,"POB24":52.0,"POB42":247.0,"POB84":252.0,"POB125_R":102.0,"POB126_R":52.1,"POB127_R":36.3,"POB128_R":15.9,"POB129_R":32.0,"OID":1326,"denominacion_oficial":"C04_Loc_rur","modulo_asignado":"Mapa Base","instrumento_vigencia":"","fecha_actualizacion":"2026-07-29","fuente_custodio":"SCINCE_2020","responsable_institucional":"INEGI","proyeccion_original":"EPSG:6372","proyeccion_actual":"EPSG:4326","cobertura_territorial":"Estatal","restricciones_uso":"Público"},"geometry":{"type":"Point","coordinates":[-90.228781,20.167551]}},{"type":"Feature","properties":{"CVEGEO":"040050011","NOM_MUN":"Hopelchán","NOMGEO":"Dzotchén","CVE_AGEB":"0202","POB1":280.0,"POB8":101.0,"POB12":168.0,"POB24":11.0,"POB42":137.0,"POB84":143.0,"POB125_R":104.4,"POB126_R":66.7,"POB127_R":60.1,"POB128_R":6.5,"POB129_R":23.0,"OID":1327,"denominacion_oficial":"C04_Loc_rur","modulo_asignado":"Mapa Base","instrumento_vigencia":"","fecha_actualizacion":"2026-07-29","fuente_custodio":"SCINCE_2020","responsable_institucional":"INEGI","proyeccion_original":"EPSG:6372","proyeccion_actual":"EPSG:4326","cobertura_territorial":"Estatal","restricciones_uso":"Público"},"geometry":{"type":"Point","coordinates":[-89.973495,20.205931]}},{"type":"Feature","properties":{"CVEGEO":"040050028","NOM_MUN":"Hopelchán","NOMGEO":"Montebello","CVE_AGEB":"0240","POB1":305.0,"POB8":94.0,"POB12":203.0,"POB24":8.0,"POB42":150.0,"POB84":155.0,"POB125_R":103.3,"POB126_R":50.2,"POB127_R":46.3,"POB128_R":3.9,"POB129_R":25.0,"OID":1328,"denominacion_oficial":"C04_Loc_rur","modulo_asignado":"Mapa Base","instrumento_vigencia":"","fecha_actualizacion":"2026-07-29","fuente_custodio":"SCINCE_2020","responsable_institucional":"INEGI","proyeccion_original":"EPSG:6372","proyeccion_actual":"EPSG:4326","cobertura_territorial":"Estatal","restricciones_uso":"Público"},"geometry":{"type":"Point","coordinates":[-89.960953,19.951793]}},{"type":"Feature","properties":{"CVEGEO":"040050045","NOM_MUN":"Hopelchán","NOMGEO":"Yalnón [Campo Menonita]","CVE_AGEB":"0240","POB1":1359.0,"POB8":672.0,"POB12":649.0,"POB24":38.0,"POB42":696.0,"POB84":663.0,"POB125_R":95.3,"POB126_R":109.4,"POB127_R":103.5,"POB128_R":5.9,"POB129_R":15.0,"OID":1330,"denominacion_oficial":"C04_Loc_rur","modulo_asignado":"Mapa Base","instrumento_vigencia":"","fecha_actualizacion":"2026-07-29","fuente_custodio":"SCINCE_2020","responsable_institucional":"INEGI","proyeccion_original":"EPSG:6372","proyeccion_actual":"EPSG:4326","cobertura_territorial":"Estatal","restricciones_uso":"Público"},"geometry":{"type":"Point","coordinates":[-89.923774,20.037501]}},{"type":"Feature","properties":{"CVEGEO":"040050065","NOM_MUN":"Hopelchán","NOMGEO":"Blanca Flor","CVE_AGEB":"019A","POB1":398.0,"POB8":128.0,"POB12":257.0,"POB24":13.0,"POB42":200.0,"POB84":198.0,"POB125_R":99.0,"POB126_R":54.9,"POB127_R":49.8,"POB128_R":5.1,"POB129_R":26.0,"OID":1333,"denominacion_oficial":"C04_Loc_rur","modulo_asignado":"Mapa Base","instrumento_vigencia":"","fecha_actualizacion":"2026-07-29","fuente_custodio":"SCINCE_2020","responsable_institucional":"INEGI","proyeccion_original":"EPSG:6372","proyeccion_actual":"EPSG:4326","cobertura_territorial":"Estatal","restricciones_uso":"Público"},"geometry":{"type":"Point","coordinates":[-90.037611,20.194926]}},{"type":"Feature","properties":{"CVEGEO":"040050092","NOM_MUN":"Hopelchán","NOMGEO":"Chaví Número Dos [Campo Menonita]","CVE_AGEB":"0240","POB1":128.0,"POB8":76.0,"POB12":52.0,"POB24":0.0,"POB42":55.0,"POB84":73.0,"POB125_R":132.7,"POB126_R":146.2,"POB127_R":146.2,"POB128_R":0.0,"POB129_R":10.0,"OID":1337,"denominacion_oficial":"C04_Loc_rur","modulo_asignado":"Mapa Base","instrumento_vigencia":"","fecha_actualizacion":"2026-07-29","fuente_custodio":"SCINCE_2020","responsable_institucional":"INEGI","proyeccion_original":"EPSG:6372","proyeccion_actual":"EPSG:4326","cobertura_territorial":"Estatal","restricciones_uso":"Público"},"geometry":{"type":"Point","coordinates":[-89.998099,19.964877]}},{"type":"Feature","properties":{"CVEGEO":"040060002","NOM_MUN":"Hopelchán","NOMGEO":"Becanchén","CVE_AGEB":"0568","POB1":1113.0,"POB8":322.0,"POB12":686.0,"POB24":105.0,"POB42":556.0,"POB84":557.0,"POB125_R":100.2,"POB126_R":62.2,"POB127_R":46.9,"POB128_R":15.3,"POB129_R":27.0,"OID":1345,"denominacion_oficial":"C04_Loc_rur","modulo_asignado":"Mapa Base","instrumento_vigencia":"","fecha_actualizacion":"2026-07-29","fuente_custodio":"SCINCE_2020","responsable_institucional":"INEGI","proyeccion_original":"EPSG:6372","proyeccion_actual":"EPSG:4326","cobertura_territorial":"Estatal","restricciones_uso":"Público"},"geometry":{"type":"Point","coordinates":[-89.871368,19.65131]}},{"type":"Feature","properties":{"CVEGEO":"040060006","NOM_MUN":"Hopelchán","NOMGEO":"Crucero San Luis","CVE_AGEB":"0568","POB1":671.0,"POB8":154.0,"POB12":460.0,"POB24":57.0,"POB42":325.0,"POB84":346.0,"POB125_R":106.5,"POB126_R":45.9,"POB127_R":33.5,"POB128_R":12.4,"POB129_R":31.0,"OID":1346,"denominacion_oficial":"C04_Loc_rur","modulo_asignado":"Mapa Base","instrumento_vigencia":"","fecha_actualizacion":"2026-07-29","fuente_custodio":"SCINCE_2020","responsable_institucional":"INEGI","proyeccion_original":"EPSG:6372","proyeccion_actual":"EPSG:4326","cobertura_territorial":"Estatal","restricciones_uso":"Público"},"geometry":{"type":"Point","coordinates":[-89.990221,19.699362]}},{"type":"Feature","properties":{"CVEGEO":"040060007","NOM_MUN":"Hopelchán","NOMGEO":"Chan-Chen","CVE_AGEB":"0746","POB1":323.0,"POB8":92.0,"POB12":217.0,"POB24":14.0,"POB42":155.0,"POB84":168.0,"POB125_R":108.4,"POB126_R":48.8,"POB127_R":42.4,"POB128_R":6.5,"POB129_R":22.0,"OID":1347,"denominacion_oficial":"C04_Loc_rur","modulo_asignado":"Mapa Base","instrumento_vigencia":"","fecha_actualizacion":"2026-07-29","fuente_custodio":"SCINCE_2020","responsable_institucional":"INEGI","proyeccion_original":"EPSG:6372","proyeccion_actual":"EPSG:4326","cobertura_territorial":"Estatal","restricciones_uso":"Público"},"geometry":{"type":"Point","coordinates":[-89.262977,19.208563]}},{"type":"Feature","properties":{"CVEGEO":"040060008","NOM_MUN":"Hopelchán","NOMGEO":"Chencoh","CVE_AGEB":"0642","POB1":509.0,"POB8":127.0,"POB12":322.0,"POB24":60.0,"POB42":256.0,"POB84":253.0,"POB125_R":98.8,"POB126_R":58.1,"POB127_R":39.4,"POB128_R":18.6,"POB129_R":31.0,"OID":1348,"denominacion_oficial":"C04_Loc_rur","modulo_asignado":"Mapa Base","instrumento_vigencia":"","fecha_actualizacion":"2026-07-29","fuente_custodio":"SCINCE_2020","responsable_institucional":"INEGI","proyeccion_original":"EPSG:6372","proyeccion_actual":"EPSG:4326","cobertura_territorial":"Estatal","restricciones_uso":"Público"},"geometry":{"type":"Point","coordinates":[-89.806848,19.422877]}},{"type":"Feature","properties":{"CVEGEO":"040060014","NOM_MUN":"Hopelchán","NOMGEO":"Chun-Ek","CVE_AGEB":"0746","POB1":203.0,"POB8":71.0,"POB12":125.0,"POB24":7.0,"POB42":106.0,"POB84":97.0,"POB125_R":91.5,"POB126_R":62.4,"POB127_R":56.8,"POB128_R":5.6,"POB129_R":20.0,"OID":1350,"denominacion_oficial":"C04_Loc_rur","modulo_asignado":"Mapa Base","instrumento_vigencia":"","fecha_actualizacion":"2026-07-29","fuente_custodio":"SCINCE_2020","responsable_institucional":"INEGI","proyeccion_original":"EPSG:6372","proyeccion_actual":"EPSG:4326","cobertura_territorial":"Estatal","restricciones_uso":"Público"},"geometry":{"type":"Point","coordinates":[-89.191517,19.185098]}},{"type":"Feature","properties":{"CVEGEO":"040060015","NOM_MUN":"Hopelchán","NOMGEO":"Chunchintok","CVE_AGEB":"0661","POB1":1076.0,"POB8":282.0,"POB12":685.0,"POB24":109.0,"POB42":534.0,"POB84":542.0,"POB125_R":101.5,"POB126_R":57.1,"POB127_R":41.2,"POB128_R":15.9,"POB129_R":30.0,"OID":1351,"denominacion_oficial":"C04_Loc_rur","modulo_asignado":"Mapa Base","instrumento_vigencia":"","fecha_actualizacion":"2026-07-29","fuente_custodio":"SCINCE_2020","responsable_institucional":"INEGI","proyeccion_original":"EPSG:6372","proyeccion_actual":"EPSG:4326","cobertura_territorial":"Estatal","restricciones_uso":"Público"},"geometry":{"type":"Point","coordinates":[-89.58164,19.361146]}},{"type":"Feature","properties":{"CVEGEO":"040060017","NOM_MUN":"Hopelchán","NOMGEO":"Chunyaxnic","CVE_AGEB":"0445","POB1":357.0,"POB8":102.0,"POB12":243.0,"POB24":12.0,"POB42":170.0,"POB84":187.0,"POB125_R":110.0,"POB126_R":46.9,"POB127_R":42.0,"POB128_R":4.9,"POB129_R":22.0,"OID":1352,"denominacion_oficial":"C04_Loc_rur","modulo_asignado":"Mapa Base","instrumento_vigencia":"","fecha_actualizacion":"2026-07-29","fuente_custodio":"SCINCE_2020","responsable_institucional":"INEGI","proyeccion_original":"EPSG:6372","proyeccion_actual":"EPSG:4326","cobertura_territorial":"Estatal","restricciones_uso":"Público"},"geometry":{"type":"Point","coordinates":[-89.810141,20.077694]}},{"type":"Feature","properties":{"CVEGEO":"040060019","NOM_MUN":"Hopelchán","NOMGEO":"Dzibalchén","CVE_AGEB":"0623","POB1":2387.0,"POB8":595.0,"POB12":1489.0,"POB24":303.0,"POB42":1194.0,"POB84":1193.0,"POB125_R":99.9,"POB126_R":60.3,"POB127_R":40.0,"POB128_R":20.3,"POB129_R":31.0,"OID":1353,"denominacion_oficial":"C04_Loc_rur","modulo_asignado":"Mapa Base","instrumento_vigencia":"","fecha_actualizacion":"2026-07-29","fuente_custodio":"SCINCE_2020","responsable_institucional":"INEGI","proyeccion_original":"EPSG:6372","proyeccion_actual":"EPSG:4326","cobertura_territorial":"Estatal","restricciones_uso":"Público"},"geometry":{"type":"Point","coordinates":[-89.731594,19.459235]}},{"type":"Feature","properties":{"CVEGEO":"040060024","NOM_MUN":"Hopelchán","NOMGEO":"Ich-Ek","CVE_AGEB":"052A","POB1":1008.0,"POB8":261.0,"POB12":658.0,"POB24":89.0,"POB42":498.0,"POB84":510.0,"POB125_R":102.4,"POB126_R":53.2,"POB127_R":39.7,"POB128_R":13.5,"POB129_R":30.0,"OID":1355,"denominacion_oficial":"C04_Loc_rur","modulo_asignado":"Mapa Base","instrumento_vigencia":"","fecha_actualizacion":"2026-07-29","fuente_custodio":"SCINCE_2020","responsable_institucional":"INEGI","proyeccion_original":"EPSG:6372","proyeccion_actual":"EPSG:4326","cobertura_territorial":"Estatal","restricciones_uso":"Público"},"geometry":{"type":"Point","coordinates":[-89.966717,19.732387]}},{"type":"Feature","properties":{"CVEGEO":"040060026","NOM_MUN":"Hopelchán","NOMGEO":"Cancabchén","CVE_AGEB":"0727","POB1":647.0,"POB8":189.0,"POB12":415.0,"POB24":43.0,"POB42":314.0,"POB84":333.0,"POB125_R":106.1,"POB126_R":55.9,"POB127_R":45.5,"POB128_R":10.4,"POB129_R":24.0,"OID":1356,"denominacion_oficial":"C04_Loc_rur","modulo_asignado":"Mapa Base","instrumento_vigencia":"","fecha_actualizacion":"2026-07-29","fuente_custodio":"SCINCE_2020","responsable_institucional":"INEGI","proyeccion_original":"EPSG:6372","proyeccion_actual":"EPSG:4326","cobertura_territorial":"Estatal","restricciones_uso":"Público"},"geometry":{"type":"Point","coordinates":[-89.634401,19.305589]}},{"type":"Feature","properties":{"CVEGEO":"040060027","NOM_MUN":"Hopelchán","NOMGEO":"Katab","CVE_AGEB":"0483","POB1":455.0,"POB8":121.0,"POB12":311.0,"POB24":23.0,"POB42":226.0,"POB84":229.0,"POB125_R":101.3,"POB126_R":46.3,"POB127_R":38.9,"POB128_R":7.4,"POB129_R":23.0,"OID":1357,"denominacion_oficial":"C04_Loc_rur","modulo_asignado":"Mapa Base","instrumento_vigencia":"","fecha_actualizacion":"2026-07-29","fuente_custodio":"SCINCE_2020","responsable_institucional":"INEGI","proyeccion_original":"EPSG:6372","proyeccion_actual":"EPSG:4326","cobertura_territorial":"Estatal","restricciones_uso":"Público"},"geometry":{"type":"Point","coordinates":[-89.843151,19.909478]}},{"type":"Feature","properties":{"CVEGEO":"040060029","NOM_MUN":"Hopelchán","NOMGEO":"Komchén","CVE_AGEB":"0572","POB1":645.0,"POB8":157.0,"POB12":423.0,"POB24":65.0,"POB42":326.0,"POB84":319.0,"POB125_R":97.9,"POB126_R":52.5,"POB127_R":37.1,"POB128_R":15.4,"POB129_R":29.0,"OID":1358,"denominacion_oficial":"C04_Loc_rur","modulo_asignado":"Mapa Base","instrumento_vigencia":"","fecha_actualizacion":"2026-07-29","fuente_custodio":"SCINCE_2020","responsable_institucional":"INEGI","proyeccion_original":"EPSG:6372","proyeccion_actual":"EPSG:4326","cobertura_territorial":"Estatal","restricciones_uso":"Público"},"geometry":{"type":"Point","coordinates":[-89.851901,19.594147]}},{"type":"Feature","properties":{"CVEGEO":"040060032","NOM_MUN":"Hopelchán","NOMGEO":"Pachuitz","CVE_AGEB":"077A","POB1":275.0,"POB8":82.0,"POB12":172.0,"POB24":21.0,"POB42":131.0,"POB84":144.0,"POB125_R":109.9,"POB126_R":59.9,"POB127_R":47.7,"POB128_R":12.2,"POB129_R":23.0,"OID":1359,"denominacion_oficial":"C04_Loc_rur","modulo_asignado":"Mapa Base","instrumento_vigencia":"","fecha_actualizacion":"2026-07-29","fuente_custodio":"SCINCE_2020","responsable_institucional":"INEGI","proyeccion_original":"EPSG:6372","proyeccion_actual":"EPSG:4326","cobertura_territorial":"Estatal","restricciones_uso":"Público"},"geometry":{"type":"Point","coordinates":[-89.248618,19.147494]}},{"type":"Feature","properties":{"CVEGEO":"040060033","NOM_MUN":"Hopelchán","NOMGEO":"Pakchén","CVE_AGEB":"0623","POB1":277.0,"POB8":78.0,"POB12":182.0,"POB24":17.0,"POB42":136.0,"POB84":141.0,"POB125_R":103.7,"POB126_R":52.2,"POB127_R":42.9,"POB128_R":9.3,"POB129_R":27.0,"OID":1360,"denominacion_oficial":"C04_Loc_rur","modulo_asignado":"Mapa Base","instrumento_vigencia":"","fecha_actualizacion":"2026-07-29","fuente_custodio":"SCINCE_2020","responsable_institucional":"INEGI","proyeccion_original":"EPSG:6372","proyeccion_actual":"EPSG:4326","cobertura_territorial":"Estatal","restricciones_uso":"Público"},"geometry":{"type":"Point","coordinates":[-89.792434,19.528561]}},{"type":"Feature","properties":{"CVEGEO":"040060037","NOM_MUN":"Hopelchán","NOMGEO":"Ramón Corona","CVE_AGEB":"0676","POB1":182.0,"POB8":64.0,"POB12":110.0,"POB24":8.0,"POB42":78.0,"POB84":104.0,"POB125_R":133.3,"POB126_R":65.5,"POB127_R":58.2,"POB128_R":7.3,"POB129_R":25.5,"OID":1361,"denominacion_oficial":"C04_Loc_rur","modulo_asignado":"Mapa Base","instrumento_vigencia":"","fecha_actualizacion":"2026-07-29","fuente_custodio":"SCINCE_2020","responsable_institucional":"INEGI","proyeccion_original":"EPSG:6372","proyeccion_actual":"EPSG:4326","cobertura_territorial":"Estatal","restricciones_uso":"Público"},"geometry":{"type":"Point","coordinates":[-89.461147,19.449956]}},{"type":"Feature","properties":{"CVEGEO":"040060041","NOM_MUN":"Hopelchán","NOMGEO":"San Antonio Yaxché","CVE_AGEB":"045A","POB1":583.0,"POB8":195.0,"POB12":344.0,"POB24":44.0,"POB42":307.0,"POB84":276.0,"POB125_R":89.9,"POB126_R":69.5,"POB127_R":56.7,"POB128_R":12.8,"POB129_R":24.0,"OID":1362,"denominacion_oficial":"C04_Loc_rur","modulo_asignado":"Mapa Base","instrumento_vigencia":"","fecha_actualizacion":"2026-07-29","fuente_custodio":"SCINCE_2020","responsable_institucional":"INEGI","proyeccion_original":"EPSG:6372","proyeccion_actual":"EPSG:4326","cobertura_territorial":"Estatal","restricciones_uso":"Público"},"geometry":{"type":"Point","coordinates":[-89.732515,20.113308]}},{"type":"Feature","properties":{"CVEGEO":"040060043","NOM_MUN":"Hopelchán","NOMGEO":"San Juan Bautista Sahcabchén","CVE_AGEB":"0479","POB1":416.0,"POB8":101.0,"POB12":240.0,"POB24":75.0,"POB42":205.0,"POB84":211.0,"POB125_R":102.9,"POB126_R":73.3,"POB127_R":42.1,"POB128_R":31.3,"POB129_R":34.0,"OID":1363,"denominacion_oficial":"C04_Loc_rur","modulo_asignado":"Mapa Base","instrumento_vigencia":"","fecha_actualizacion":"2026-07-29","fuente_custodio":"SCINCE_2020","responsable_institucional":"INEGI","proyeccion_original":"EPSG:6372","proyeccion_actual":"EPSG:4326","cobertura_territorial":"Estatal","restricciones_uso":"Público"},"geometry":{"type":"Point","coordinates":[-89.926668,19.874181]}},{"type":"Feature","properties":{"CVEGEO":"040060046","NOM_MUN":"Hopelchán","NOMGEO":"Suc-Tuc","CVE_AGEB":"052A","POB1":1432.0,"POB8":463.0,"POB12":898.0,"POB24":71.0,"POB42":690.0,"POB84":742.0,"POB125_R":107.5,"POB126_R":59.5,"POB127_R":51.6,"POB128_R":7.9,"POB129_R":24.0,"OID":1365,"denominacion_oficial":"C04_Loc_rur","modulo_asignado":"Mapa Base","instrumento_vigencia":"","fecha_actualizacion":"2026-07-29","fuente_custodio":"SCINCE_2020","responsable_institucional":"INEGI","proyeccion_original":"EPSG:6372","proyeccion_actual":"EPSG:4326","cobertura_territorial":"Estatal","restricciones_uso":"Público"},"geometry":{"type":"Point","coordinates":[-90.036512,19.712402]}},{"type":"Feature","properties":{"CVEGEO":"040060047","NOM_MUN":"Hopelchán","NOMGEO":"Xcanahaltún Huechil Unidos","CVE_AGEB":"045A","POB1":139.0,"POB8":34.0,"POB12":95.0,"POB24":10.0,"POB42":64.0,"POB84":75.0,"POB125_R":117.2,"POB126_R":46.3,"POB127_R":35.8,"POB128_R":10.5,"POB129_R":26.0,"OID":1366,"denominacion_oficial":"C04_Loc_rur","modulo_asignado":"Mapa Base","instrumento_vigencia":"","fecha_actualizacion":"2026-07-29","fuente_custodio":"SCINCE_2020","responsable_institucional":"INEGI","proyeccion_original":"EPSG:6372","proyeccion_actual":"EPSG:4326","cobertura_territorial":"Estatal","restricciones_uso":"Público"},"geometry":{"type":"Point","coordinates":[-89.818864,19.995356]}},{"type":"Feature","properties":{"CVEGEO":"040060048","NOM_MUN":"Hopelchán","NOMGEO":"Ukum","CVE_AGEB":"0695","POB1":2244.0,"POB8":723.0,"POB12":1397.0,"POB24":124.0,"POB42":1098.0,"POB84":1146.0,"POB125_R":104.4,"POB126_R":60.6,"POB127_R":51.8,"POB128_R":8.9,"POB129_R":24.0,"OID":1367,"denominacion_oficial":"C04_Loc_rur","modulo_asignado":"Mapa Base","instrumento_vigencia":"","fecha_actualizacion":"2026-07-29","fuente_custodio":"SCINCE_2020","responsable_institucional":"INEGI","proyeccion_original":"EPSG:6372","proyeccion_actual":"EPSG:4326","cobertura_territorial":"Estatal","restricciones_uso":"Público"},"geometry":{"type":"Point","coordinates":[-89.335258,19.242132]}},{"type":"Feature","properties":{"CVEGEO":"040060049","NOM_MUN":"Hopelchán","NOMGEO":"Xcalot Akal","CVE_AGEB":"0483","POB1":182.0,"POB8":61.0,"POB12":113.0,"POB24":8.0,"POB42":82.0,"POB84":100.0,"POB125_R":122.0,"POB126_R":61.1,"POB127_R":54.0,"POB128_R":7.1,"POB129_R":22.0,"OID":1368,"denominacion_oficial":"C04_Loc_rur","modulo_asignado":"Mapa Base","instrumento_vigencia":"","fecha_actualizacion":"2026-07-29","fuente_custodio":"SCINCE_2020","responsable_institucional":"INEGI","proyeccion_original":"EPSG:6372","proyeccion_actual":"EPSG:4326","cobertura_territorial":"Estatal","restricciones_uso":"Público"},"geometry":{"type":"Point","coordinates":[-89.816819,19.938166]}},{"type":"Feature","properties":{"CVEGEO":"040060050","NOM_MUN":"Hopelchán","NOMGEO":"El Poste","CVE_AGEB":"0483","POB1":278.0,"POB8":78.0,"POB12":183.0,"POB24":17.0,"POB42":141.0,"POB84":137.0,"POB125_R":97.2,"POB126_R":51.9,"POB127_R":42.6,"POB128_R":9.3,"POB129_R":23.0,"OID":1369,"denominacion_oficial":"C04_Loc_rur","modulo_asignado":"Mapa Base","instrumento_vigencia":"","fecha_actualizacion":"2026-07-29","fuente_custodio":"SCINCE_2020","responsable_institucional":"INEGI","proyeccion_original":"EPSG:6372","proyeccion_actual":"EPSG:4326","cobertura_territorial":"Estatal","restricciones_uso":"Público"},"geometry":{"type":"Point","coordinates":[-89.828152,19.860173]}},{"type":"Feature","properties":{"CVEGEO":"040060053","NOM_MUN":"Hopelchán","NOMGEO":"Xculoc","CVE_AGEB":"0445","POB1":472.0,"POB8":123.0,"POB12":323.0,"POB24":26.0,"POB42":212.0,"POB84":260.0,"POB125_R":122.6,"POB126_R":46.1,"POB127_R":38.1,"POB128_R":8.0,"POB129_R":25.5,"OID":1370,"denominacion_oficial":"C04_Loc_rur","modulo_asignado":"Mapa Base","instrumento_vigencia":"","fecha_actualizacion":"2026-07-29","fuente_custodio":"SCINCE_2020","responsable_institucional":"INEGI","proyeccion_original":"EPSG:6372","proyeccion_actual":"EPSG:4326","cobertura_territorial":"Estatal","restricciones_uso":"Público"},"geometry":{"type":"Point","coordinates":[-89.828379,20.187479]}},{"type":"Feature","properties":{"CVEGEO":"040060054","NOM_MUN":"Hopelchán","NOMGEO":"Xcupil","CVE_AGEB":"0568","POB1":802.0,"POB8":202.0,"POB12":497.0,"POB24":101.0,"POB42":392.0,"POB84":410.0,"POB125_R":104.6,"POB126_R":61.0,"POB127_R":40.6,"POB128_R":20.3,"POB129_R":30.0,"OID":1371,"denominacion_oficial":"C04_Loc_rur","modulo_asignado":"Mapa Base","instrumento_vigencia":"","fecha_actualizacion":"2026-07-29","fuente_custodio":"SCINCE_2020","responsable_institucional":"INEGI","proyeccion_original":"EPSG:6372","proyeccion_actual":"EPSG:4326","cobertura_territorial":"Estatal","restricciones_uso":"Público"},"geometry":{"type":"Point","coordinates":[-89.859878,19.666497]}},{"type":"Feature","properties":{"CVEGEO":"040060056","NOM_MUN":"Hopelchán","NOMGEO":"X-Canhá","CVE_AGEB":"0765","POB1":476.0,"POB8":145.0,"POB12":311.0,"POB24":20.0,"POB42":227.0,"POB84":249.0,"POB125_R":109.7,"POB126_R":53.1,"POB127_R":46.6,"POB128_R":6.4,"POB129_R":21.0,"OID":1372,"denominacion_oficial":"C04_Loc_rur","modulo_asignado":"Mapa Base","instrumento_vigencia":"","fecha_actualizacion":"2026-07-29","fuente_custodio":"SCINCE_2020","responsable_institucional":"INEGI","proyeccion_original":"EPSG:6372","proyeccion_actual":"EPSG:4326","cobertura_territorial":"Estatal","restricciones_uso":"Público"},"geometry":{"type":"Point","coordinates":[-89.333928,19.100578]}},{"type":"Feature","properties":{"CVEGEO":"040060057","NOM_MUN":"Hopelchán","NOMGEO":"Xmabén","CVE_AGEB":"0676","POB1":1366.0,"POB8":438.0,"POB12":847.0,"POB24":77.0,"POB42":668.0,"POB84":698.0,"POB125_R":104.5,"POB126_R":60.8,"POB127_R":51.7,"POB128_R":9.1,"POB129_R":22.0,"OID":1373,"denominacion_oficial":"C04_Loc_rur","modulo_asignado":"Mapa Base","instrumento_vigencia":"","fecha_actualizacion":"2026-07-29","fuente_custodio":"SCINCE_2020","responsable_institucional":"INEGI","proyeccion_original":"EPSG:6372","proyeccion_actual":"EPSG:4326","cobertura_territorial":"Estatal","restricciones_uso":"Público"},"geometry":{"type":"Point","coordinates":[-89.314642,19.235036]}},{"type":"Feature","properties":{"CVEGEO":"040060058","NOM_MUN":"Hopelchán","NOMGEO":"Xmejí­a","CVE_AGEB":"0731","POB1":511.0,"POB8":149.0,"POB12":323.0,"POB24":39.0,"POB42":264.0,"POB84":247.0,"POB125_R":93.6,"POB126_R":58.2,"POB127_R":46.1,"POB128_R":12.1,"POB129_R":25.0,"OID":1374,"denominacion_oficial":"C04_Loc_rur","modulo_asignado":"Mapa Base","instrumento_vigencia":"","fecha_actualizacion":"2026-07-29","fuente_custodio":"SCINCE_2020","responsable_institucional":"INEGI","proyeccion_original":"EPSG:6372","proyeccion_actual":"EPSG:4326","cobertura_territorial":"Estatal","restricciones_uso":"Público"},"geometry":{"type":"Point","coordinates":[-89.376144,19.229651]}},{"type":"Feature","properties":{"CVEGEO":"040060062","NOM_MUN":"Hopelchán","NOMGEO":"Yaxché Akal","CVE_AGEB":"0500","POB1":147.0,"POB8":55.0,"POB12":83.0,"POB24":9.0,"POB42":76.0,"POB84":71.0,"POB125_R":93.4,"POB126_R":77.1,"POB127_R":66.3,"POB128_R":10.8,"POB129_R":21.0,"OID":1375,"denominacion_oficial":"C04_Loc_rur","modulo_asignado":"Mapa Base","instrumento_vigencia":"","fecha_actualizacion":"2026-07-29","fuente_custodio":"SCINCE_2020","responsable_institucional":"INEGI","proyeccion_original":"EPSG:6372","proyeccion_actual":"EPSG:4326","cobertura_territorial":"Estatal","restricciones_uso":"Público"},"geometry":{"type":"Point","coordinates":[-89.70423,19.818084]}},{"type":"Feature","properties":{"CVEGEO":"040060330","NOM_MUN":"Hopelchán","NOMGEO":"Nuevo Progreso Campo Uno","CVE_AGEB":"0549","POB1":167.0,"POB8":64.0,"POB12":98.0,"POB24":5.0,"POB42":76.0,"POB84":91.0,"POB125_R":119.7,"POB126_R":70.4,"POB127_R":65.3,"POB128_R":5.1,"POB129_R":18.0,"OID":1382,"denominacion_oficial":"C04_Loc_rur","modulo_asignado":"Mapa Base","instrumento_vigencia":"","fecha_actualizacion":"2026-07-29","fuente_custodio":"SCINCE_2020","responsable_institucional":"INEGI","proyeccion_original":"EPSG:6372","proyeccion_actual":"EPSG:4326","cobertura_territorial":"Estatal","restricciones_uso":"Público"},"geometry":{"type":"Point","coordinates":[-89.695624,19.692845]}},{"type":"Feature","properties":{"CVEGEO":"040060331","NOM_MUN":"Hopelchán","NOMGEO":"Nuevo Progreso Campo Dos","CVE_AGEB":"0549","POB1":153.0,"POB8":67.0,"POB12":83.0,"POB24":3.0,"POB42":74.0,"POB84":79.0,"POB125_R":106.8,"POB126_R":84.3,"POB127_R":80.7,"POB128_R":3.6,"POB129_R":18.0,"OID":1383,"denominacion_oficial":"C04_Loc_rur","modulo_asignado":"Mapa Base","instrumento_vigencia":"","fecha_actualizacion":"2026-07-29","fuente_custodio":"SCINCE_2020","responsable_institucional":"INEGI","proyeccion_original":"EPSG:6372","proyeccion_actual":"EPSG:4326","cobertura_territorial":"Estatal","restricciones_uso":"Público"},"geometry":{"type":"Point","coordinates":[-89.696034,19.682773]}},{"type":"Feature","properties":{"CVEGEO":"040060332","NOM_MUN":"Hopelchán","NOMGEO":"Nuevo Progreso Campo Tres","CVE_AGEB":"0549","POB1":121.0,"POB8":55.0,"POB12":61.0,"POB24":5.0,"POB42":63.0,"POB84":58.0,"POB125_R":92.1,"POB126_R":98.4,"POB127_R":90.2,"POB128_R":8.2,"POB129_R":16.0,"OID":1384,"denominacion_oficial":"C04_Loc_rur","modulo_asignado":"Mapa Base","instrumento_vigencia":"","fecha_actualizacion":"2026-07-29","fuente_custodio":"SCINCE_2020","responsable_institucional":"INEGI","proyeccion_original":"EPSG:6372","proyeccion_actual":"EPSG:4326","cobertura_territorial":"Estatal","restricciones_uso":"Público"},"geometry":{"type":"Point","coordinates":[-89.695578,19.656398]}},{"type":"Feature","properties":{"CVEGEO":"040060333","NOM_MUN":"Hopelchán","NOMGEO":"Nuevo Progreso Campo Seis","CVE_AGEB":"0549","POB1":167.0,"POB8":85.0,"POB12":77.0,"POB24":5.0,"POB42":90.0,"POB84":77.0,"POB125_R":85.6,"POB126_R":116.9,"POB127_R":110.4,"POB128_R":6.5,"POB129_R":14.0,"OID":1385,"denominacion_oficial":"C04_Loc_rur","modulo_asignado":"Mapa Base","instrumento_vigencia":"","fecha_actualizacion":"2026-07-29","fuente_custodio":"SCINCE_2020","responsable_institucional":"INEGI","proyeccion_original":"EPSG:6372","proyeccion_actual":"EPSG:4326","cobertura_territorial":"Estatal","restricciones_uso":"Público"},"geometry":{"type":"Point","coordinates":[-89.669951,19.648588]}},{"type":"Feature","properties":{"CVEGEO":"040060568","NOM_MUN":"Hopelchán","NOMGEO":"Nuevo Progreso Campo Cinco","CVE_AGEB":"0549","POB1":143.0,"POB8":64.0,"POB12":74.0,"POB24":5.0,"POB42":75.0,"POB84":68.0,"POB125_R":90.7,"POB126_R":93.2,"POB127_R":86.5,"POB128_R":6.8,"POB129_R":16.0,"OID":1388,"denominacion_oficial":"C04_Loc_rur","modulo_asignado":"Mapa Base","instrumento_vigencia":"","fecha_actualizacion":"2026-07-29","fuente_custodio":"SCINCE_2020","responsable_institucional":"INEGI","proyeccion_original":"EPSG:6372","proyeccion_actual":"EPSG:4326","cobertura_territorial":"Estatal","restricciones_uso":"Público"},"geometry":{"type":"Point","coordinates":[-89.676526,19.66207]}},{"type":"Feature","properties":{"CVEGEO":"040060569","NOM_MUN":"Hopelchán","NOMGEO":"Nuevo Progreso Campo Siete","CVE_AGEB":"0549","POB1":262.0,"POB8":133.0,"POB12":124.0,"POB24":5.0,"POB42":133.0,"POB84":129.0,"POB125_R":97.0,"POB126_R":111.3,"POB127_R":107.3,"POB128_R":4.0,"POB129_R":14.0,"OID":1389,"denominacion_oficial":"C04_Loc_rur","modulo_asignado":"Mapa Base","instrumento_vigencia":"","fecha_actualizacion":"2026-07-29","fuente_custodio":"SCINCE_2020","responsable_institucional":"INEGI","proyeccion_original":"EPSG:6372","proyeccion_actual":"EPSG:4326","cobertura_territorial":"Estatal","restricciones_uso":"Público"},"geometry":{"type":"Point","coordinates":[-89.662572,19.683343]}},{"type":"Feature","properties":{"CVEGEO":"040060570","NOM_MUN":"Hopelchán","NOMGEO":"Nuevo Progreso Campo Cuatro","CVE_AGEB":"0549","POB1":228.0,"POB8":105.0,"POB12":122.0,"POB24":1.0,"POB42":119.0,"POB84":109.0,"POB125_R":91.6,"POB126_R":86.9,"POB127_R":86.1,"POB128_R":0.8,"POB129_R":18.0,"OID":1390,"denominacion_oficial":"C04_Loc_rur","modulo_asignado":"Mapa Base","instrumento_vigencia":"","fecha_actualizacion":"2026-07-29","fuente_custodio":"SCINCE_2020","responsable_institucional":"INEGI","proyeccion_original":"EPSG:6372","proyeccion_actual":"EPSG:4326","cobertura_territorial":"Estatal","restricciones_uso":"Público"},"geometry":{"type":"Point","coordinates":[-89.676442,19.683149]}},{"type":"Feature","properties":{"CVEGEO":"040060672","NOM_MUN":"Hopelchán","NOMGEO":"Nuevo Progreso Campo Ocho","CVE_AGEB":"0549","POB1":153.0,"POB8":69.0,"POB12":81.0,"POB24":3.0,"POB42":80.0,"POB84":73.0,"POB125_R":91.3,"POB126_R":88.9,"POB127_R":85.2,"POB128_R":3.7,"POB129_R":16.0,"OID":1393,"denominacion_oficial":"C04_Loc_rur","modulo_asignado":"Mapa Base","instrumento_vigencia":"","fecha_actualizacion":"2026-07-29","fuente_custodio":"SCINCE_2020","responsable_institucional":"INEGI","proyeccion_original":"EPSG:6372","proyeccion_actual":"EPSG:4326","cobertura_territorial":"Estatal","restricciones_uso":"Público"},"geometry":{"type":"Point","coordinates":[-89.639175,19.651456]}},{"type":"Feature","properties":{"CVEGEO":"040060673","NOM_MUN":"Hopelchán","NOMGEO":"Nuevo Progreso Campo Nueve","CVE_AGEB":"0549","POB1":166.0,"POB8":86.0,"POB12":77.0,"POB24":3.0,"POB42":70.0,"POB84":96.0,"POB125_R":137.1,"POB126_R":115.6,"POB127_R":111.7,"POB128_R":3.9,"POB129_R":13.5,"OID":1394,"denominacion_oficial":"C04_Loc_rur","modulo_asignado":"Mapa Base","instrumento_vigencia":"","fecha_actualizacion":"2026-07-29","fuente_custodio":"SCINCE_2020","responsable_institucional":"INEGI","proyeccion_original":"EPSG:6372","proyeccion_actual":"EPSG:4326","cobertura_territorial":"Estatal","restricciones_uso":"Público"},"geometry":{"type":"Point","coordinates":[-89.631344,19.640603]}},{"type":"Feature","properties":{"CVEGEO":"040060674","NOM_MUN":"Hopelchán","NOMGEO":"Nuevo Progreso Campo Dí­ez","CVE_AGEB":"0549","POB1":121.0,"POB8":63.0,"POB12":58.0,"POB24":0.0,"POB42":52.0,"POB84":69.0,"POB125_R":132.7,"POB126_R":108.6,"POB127_R":108.6,"POB128_R":0.0,"POB129_R":14.0,"OID":1395,"denominacion_oficial":"C04_Loc_rur","modulo_asignado":"Mapa Base","instrumento_vigencia":"","fecha_actualizacion":"2026-07-29","fuente_custodio":"SCINCE_2020","responsable_institucional":"INEGI","proyeccion_original":"EPSG:6372","proyeccion_actual":"EPSG:4326","cobertura_territorial":"Estatal","restricciones_uso":"Público"},"geometry":{"type":"Point","coordinates":[-89.645143,19.638258]}},{"type":"Feature","properties":{"CVEGEO":"040060675","NOM_MUN":"Hopelchán","NOMGEO":"Nuevo Progreso Campo Doce","CVE_AGEB":"0534","POB1":128.0,"POB8":70.0,"POB12":58.0,"POB24":0.0,"POB42":59.0,"POB84":69.0,"POB125_R":116.9,"POB126_R":120.7,"POB127_R":120.7,"POB128_R":0.0,"POB129_R":12.0,"OID":1396,"denominacion_oficial":"C04_Loc_rur","modulo_asignado":"Mapa Base","instrumento_vigencia":"","fecha_actualizacion":"2026-07-29","fuente_custodio":"SCINCE_2020","responsable_institucional":"INEGI","proyeccion_original":"EPSG:6372","proyeccion_actual":"EPSG:4326","cobertura_territorial":"Estatal","restricciones_uso":"Público"},"geometry":{"type":"Point","coordinates":[-89.720315,19.705706]}},{"type":"Feature","properties":{"CVEGEO":"040060761","NOM_MUN":"Hopelchán","NOMGEO":"Nuevo Progreso Campo Once","CVE_AGEB":"0549","POB1":132.0,"POB8":57.0,"POB12":72.0,"POB24":3.0,"POB42":69.0,"POB84":63.0,"POB125_R":91.3,"POB126_R":83.3,"POB127_R":79.2,"POB128_R":4.2,"POB129_R":16.0,"OID":1405,"denominacion_oficial":"C04_Loc_rur","modulo_asignado":"Mapa Base","instrumento_vigencia":"","fecha_actualizacion":"2026-07-29","fuente_custodio":"SCINCE_2020","responsable_institucional":"INEGI","proyeccion_original":"EPSG:6372","proyeccion_actual":"EPSG:4326","cobertura_territorial":"Estatal","restricciones_uso":"Público"},"geometry":{"type":"Point","coordinates":[-89.621268,19.656566]}},{"type":"Feature","properties":{"CVEGEO":"040060780","NOM_MUN":"Hopelchán","NOMGEO":"La Nueva Trinidad Campo 2","CVE_AGEB":"0657","POB1":123.0,"POB8":45.0,"POB12":74.0,"POB24":4.0,"POB42":53.0,"POB84":70.0,"POB125_R":132.1,"POB126_R":66.2,"POB127_R":60.8,"POB128_R":5.4,"POB129_R":18.0,"OID":1413,"denominacion_oficial":"C04_Loc_rur","modulo_asignado":"Mapa Base","instrumento_vigencia":"","fecha_actualizacion":"2026-07-29","fuente_custodio":"SCINCE_2020","responsable_institucional":"INEGI","proyeccion_original":"EPSG:6372","proyeccion_actual":"EPSG:4326","cobertura_territorial":"Estatal","restricciones_uso":"Público"},"geometry":{"type":"Point","coordinates":[-89.72297,19.39575]}},{"type":"Feature","properties":{"CVEGEO":"040060781","NOM_MUN":"Hopelchán","NOMGEO":"La Nueva Trinidad Campo 3","CVE_AGEB":"0657","POB1":162.0,"POB8":62.0,"POB12":91.0,"POB24":9.0,"POB42":89.0,"POB84":73.0,"POB125_R":82.0,"POB126_R":78.0,"POB127_R":68.1,"POB128_R":9.9,"POB129_R":20.0,"OID":1414,"denominacion_oficial":"C04_Loc_rur","modulo_asignado":"Mapa Base","instrumento_vigencia":"","fecha_actualizacion":"2026-07-29","fuente_custodio":"SCINCE_2020","responsable_institucional":"INEGI","proyeccion_original":"EPSG:6372","proyeccion_actual":"EPSG:4326","cobertura_territorial":"Estatal","restricciones_uso":"Público"},"geometry":{"type":"Point","coordinates":[-89.705507,19.394967]}},{"type":"Feature","properties":{"CVEGEO":"040060782","NOM_MUN":"Hopelchán","NOMGEO":"La Nueva Trinidad Campo 1","CVE_AGEB":"0657","POB1":124.0,"POB8":45.0,"POB12":74.0,"POB24":5.0,"POB42":63.0,"POB84":61.0,"POB125_R":96.8,"POB126_R":67.6,"POB127_R":60.8,"POB128_R":6.8,"POB129_R":19.0,"OID":1415,"denominacion_oficial":"C04_Loc_rur","modulo_asignado":"Mapa Base","instrumento_vigencia":"","fecha_actualizacion":"2026-07-29","fuente_custodio":"SCINCE_2020","responsable_institucional":"INEGI","proyeccion_original":"EPSG:6372","proyeccion_actual":"EPSG:4326","cobertura_territorial":"Estatal","restricciones_uso":"Público"},"geometry":{"type":"Point","coordinates":[-89.695389,19.416213]}},{"type":"Feature","properties":{"CVEGEO":"040060783","NOM_MUN":"Hopelchán","NOMGEO":"Nuevo Durango Campo 2","CVE_AGEB":"0676","POB1":145.0,"POB8":64.0,"POB12":72.0,"POB24":9.0,"POB42":78.0,"POB84":67.0,"POB125_R":85.9,"POB126_R":101.4,"POB127_R":88.9,"POB128_R":12.5,"POB129_R":17.0,"OID":1416,"denominacion_oficial":"C04_Loc_rur","modulo_asignado":"Mapa Base","instrumento_vigencia":"","fecha_actualizacion":"2026-07-29","fuente_custodio":"SCINCE_2020","responsable_institucional":"INEGI","proyeccion_original":"EPSG:6372","proyeccion_actual":"EPSG:4326","cobertura_territorial":"Estatal","restricciones_uso":"Público"},"geometry":{"type":"Point","coordinates":[-89.405206,19.412727]}},{"type":"Feature","properties":{"CVEGEO":"040060784","NOM_MUN":"Hopelchán","NOMGEO":"Nuevo Durango Campo 1","CVE_AGEB":"0676","POB1":162.0,"POB8":73.0,"POB12":81.0,"POB24":8.0,"POB42":76.0,"POB84":86.0,"POB125_R":113.2,"POB126_R":100.0,"POB127_R":90.1,"POB128_R":9.9,"POB129_R":16.5,"OID":1417,"denominacion_oficial":"C04_Loc_rur","modulo_asignado":"Mapa Base","instrumento_vigencia":"","fecha_actualizacion":"2026-07-29","fuente_custodio":"SCINCE_2020","responsable_institucional":"INEGI","proyeccion_original":"EPSG:6372","proyeccion_actual":"EPSG:4326","cobertura_territorial":"Estatal","restricciones_uso":"Público"},"geometry":{"type":"Point","coordinates":[-89.416079,19.418292]}},{"type":"Feature","properties":{"CVEGEO":"040060794","NOM_MUN":"Hopelchán","NOMGEO":"El Temporal Campo 5","CVE_AGEB":"0591","POB1":227.0,"POB8":86.0,"POB12":135.0,"POB24":6.0,"POB42":116.0,"POB84":111.0,"POB125_R":95.7,"POB126_R":68.1,"POB127_R":63.7,"POB128_R":4.4,"POB129_R":19.0,"OID":1420,"denominacion_oficial":"C04_Loc_rur","modulo_asignado":"Mapa Base","instrumento_vigencia":"","fecha_actualizacion":"2026-07-29","fuente_custodio":"SCINCE_2020","responsable_institucional":"INEGI","proyeccion_original":"EPSG:6372","proyeccion_actual":"EPSG:4326","cobertura_territorial":"Estatal","restricciones_uso":"Público"},"geometry":{"type":"Point","coordinates":[-89.744691,19.531729]}},{"type":"Feature","properties":{"CVEGEO":"040060795","NOM_MUN":"Hopelchán","NOMGEO":"El Temporal Cuatro","CVE_AGEB":"0591","POB1":124.0,"POB8":61.0,"POB12":61.0,"POB24":2.0,"POB42":63.0,"POB84":61.0,"POB125_R":96.8,"POB126_R":103.3,"POB127_R":100.0,"POB128_R":3.3,"POB129_R":15.0,"OID":1421,"denominacion_oficial":"C04_Loc_rur","modulo_asignado":"Mapa Base","instrumento_vigencia":"","fecha_actualizacion":"2026-07-29","fuente_custodio":"SCINCE_2020","responsable_institucional":"INEGI","proyeccion_original":"EPSG:6372","proyeccion_actual":"EPSG:4326","cobertura_territorial":"Estatal","restricciones_uso":"Público"},"geometry":{"type":"Point","coordinates":[-89.704077,19.554269]}},{"type":"Feature","properties":{"CVEGEO":"040060796","NOM_MUN":"Hopelchán","NOMGEO":"El Temporal Campo 2","CVE_AGEB":"0591","POB1":138.0,"POB8":67.0,"POB12":60.0,"POB24":11.0,"POB42":72.0,"POB84":66.0,"POB125_R":91.7,"POB126_R":130.0,"POB127_R":111.7,"POB128_R":18.3,"POB129_R":16.5,"OID":1422,"denominacion_oficial":"C04_Loc_rur","modulo_asignado":"Mapa Base","instrumento_vigencia":"","fecha_actualizacion":"2026-07-29","fuente_custodio":"SCINCE_2020","responsable_institucional":"INEGI","proyeccion_original":"EPSG:6372","proyeccion_actual":"EPSG:4326","cobertura_territorial":"Estatal","restricciones_uso":"Público"},"geometry":{"type":"Point","coordinates":[-89.744694,19.576826]}},{"type":"Feature","properties":{"CVEGEO":"040060797","NOM_MUN":"Hopelchán","NOMGEO":"El Temporal Campo 3","CVE_AGEB":"0591","POB1":176.0,"POB8":72.0,"POB12":99.0,"POB24":5.0,"POB42":87.0,"POB84":89.0,"POB125_R":102.3,"POB126_R":77.8,"POB127_R":72.7,"POB128_R":5.1,"POB129_R":19.0,"OID":1423,"denominacion_oficial":"C04_Loc_rur","modulo_asignado":"Mapa Base","instrumento_vigencia":"","fecha_actualizacion":"2026-07-29","fuente_custodio":"SCINCE_2020","responsable_institucional":"INEGI","proyeccion_original":"EPSG:6372","proyeccion_actual":"EPSG:4326","cobertura_territorial":"Estatal","restricciones_uso":"Público"},"geometry":{"type":"Point","coordinates":[-89.766075,19.575207]}},{"type":"Feature","properties":{"CVEGEO":"040060798","NOM_MUN":"Hopelchán","NOMGEO":"El Temporal Campo 1","CVE_AGEB":"0591","POB1":148.0,"POB8":78.0,"POB12":64.0,"POB24":6.0,"POB42":76.0,"POB84":72.0,"POB125_R":94.7,"POB126_R":131.3,"POB127_R":121.9,"POB128_R":9.4,"POB129_R":14.0,"OID":1424,"denominacion_oficial":"C04_Loc_rur","modulo_asignado":"Mapa Base","instrumento_vigencia":"","fecha_actualizacion":"2026-07-29","fuente_custodio":"SCINCE_2020","responsable_institucional":"INEGI","proyeccion_original":"EPSG:6372","proyeccion_actual":"EPSG:4326","cobertura_territorial":"Estatal","restricciones_uso":"Público"},"geometry":{"type":"Point","coordinates":[-89.707919,19.587439]}},{"type":"Feature","properties":{"CVEGEO":"040060800","NOM_MUN":"Hopelchán","NOMGEO":"Santa Rosa [Campo Menonita]","CVE_AGEB":"0498","POB1":229.0,"POB8":85.0,"POB12":139.0,"POB24":5.0,"POB42":116.0,"POB84":113.0,"POB125_R":97.4,"POB126_R":64.7,"POB127_R":61.2,"POB128_R":3.6,"POB129_R":22.0,"OID":1426,"denominacion_oficial":"C04_Loc_rur","modulo_asignado":"Mapa Base","instrumento_vigencia":"","fecha_actualizacion":"2026-07-29","fuente_custodio":"SCINCE_2020","responsable_institucional":"INEGI","proyeccion_original":"EPSG:6372","proyeccion_actual":"EPSG:4326","cobertura_territorial":"Estatal","restricciones_uso":"Público"},"geometry":{"type":"Point","coordinates":[-89.771131,19.936038]}},{"type":"Feature","properties":{"CVEGEO":"040060819","NOM_MUN":"Hopelchán","NOMGEO":"Nuevo Durango Campo 3","CVE_AGEB":"0676","POB1":243.0,"POB8":120.0,"POB12":117.0,"POB24":6.0,"POB42":121.0,"POB84":122.0,"POB125_R":100.8,"POB126_R":107.7,"POB127_R":102.6,"POB128_R":5.1,"POB129_R":15.0,"OID":1429,"denominacion_oficial":"C04_Loc_rur","modulo_asignado":"Mapa Base","instrumento_vigencia":"","fecha_actualizacion":"2026-07-29","fuente_custodio":"SCINCE_2020","responsable_institucional":"INEGI","proyeccion_original":"EPSG:6372","proyeccion_actual":"EPSG:4326","cobertura_territorial":"Estatal","restricciones_uso":"Público"},"geometry":{"type":"Point","coordinates":[-89.382133,19.410819]}},{"type":"Feature","properties":{"CVEGEO":"040060820","NOM_MUN":"Hopelchán","NOMGEO":"Nuevo Durango Campo 4","CVE_AGEB":"0676","POB1":230.0,"POB8":117.0,"POB12":109.0,"POB24":4.0,"POB42":106.0,"POB84":124.0,"POB125_R":117.0,"POB126_R":111.0,"POB127_R":107.3,"POB128_R":3.7,"POB129_R":14.0,"OID":1430,"denominacion_oficial":"C04_Loc_rur","modulo_asignado":"Mapa Base","instrumento_vigencia":"","fecha_actualizacion":"2026-07-29","fuente_custodio":"SCINCE_2020","responsable_institucional":"INEGI","proyeccion_original":"EPSG:6372","proyeccion_actual":"EPSG:4326","cobertura_territorial":"Estatal","restricciones_uso":"Público"},"geometry":{"type":"Point","coordinates":[-89.34844,19.399513]}},{"type":"Feature","properties":{"CVEGEO":"040060835","NOM_MUN":"Hopelchán","NOMGEO":"Santa Fe Dos","CVE_AGEB":"052A","POB1":117.0,"POB8":59.0,"POB12":56.0,"POB24":2.0,"POB42":61.0,"POB84":56.0,"POB125_R":91.8,"POB126_R":108.9,"POB127_R":105.4,"POB128_R":3.6,"POB129_R":14.0,"OID":1431,"denominacion_oficial":"C04_Loc_rur","modulo_asignado":"Mapa Base","instrumento_vigencia":"","fecha_actualizacion":"2026-07-29","fuente_custodio":"SCINCE_2020","responsable_institucional":"INEGI","proyeccion_original":"EPSG:6372","proyeccion_actual":"EPSG:4326","cobertura_territorial":"Estatal","restricciones_uso":"Público"},"geometry":{"type":"Point","coordinates":[-89.898804,19.762201]}},{"type":"Feature","properties":{"CVEGEO":"040060838","NOM_MUN":"Hopelchán","NOMGEO":"Campo Menonita Número Quince","CVE_AGEB":"0549","POB1":188.0,"POB8":111.0,"POB12":76.0,"POB24":1.0,"POB42":96.0,"POB84":92.0,"POB125_R":95.8,"POB126_R":147.4,"POB127_R":146.1,"POB128_R":1.3,"POB129_R":11.0,"OID":1434,"denominacion_oficial":"C04_Loc_rur","modulo_asignado":"Mapa Base","instrumento_vigencia":"","fecha_actualizacion":"2026-07-29","fuente_custodio":"SCINCE_2020","responsable_institucional":"INEGI","proyeccion_original":"EPSG:6372","proyeccion_actual":"EPSG:4326","cobertura_territorial":"Estatal","restricciones_uso":"Público"},"geometry":{"type":"Point","coordinates":[-89.661284,19.643394]}},{"type":"Feature","properties":{"CVEGEO":"040060845","NOM_MUN":"Hopelchán","NOMGEO":"Nuevo Durango Campo 5","CVE_AGEB":"0676","POB1":183.0,"POB8":71.0,"POB12":106.0,"POB24":6.0,"POB42":89.0,"POB84":94.0,"POB125_R":105.6,"POB126_R":72.6,"POB127_R":67.0,"POB128_R":5.7,"POB129_R":18.0,"OID":1437,"denominacion_oficial":"C04_Loc_rur","modulo_asignado":"Mapa Base","instrumento_vigencia":"","fecha_actualizacion":"2026-07-29","fuente_custodio":"SCINCE_2020","responsable_institucional":"INEGI","proyeccion_original":"EPSG:6372","proyeccion_actual":"EPSG:4326","cobertura_territorial":"Estatal","restricciones_uso":"Público"},"geometry":{"type":"Point","coordinates":[-89.389776,19.371185]}},{"type":"Feature","properties":{"CVEGEO":"040060846","NOM_MUN":"Hopelchán","NOMGEO":"Nuevo Durango Campo 6","CVE_AGEB":"0676","POB1":182.0,"POB8":69.0,"POB12":109.0,"POB24":4.0,"POB42":87.0,"POB84":95.0,"POB125_R":109.2,"POB126_R":67.0,"POB127_R":63.3,"POB128_R":3.7,"POB129_R":18.0,"OID":1438,"denominacion_oficial":"C04_Loc_rur","modulo_asignado":"Mapa Base","instrumento_vigencia":"","fecha_actualizacion":"2026-07-29","fuente_custodio":"SCINCE_2020","responsable_institucional":"INEGI","proyeccion_original":"EPSG:6372","proyeccion_actual":"EPSG:4326","cobertura_territorial":"Estatal","restricciones_uso":"Público"},"geometry":{"type":"Point","coordinates":[-89.351311,19.377268]}},{"type":"Feature","properties":{"CVEGEO":"040060847","NOM_MUN":"Hopelchán","NOMGEO":"Nuevo Durango Siete","CVE_AGEB":"0676","POB1":107.0,"POB8":47.0,"POB12":59.0,"POB24":1.0,"POB42":50.0,"POB84":57.0,"POB125_R":114.0,"POB126_R":81.4,"POB127_R":79.7,"POB128_R":1.7,"POB129_R":17.0,"OID":1439,"denominacion_oficial":"C04_Loc_rur","modulo_asignado":"Mapa Base","instrumento_vigencia":"","fecha_actualizacion":"2026-07-29","fuente_custodio":"SCINCE_2020","responsable_institucional":"INEGI","proyeccion_original":"EPSG:6372","proyeccion_actual":"EPSG:4326","cobertura_territorial":"Estatal","restricciones_uso":"Público"},"geometry":{"type":"Point","coordinates":[-89.326306,19.369905]}},{"type":"Feature","properties":{"CVEGEO":"040060848","NOM_MUN":"Hopelchán","NOMGEO":"Palmas Cuatro","CVE_AGEB":"0623","POB1":115.0,"POB8":55.0,"POB12":60.0,"POB24":0.0,"POB42":55.0,"POB84":60.0,"POB125_R":109.1,"POB126_R":91.7,"POB127_R":91.7,"POB128_R":0.0,"POB129_R":16.0,"OID":1440,"denominacion_oficial":"C04_Loc_rur","modulo_asignado":"Mapa Base","instrumento_vigencia":"","fecha_actualizacion":"2026-07-29","fuente_custodio":"SCINCE_2020","responsable_institucional":"INEGI","proyeccion_original":"EPSG:6372","proyeccion_actual":"EPSG:4326","cobertura_territorial":"Estatal","restricciones_uso":"Público"},"geometry":{"type":"Point","coordinates":[-89.807235,19.459083]}},{"type":"Feature","properties":{"CVEGEO":"040060849","NOM_MUN":"Hopelchán","NOMGEO":"Temporal Seis","CVE_AGEB":"0591","POB1":123.0,"POB8":72.0,"POB12":51.0,"POB24":0.0,"POB42":62.0,"POB84":61.0,"POB125_R":98.4,"POB126_R":141.2,"POB127_R":141.2,"POB128_R":0.0,"POB129_R":12.0,"OID":1441,"denominacion_oficial":"C04_Loc_rur","modulo_asignado":"Mapa Base","instrumento_vigencia":"","fecha_actualizacion":"2026-07-29","fuente_custodio":"SCINCE_2020","responsable_institucional":"INEGI","proyeccion_original":"EPSG:6372","proyeccion_actual":"EPSG:4326","cobertura_territorial":"Estatal","restricciones_uso":"Público"},"geometry":{"type":"Point","coordinates":[-89.684562,19.588541]}},{"type":"Feature","properties":{"CVEGEO":"040060862","NOM_MUN":"Hopelchán","NOMGEO":"El Temporal Siete","CVE_AGEB":"0591","POB1":130.0,"POB8":87.0,"POB12":43.0,"POB24":0.0,"POB42":58.0,"POB84":72.0,"POB125_R":124.1,"POB126_R":202.3,"POB127_R":202.3,"POB128_R":0.0,"POB129_R":11.0,"OID":1446,"denominacion_oficial":"C04_Loc_rur","modulo_asignado":"Mapa Base","instrumento_vigencia":"","fecha_actualizacion":"2026-07-29","fuente_custodio":"SCINCE_2020","responsable_institucional":"INEGI","proyeccion_original":"EPSG:6372","proyeccion_actual":"EPSG:4326","cobertura_territorial":"Estatal","restricciones_uso":"Público"},"geometry":{"type":"Point","coordinates":[-89.665382,19.584296]}},{"type":"Feature","properties":{"CVEGEO":"040060882","NOM_MUN":"Hopelchán","NOMGEO":"Santa Fe Uno","CVE_AGEB":"052A","POB1":162.0,"POB8":80.0,"POB12":82.0,"POB24":0.0,"POB42":75.0,"POB84":87.0,"POB125_R":116.0,"POB126_R":97.6,"POB127_R":97.6,"POB128_R":0.0,"POB129_R":15.0,"OID":1456,"denominacion_oficial":"C04_Loc_rur","modulo_asignado":"Mapa Base","instrumento_vigencia":"","fecha_actualizacion":"2026-07-29","fuente_custodio":"SCINCE_2020","responsable_institucional":"INEGI","proyeccion_original":"EPSG:6372","proyeccion_actual":"EPSG:4326","cobertura_territorial":"Estatal","restricciones_uso":"Público"},"geometry":{"type":"Point","coordinates":[-89.887734,19.766313]}},{"type":"Feature","properties":{"CVEGEO":"040060913","NOM_MUN":"Hopelchán","NOMGEO":"El Paraíso","CVE_AGEB":"0619","POB1":140.0,"POB8":55.0,"POB12":76.0,"POB24":9.0,"POB42":70.0,"POB84":70.0,"POB125_R":100.0,"POB126_R":84.2,"POB127_R":72.4,"POB128_R":11.8,"POB129_R":21.0,"OID":1470,"denominacion_oficial":"C04_Loc_rur","modulo_asignado":"Mapa Base","instrumento_vigencia":"","fecha_actualizacion":"2026-07-29","fuente_custodio":"SCINCE_2020","responsable_institucional":"INEGI","proyeccion_original":"EPSG:6372","proyeccion_actual":"EPSG:4326","cobertura_territorial":"Estatal","restricciones_uso":"Público"},"geometry":{"type":"Point","coordinates":[-89.982378,19.490151]}},{"type":"Feature","properties":{"CVEGEO":"040070003","NOM_MUN":"Palizada","NOMGEO":"Alamilla","CVE_AGEB":"0419","POB1":214.0,"POB8":58.0,"POB12":127.0,"POB24":29.0,"POB42":102.0,"POB84":112.0,"POB125_R":109.8,"POB126_R":68.5,"POB127_R":45.7,"POB128_R":22.8,"POB129_R":35.0,"OID":1478,"denominacion_oficial":"C04_Loc_rur","modulo_asignado":"Mapa Base","instrumento_vigencia":"","fecha_actualizacion":"2026-07-29","fuente_custodio":"SCINCE_2020","responsable_institucional":"INEGI","proyeccion_original":"EPSG:6372","proyeccion_actual":"EPSG:4326","cobertura_territorial":"Estatal","restricciones_uso":"Público"},"geometry":{"type":"Point","coordinates":[-92.091121,18.274965]}},{"type":"Feature","properties":{"CVEGEO":"040070029","NOM_MUN":"Palizada","NOMGEO":"Ribera de la Corriente","CVE_AGEB":"0404","POB1":192.0,"POB8":52.0,"POB12":124.0,"POB24":16.0,"POB42":87.0,"POB84":105.0,"POB125_R":120.7,"POB126_R":54.8,"POB127_R":41.9,"POB128_R":12.9,"POB129_R":28.0,"OID":1482,"denominacion_oficial":"C04_Loc_rur","modulo_asignado":"Mapa Base","instrumento_vigencia":"","fecha_actualizacion":"2026-07-29","fuente_custodio":"SCINCE_2020","responsable_institucional":"INEGI","proyeccion_original":"EPSG:6372","proyeccion_actual":"EPSG:4326","cobertura_territorial":"Estatal","restricciones_uso":"Público"},"geometry":{"type":"Point","coordinates":[-92.037244,18.237728]}},{"type":"Feature","properties":{"CVEGEO":"040070032","NOM_MUN":"Palizada","NOMGEO":"El Cuyo","CVE_AGEB":"0419","POB1":232.0,"POB8":70.0,"POB12":132.0,"POB24":30.0,"POB42":110.0,"POB84":122.0,"POB125_R":110.9,"POB126_R":75.8,"POB127_R":53.0,"POB128_R":22.7,"POB129_R":29.5,"OID":1483,"denominacion_oficial":"C04_Loc_rur","modulo_asignado":"Mapa Base","instrumento_vigencia":"","fecha_actualizacion":"2026-07-29","fuente_custodio":"SCINCE_2020","responsable_institucional":"INEGI","proyeccion_original":"EPSG:6372","proyeccion_actual":"EPSG:4326","cobertura_territorial":"Estatal","restricciones_uso":"Público"},"geometry":{"type":"Point","coordinates":[-92.087113,18.269019]}},{"type":"Feature","properties":{"CVEGEO":"040070053","NOM_MUN":"Palizada","NOMGEO":"Isla de San Isidro","CVE_AGEB":"0419","POB1":242.0,"POB8":78.0,"POB12":150.0,"POB24":14.0,"POB42":126.0,"POB84":116.0,"POB125_R":92.1,"POB126_R":61.3,"POB127_R":52.0,"POB128_R":9.3,"POB129_R":27.0,"OID":1484,"denominacion_oficial":"C04_Loc_rur","modulo_asignado":"Mapa Base","instrumento_vigencia":"","fecha_actualizacion":"2026-07-29","fuente_custodio":"SCINCE_2020","responsable_institucional":"INEGI","proyeccion_original":"EPSG:6372","proyeccion_actual":"EPSG:4326","cobertura_territorial":"Estatal","restricciones_uso":"Público"},"geometry":{"type":"Point","coordinates":[-92.079501,18.254019]}},{"type":"Feature","properties":{"CVEGEO":"040070056","NOM_MUN":"Palizada","NOMGEO":"El Juncal","CVE_AGEB":"0353","POB1":551.0,"POB8":187.0,"POB12":343.0,"POB24":21.0,"POB42":270.0,"POB84":281.0,"POB125_R":104.1,"POB126_R":60.6,"POB127_R":54.5,"POB128_R":6.1,"POB129_R":24.0,"OID":1485,"denominacion_oficial":"C04_Loc_rur","modulo_asignado":"Mapa Base","instrumento_vigencia":"","fecha_actualizacion":"2026-07-29","fuente_custodio":"SCINCE_2020","responsable_institucional":"INEGI","proyeccion_original":"EPSG:6372","proyeccion_actual":"EPSG:4326","cobertura_territorial":"Estatal","restricciones_uso":"Público"},"geometry":{"type":"Point","coordinates":[-91.864194,18.041185]}},{"type":"Feature","properties":{"CVEGEO":"040070061","NOM_MUN":"Palizada","NOMGEO":"El Mangal","CVE_AGEB":"0419","POB1":137.0,"POB8":38.0,"POB12":78.0,"POB24":21.0,"POB42":69.0,"POB84":68.0,"POB125_R":98.6,"POB126_R":75.6,"POB127_R":48.7,"POB128_R":26.9,"POB129_R":31.0,"OID":1486,"denominacion_oficial":"C04_Loc_rur","modulo_asignado":"Mapa Base","instrumento_vigencia":"","fecha_actualizacion":"2026-07-29","fuente_custodio":"SCINCE_2020","responsable_institucional":"INEGI","proyeccion_original":"EPSG:6372","proyeccion_actual":"EPSG:4326","cobertura_territorial":"Estatal","restricciones_uso":"Público"},"geometry":{"type":"Point","coordinates":[-92.064276,18.242493]}},{"type":"Feature","properties":{"CVEGEO":"040070101","NOM_MUN":"Palizada","NOMGEO":"Tila","CVE_AGEB":"0419","POB1":247.0,"POB8":66.0,"POB12":158.0,"POB24":23.0,"POB42":104.0,"POB84":143.0,"POB125_R":137.5,"POB126_R":56.3,"POB127_R":41.8,"POB128_R":14.6,"POB129_R":27.0,"OID":1489,"denominacion_oficial":"C04_Loc_rur","modulo_asignado":"Mapa Base","instrumento_vigencia":"","fecha_actualizacion":"2026-07-29","fuente_custodio":"SCINCE_2020","responsable_institucional":"INEGI","proyeccion_original":"EPSG:6372","proyeccion_actual":"EPSG:4326","cobertura_territorial":"Estatal","restricciones_uso":"Público"},"geometry":{"type":"Point","coordinates":[-92.054983,18.226858]}},{"type":"Feature","properties":{"CVEGEO":"040070107","NOM_MUN":"Palizada","NOMGEO":"La Toza","CVE_AGEB":"0438","POB1":110.0,"POB8":29.0,"POB12":68.0,"POB24":13.0,"POB42":47.0,"POB84":63.0,"POB125_R":134.0,"POB126_R":61.8,"POB127_R":42.6,"POB128_R":19.1,"POB129_R":27.0,"OID":1490,"denominacion_oficial":"C04_Loc_rur","modulo_asignado":"Mapa Base","instrumento_vigencia":"","fecha_actualizacion":"2026-07-29","fuente_custodio":"SCINCE_2020","responsable_institucional":"INEGI","proyeccion_original":"EPSG:6372","proyeccion_actual":"EPSG:4326","cobertura_territorial":"Estatal","restricciones_uso":"Público"},"geometry":{"type":"Point","coordinates":[-92.133005,18.17093]}},{"type":"Feature","properties":{"CVEGEO":"040070109","NOM_MUN":"Palizada","NOMGEO":"Ribera San Eduardo","CVE_AGEB":"0423","POB1":180.0,"POB8":65.0,"POB12":107.0,"POB24":8.0,"POB42":91.0,"POB84":89.0,"POB125_R":97.8,"POB126_R":68.2,"POB127_R":60.7,"POB128_R":7.5,"POB129_R":24.5,"OID":1492,"denominacion_oficial":"C04_Loc_rur","modulo_asignado":"Mapa Base","instrumento_vigencia":"","fecha_actualizacion":"2026-07-29","fuente_custodio":"SCINCE_2020","responsable_institucional":"INEGI","proyeccion_original":"EPSG:6372","proyeccion_actual":"EPSG:4326","cobertura_territorial":"Estatal","restricciones_uso":"Público"},"geometry":{"type":"Point","coordinates":[-91.951397,18.284803]}},{"type":"Feature","properties":{"CVEGEO":"040070110","NOM_MUN":"Palizada","NOMGEO":"Santa Isabel","CVE_AGEB":"0391","POB1":583.0,"POB8":173.0,"POB12":345.0,"POB24":65.0,"POB42":285.0,"POB84":298.0,"POB125_R":104.6,"POB126_R":69.0,"POB127_R":50.1,"POB128_R":18.8,"POB129_R":30.0,"OID":1493,"denominacion_oficial":"C04_Loc_rur","modulo_asignado":"Mapa Base","instrumento_vigencia":"","fecha_actualizacion":"2026-07-29","fuente_custodio":"SCINCE_2020","responsable_institucional":"INEGI","proyeccion_original":"EPSG:6372","proyeccion_actual":"EPSG:4326","cobertura_territorial":"Estatal","restricciones_uso":"Público"},"geometry":{"type":"Point","coordinates":[-92.095266,18.333493]}},{"type":"Feature","properties":{"CVEGEO":"040070154","NOM_MUN":"Palizada","NOMGEO":"San Juan","CVE_AGEB":"0391","POB1":172.0,"POB8":45.0,"POB12":99.0,"POB24":28.0,"POB42":84.0,"POB84":88.0,"POB125_R":104.8,"POB126_R":73.7,"POB127_R":45.5,"POB128_R":28.3,"POB129_R":37.0,"OID":1496,"denominacion_oficial":"C04_Loc_rur","modulo_asignado":"Mapa Base","instrumento_vigencia":"","fecha_actualizacion":"2026-07-29","fuente_custodio":"SCINCE_2020","responsable_institucional":"INEGI","proyeccion_original":"EPSG:6372","proyeccion_actual":"EPSG:4326","cobertura_territorial":"Estatal","restricciones_uso":"Público"},"geometry":{"type":"Point","coordinates":[-92.06547,18.333157]}},{"type":"Feature","properties":{"CVEGEO":"040070169","NOM_MUN":"Palizada","NOMGEO":"Santa Cruz","CVE_AGEB":"0419","POB1":285.0,"POB8":76.0,"POB12":187.0,"POB24":22.0,"POB42":138.0,"POB84":147.0,"POB125_R":106.5,"POB126_R":52.4,"POB127_R":40.6,"POB128_R":11.8,"POB129_R":30.0,"OID":1500,"denominacion_oficial":"C04_Loc_rur","modulo_asignado":"Mapa Base","instrumento_vigencia":"","fecha_actualizacion":"2026-07-29","fuente_custodio":"SCINCE_2020","responsable_institucional":"INEGI","proyeccion_original":"EPSG:6372","proyeccion_actual":"EPSG:4326","cobertura_territorial":"Estatal","restricciones_uso":"Público"},"geometry":{"type":"Point","coordinates":[-92.108071,18.298028]}},{"type":"Feature","properties":{"CVEGEO":"040070320","NOM_MUN":"Palizada","NOMGEO":"Lagón Dulce","CVE_AGEB":"025A","POB1":145.0,"POB8":32.0,"POB12":98.0,"POB24":15.0,"POB42":75.0,"POB84":70.0,"POB125_R":93.3,"POB126_R":48.0,"POB127_R":32.7,"POB128_R":15.3,"POB129_R":37.0,"OID":1525,"denominacion_oficial":"C04_Loc_rur","modulo_asignado":"Mapa Base","instrumento_vigencia":"","fecha_actualizacion":"2026-07-29","fuente_custodio":"SCINCE_2020","responsable_institucional":"INEGI","proyeccion_original":"EPSG:6372","proyeccion_actual":"EPSG:4326","cobertura_territorial":"Estatal","restricciones_uso":"Público"},"geometry":{"type":"Point","coordinates":[-91.918575,18.332006]}},{"type":"Feature","properties":{"CVEGEO":"040070521","NOM_MUN":"Palizada","NOMGEO":"Ribera Gómez","CVE_AGEB":"0404","POB1":165.0,"POB8":55.0,"POB12":100.0,"POB24":10.0,"POB42":87.0,"POB84":78.0,"POB125_R":89.7,"POB126_R":65.0,"POB127_R":55.0,"POB128_R":10.0,"POB129_R":27.0,"OID":1544,"denominacion_oficial":"C04_Loc_rur","modulo_asignado":"Mapa Base","instrumento_vigencia":"","fecha_actualizacion":"2026-07-29","fuente_custodio":"SCINCE_2020","responsable_institucional":"INEGI","proyeccion_original":"EPSG:6372","proyeccion_actual":"EPSG:4326","cobertura_territorial":"Estatal","restricciones_uso":"Público"},"geometry":{"type":"Point","coordinates":[-91.988769,18.271677]}},{"type":"Feature","properties":{"CVEGEO":"040070663","NOM_MUN":"Palizada","NOMGEO":"El ParaÃíso","CVE_AGEB":"0419","POB1":136.0,"POB8":32.0,"POB12":82.0,"POB24":22.0,"POB42":63.0,"POB84":73.0,"POB125_R":115.9,"POB126_R":65.9,"POB127_R":39.0,"POB128_R":26.8,"POB129_R":36.0,"OID":1549,"denominacion_oficial":"C04_Loc_rur","modulo_asignado":"Mapa Base","instrumento_vigencia":"","fecha_actualizacion":"2026-07-29","fuente_custodio":"SCINCE_2020","responsable_institucional":"INEGI","proyeccion_original":"EPSG:6372","proyeccion_actual":"EPSG:4326","cobertura_territorial":"Estatal","restricciones_uso":"Público"},"geometry":{"type":"Point","coordinates":[-92.11891,18.236106]}},{"type":"Feature","properties":{"CVEGEO":"040070682","NOM_MUN":"Palizada","NOMGEO":"San Agustí­n (La Rebeza)","CVE_AGEB":"0419","POB1":305.0,"POB8":79.0,"POB12":183.0,"POB24":43.0,"POB42":137.0,"POB84":168.0,"POB125_R":122.6,"POB126_R":66.7,"POB127_R":43.2,"POB128_R":23.5,"POB129_R":31.0,"OID":1551,"denominacion_oficial":"C04_Loc_rur","modulo_asignado":"Mapa Base","instrumento_vigencia":"","fecha_actualizacion":"2026-07-29","fuente_custodio":"SCINCE_2020","responsable_institucional":"INEGI","proyeccion_original":"EPSG:6372","proyeccion_actual":"EPSG:4326","cobertura_territorial":"Estatal","restricciones_uso":"Público"},"geometry":{"type":"Point","coordinates":[-92.110738,18.257311]}},{"type":"Feature","properties":{"CVEGEO":"040080002","NOM_MUN":"Tenabo","NOMGEO":"Emiliano Zapata","CVE_AGEB":"0191","POB1":469.0,"POB8":129.0,"POB12":311.0,"POB24":29.0,"POB42":234.0,"POB84":235.0,"POB125_R":100.4,"POB126_R":50.8,"POB127_R":41.5,"POB128_R":9.3,"POB129_R":28.0,"OID":1607,"denominacion_oficial":"C04_Loc_rur","modulo_asignado":"Mapa Base","instrumento_vigencia":"","fecha_actualizacion":"2026-07-29","fuente_custodio":"SCINCE_2020","responsable_institucional":"INEGI","proyeccion_original":"EPSG:6372","proyeccion_actual":"EPSG:4326","cobertura_territorial":"Estatal","restricciones_uso":"Público"},"geometry":{"type":"Point","coordinates":[-90.154151,19.824409]}},{"type":"Feature","properties":{"CVEGEO":"040080003","NOM_MUN":"Tenabo","NOMGEO":"Kankí","CVE_AGEB":"0187","POB1":268.0,"POB8":86.0,"POB12":161.0,"POB24":21.0,"POB42":138.0,"POB84":130.0,"POB125_R":94.2,"POB126_R":66.5,"POB127_R":53.4,"POB128_R":13.0,"POB129_R":28.0,"OID":1608,"denominacion_oficial":"C04_Loc_rur","modulo_asignado":"Mapa Base","instrumento_vigencia":"","fecha_actualizacion":"2026-07-29","fuente_custodio":"SCINCE_2020","responsable_institucional":"INEGI","proyeccion_original":"EPSG:6372","proyeccion_actual":"EPSG:4326","cobertura_territorial":"Estatal","restricciones_uso":"Público"},"geometry":{"type":"Point","coordinates":[-90.118087,19.988874]}},{"type":"Feature","properties":{"CVEGEO":"040080005","NOM_MUN":"Tenabo","NOMGEO":"Tinún","CVE_AGEB":"0172","POB1":1084.0,"POB8":259.0,"POB12":685.0,"POB24":140.0,"POB42":535.0,"POB84":549.0,"POB125_R":102.6,"POB126_R":58.2,"POB127_R":37.8,"POB128_R":20.4,"POB129_R":33.0,"OID":1609,"denominacion_oficial":"C04_Loc_rur","modulo_asignado":"Mapa Base","instrumento_vigencia":"","fecha_actualizacion":"2026-07-29","fuente_custodio":"SCINCE_2020","responsable_institucional":"INEGI","proyeccion_original":"EPSG:6372","proyeccion_actual":"EPSG:4326","cobertura_territorial":"Estatal","restricciones_uso":"Público"},"geometry":{"type":"Point","coordinates":[-90.226057,19.965353]}},{"type":"Feature","properties":{"CVEGEO":"040080016","NOM_MUN":"Tenabo","NOMGEO":"Xkuncheil","CVE_AGEB":"0168","POB1":105.0,"POB8":21.0,"POB12":68.0,"POB24":16.0,"POB42":46.0,"POB84":59.0,"POB125_R":128.3,"POB126_R":54.4,"POB127_R":30.9,"POB128_R":23.5,"POB129_R":32.0,"OID":1610,"denominacion_oficial":"C04_Loc_rur","modulo_asignado":"Mapa Base","instrumento_vigencia":"","fecha_actualizacion":"2026-07-29","fuente_custodio":"SCINCE_2020","responsable_institucional":"INEGI","proyeccion_original":"EPSG:6372","proyeccion_actual":"EPSG:4326","cobertura_territorial":"Estatal","restricciones_uso":"Público"},"geometry":{"type":"Point","coordinates":[-90.345833,19.955244]}},{"type":"Feature","properties":{"CVEGEO":"040080098","NOM_MUN":"Tenabo","NOMGEO":"Santa Rosa","CVE_AGEB":"0168","POB1":289.0,"POB8":80.0,"POB12":184.0,"POB24":25.0,"POB42":138.0,"POB84":151.0,"POB125_R":109.4,"POB126_R":57.1,"POB127_R":43.5,"POB128_R":13.6,"POB129_R":27.0,"OID":1617,"denominacion_oficial":"C04_Loc_rur","modulo_asignado":"Mapa Base","instrumento_vigencia":"","fecha_actualizacion":"2026-07-29","fuente_custodio":"SCINCE_2020","responsable_institucional":"INEGI","proyeccion_original":"EPSG:6372","proyeccion_actual":"EPSG:4326","cobertura_territorial":"Estatal","restricciones_uso":"Público"},"geometry":{"type":"Point","coordinates":[-90.243814,20.031247]}},{"type":"Feature","properties":{"CVEGEO":"040080113","NOM_MUN":"Tenabo","NOMGEO":"Chaví Número Tres [Campo Menonita]","CVE_AGEB":"0238","POB1":152.0,"POB8":89.0,"POB12":63.0,"POB24":0.0,"POB42":67.0,"POB84":85.0,"POB125_R":126.9,"POB126_R":141.3,"POB127_R":141.3,"POB128_R":0.0,"POB129_R":12.0,"OID":1620,"denominacion_oficial":"C04_Loc_rur","modulo_asignado":"Mapa Base","instrumento_vigencia":"","fecha_actualizacion":"2026-07-29","fuente_custodio":"SCINCE_2020","responsable_institucional":"INEGI","proyeccion_original":"EPSG:6372","proyeccion_actual":"EPSG:4326","cobertura_territorial":"Estatal","restricciones_uso":"Público"},"geometry":{"type":"Point","coordinates":[-90.022406,19.975407]}},{"type":"Feature","properties":{"CVEGEO":"040080138","NOM_MUN":"Tenabo","NOMGEO":"Chaví Número Cinco [Campo Menonita]","CVE_AGEB":"0238","POB1":110.0,"POB8":59.0,"POB12":51.0,"POB24":0.0,"POB42":54.0,"POB84":56.0,"POB125_R":103.7,"POB126_R":115.7,"POB127_R":115.7,"POB128_R":0.0,"POB129_R":13.0,"OID":1624,"denominacion_oficial":"C04_Loc_rur","modulo_asignado":"Mapa Base","instrumento_vigencia":"","fecha_actualizacion":"2026-07-29","fuente_custodio":"SCINCE_2020","responsable_institucional":"INEGI","proyeccion_original":"EPSG:6372","proyeccion_actual":"EPSG:4326","cobertura_territorial":"Estatal","restricciones_uso":"Público"},"geometry":{"type":"Point","coordinates":[-90.045497,19.964788]}},{"type":"Feature","properties":{"CVEGEO":"040090018","NOM_MUN":"Escárcega","NOMGEO":"La Asunción","CVE_AGEB":"0220","POB1":292.0,"POB8":92.0,"POB12":177.0,"POB24":23.0,"POB42":145.0,"POB84":147.0,"POB125_R":101.4,"POB126_R":65.0,"POB127_R":52.0,"POB128_R":13.0,"POB129_R":25.0,"OID":1635,"denominacion_oficial":"C04_Loc_rur","modulo_asignado":"Mapa Base","instrumento_vigencia":"","fecha_actualizacion":"2026-07-29","fuente_custodio":"SCINCE_2020","responsable_institucional":"INEGI","proyeccion_original":"EPSG:6372","proyeccion_actual":"EPSG:4326","cobertura_territorial":"Estatal","restricciones_uso":"Público"},"geometry":{"type":"Point","coordinates":[-90.820754,18.6892]}},{"type":"Feature","properties":{"CVEGEO":"040090025","NOM_MUN":"Escárcega","NOMGEO":"Belén","CVE_AGEB":"0292","POB1":258.0,"POB8":77.0,"POB12":166.0,"POB24":15.0,"POB42":143.0,"POB84":115.0,"POB125_R":80.4,"POB126_R":55.4,"POB127_R":46.4,"POB128_R":9.0,"POB129_R":27.5,"OID":1637,"denominacion_oficial":"C04_Loc_rur","modulo_asignado":"Mapa Base","instrumento_vigencia":"","fecha_actualizacion":"2026-07-29","fuente_custodio":"SCINCE_2020","responsable_institucional":"INEGI","proyeccion_original":"EPSG:6372","proyeccion_actual":"EPSG:4326","cobertura_territorial":"Estatal","restricciones_uso":"Público"},"geometry":{"type":"Point","coordinates":[-90.576266,18.57328]}},{"type":"Feature","properties":{"CVEGEO":"040090026","NOM_MUN":"Escárcega","NOMGEO":"Benito Juárez Número 2 (La Polla)","CVE_AGEB":"0343","POB1":258.0,"POB8":105.0,"POB12":139.0,"POB24":14.0,"POB42":129.0,"POB84":129.0,"POB125_R":100.0,"POB126_R":85.6,"POB127_R":75.5,"POB128_R":10.1,"POB129_R":21.0,"OID":1638,"denominacion_oficial":"C04_Loc_rur","modulo_asignado":"Mapa Base","instrumento_vigencia":"","fecha_actualizacion":"2026-07-29","fuente_custodio":"SCINCE_2020","responsable_institucional":"INEGI","proyeccion_original":"EPSG:6372","proyeccion_actual":"EPSG:4326","cobertura_territorial":"Estatal","restricciones_uso":"Público"},"geometry":{"type":"Point","coordinates":[-90.974859,18.378071]}},{"type":"Feature","properties":{"CVEGEO":"040090073","NOM_MUN":"Escárcega","NOMGEO":"La Chiquita","CVE_AGEB":"0235","POB1":397.0,"POB8":135.0,"POB12":243.0,"POB24":19.0,"POB42":210.0,"POB84":187.0,"POB125_R":89.0,"POB126_R":63.4,"POB127_R":55.6,"POB128_R":7.8,"POB129_R":24.0,"OID":1642,"denominacion_oficial":"C04_Loc_rur","modulo_asignado":"Mapa Base","instrumento_vigencia":"","fecha_actualizacion":"2026-07-29","fuente_custodio":"SCINCE_2020","responsable_institucional":"INEGI","proyeccion_original":"EPSG:6372","proyeccion_actual":"EPSG:4326","cobertura_territorial":"Estatal","restricciones_uso":"Público"},"geometry":{"type":"Point","coordinates":[-90.717912,18.62844]}},{"type":"Feature","properties":{"CVEGEO":"040090080","NOM_MUN":"Escárcega","NOMGEO":"Colonia San Francisco (El Cinco)","CVE_AGEB":"0235","POB1":149.0,"POB8":38.0,"POB12":97.0,"POB24":14.0,"POB42":65.0,"POB84":84.0,"POB125_R":129.2,"POB126_R":53.6,"POB127_R":39.2,"POB128_R":14.4,"POB129_R":28.0,"OID":1644,"denominacion_oficial":"C04_Loc_rur","modulo_asignado":"Mapa Base","instrumento_vigencia":"","fecha_actualizacion":"2026-07-29","fuente_custodio":"SCINCE_2020","responsable_institucional":"INEGI","proyeccion_original":"EPSG:6372","proyeccion_actual":"EPSG:4326","cobertura_territorial":"Estatal","restricciones_uso":"Público"},"geometry":{"type":"Point","coordinates":[-90.694989,18.601876]}},{"type":"Feature","properties":{"CVEGEO":"040090108","NOM_MUN":"Escárcega","NOMGEO":"Don Samuel","CVE_AGEB":"0358","POB1":1214.0,"POB8":333.0,"POB12":786.0,"POB24":95.0,"POB42":592.0,"POB84":622.0,"POB125_R":105.1,"POB126_R":54.5,"POB127_R":42.4,"POB128_R":12.1,"POB129_R":29.0,"OID":1646,"denominacion_oficial":"C04_Loc_rur","modulo_asignado":"Mapa Base","instrumento_vigencia":"","fecha_actualizacion":"2026-07-29","fuente_custodio":"SCINCE_2020","responsable_institucional":"INEGI","proyeccion_original":"EPSG:6372","proyeccion_actual":"EPSG:4326","cobertura_territorial":"Estatal","restricciones_uso":"Público"},"geometry":{"type":"Point","coordinates":[-90.855709,18.359735]}},{"type":"Feature","properties":{"CVEGEO":"040090131","NOM_MUN":"Escárcega","NOMGEO":"La Esperanza","CVE_AGEB":"0235","POB1":157.0,"POB8":43.0,"POB12":104.0,"POB24":10.0,"POB42":83.0,"POB84":74.0,"POB125_R":89.2,"POB126_R":51.0,"POB127_R":41.3,"POB128_R":9.6,"POB129_R":25.0,"OID":1650,"denominacion_oficial":"C04_Loc_rur","modulo_asignado":"Mapa Base","instrumento_vigencia":"","fecha_actualizacion":"2026-07-29","fuente_custodio":"SCINCE_2020","responsable_institucional":"INEGI","proyeccion_original":"EPSG:6372","proyeccion_actual":"EPSG:4326","cobertura_territorial":"Estatal","restricciones_uso":"Público"},"geometry":{"type":"Point","coordinates":[-90.734984,18.740079]}},{"type":"Feature","properties":{"CVEGEO":"040090140","NOM_MUN":"Escárcega","NOMGEO":"La Flor","CVE_AGEB":"0343","POB1":169.0,"POB8":62.0,"POB12":98.0,"POB24":9.0,"POB42":77.0,"POB84":92.0,"POB125_R":119.5,"POB126_R":72.4,"POB127_R":63.3,"POB128_R":9.2,"POB129_R":22.0,"OID":1653,"denominacion_oficial":"C04_Loc_rur","modulo_asignado":"Mapa Base","instrumento_vigencia":"","fecha_actualizacion":"2026-07-29","fuente_custodio":"SCINCE_2020","responsable_institucional":"INEGI","proyeccion_original":"EPSG:6372","proyeccion_actual":"EPSG:4326","cobertura_territorial":"Estatal","restricciones_uso":"Público"},"geometry":{"type":"Point","coordinates":[-90.961389,18.334722]}},{"type":"Feature","properties":{"CVEGEO":"040090147","NOM_MUN":"Escárcega","NOMGEO":"Francisco I. Madero","CVE_AGEB":"0343","POB1":350.0,"POB8":102.0,"POB12":212.0,"POB24":36.0,"POB42":167.0,"POB84":183.0,"POB125_R":109.6,"POB126_R":65.1,"POB127_R":48.1,"POB128_R":17.0,"POB129_R":27.5,"OID":1654,"denominacion_oficial":"C04_Loc_rur","modulo_asignado":"Mapa Base","instrumento_vigencia":"","fecha_actualizacion":"2026-07-29","fuente_custodio":"SCINCE_2020","responsable_institucional":"INEGI","proyeccion_original":"EPSG:6372","proyeccion_actual":"EPSG:4326","cobertura_territorial":"Estatal","restricciones_uso":"Público"},"geometry":{"type":"Point","coordinates":[-90.885046,18.361088]}},{"type":"Feature","properties":{"CVEGEO":"040090152","NOM_MUN":"Escárcega","NOMGEO":"El Gallo","CVE_AGEB":"0273","POB1":198.0,"POB8":77.0,"POB12":113.0,"POB24":8.0,"POB42":93.0,"POB84":105.0,"POB125_R":112.9,"POB126_R":75.2,"POB127_R":68.1,"POB128_R":7.1,"POB129_R":22.0,"OID":1656,"denominacion_oficial":"C04_Loc_rur","modulo_asignado":"Mapa Base","instrumento_vigencia":"","fecha_actualizacion":"2026-07-29","fuente_custodio":"SCINCE_2020","responsable_institucional":"INEGI","proyeccion_original":"EPSG:6372","proyeccion_actual":"EPSG:4326","cobertura_territorial":"Estatal","restricciones_uso":"Público"},"geometry":{"type":"Point","coordinates":[-90.989302,18.416916]}},{"type":"Feature","properties":{"CVEGEO":"040090163","NOM_MUN":"Escárcega","NOMGEO":"General Rodolfo Fierros","CVE_AGEB":"0292","POB1":122.0,"POB8":33.0,"POB12":76.0,"POB24":13.0,"POB42":58.0,"POB84":64.0,"POB125_R":110.3,"POB126_R":60.5,"POB127_R":43.4,"POB128_R":17.1,"POB129_R":25.0,"OID":1657,"denominacion_oficial":"C04_Loc_rur","modulo_asignado":"Mapa Base","instrumento_vigencia":"","fecha_actualizacion":"2026-07-29","fuente_custodio":"SCINCE_2020","responsable_institucional":"INEGI","proyeccion_original":"EPSG:6372","proyeccion_actual":"EPSG:4326","cobertura_territorial":"Estatal","restricciones_uso":"Público"},"geometry":{"type":"Point","coordinates":[-90.600847,18.575165]}},{"type":"Feature","properties":{"CVEGEO":"040090170","NOM_MUN":"Escárcega","NOMGEO":"Guadalajara","CVE_AGEB":"0343","POB1":107.0,"POB8":40.0,"POB12":60.0,"POB24":7.0,"POB42":54.0,"POB84":53.0,"POB125_R":98.1,"POB126_R":78.3,"POB127_R":66.7,"POB128_R":11.7,"POB129_R":22.0,"OID":1658,"denominacion_oficial":"C04_Loc_rur","modulo_asignado":"Mapa Base","instrumento_vigencia":"","fecha_actualizacion":"2026-07-29","fuente_custodio":"SCINCE_2020","responsable_institucional":"INEGI","proyeccion_original":"EPSG:6372","proyeccion_actual":"EPSG:4326","cobertura_territorial":"Estatal","restricciones_uso":"Público"},"geometry":{"type":"Point","coordinates":[-90.992522,18.392393]}},{"type":"Feature","properties":{"CVEGEO":"040090178","NOM_MUN":"Escárcega","NOMGEO":"Haro","CVE_AGEB":"0358","POB1":1231.0,"POB8":351.0,"POB12":778.0,"POB24":102.0,"POB42":623.0,"POB84":608.0,"POB125_R":97.6,"POB126_R":58.2,"POB127_R":45.1,"POB128_R":13.1,"POB129_R":27.0,"OID":1659,"denominacion_oficial":"C04_Loc_rur","modulo_asignado":"Mapa Base","instrumento_vigencia":"","fecha_actualizacion":"2026-07-29","fuente_custodio":"SCINCE_2020","responsable_institucional":"INEGI","proyeccion_original":"EPSG:6372","proyeccion_actual":"EPSG:4326","cobertura_territorial":"Estatal","restricciones_uso":"Público"},"geometry":{"type":"Point","coordinates":[-90.791259,18.446739]}},{"type":"Feature","properties":{"CVEGEO":"040090190","NOM_MUN":"Escárcega","NOMGEO":"El Huiro","CVE_AGEB":"0273","POB1":404.0,"POB8":157.0,"POB12":227.0,"POB24":20.0,"POB42":186.0,"POB84":218.0,"POB125_R":117.2,"POB126_R":78.0,"POB127_R":69.2,"POB128_R":8.8,"POB129_R":19.0,"OID":1660,"denominacion_oficial":"C04_Loc_rur","modulo_asignado":"Mapa Base","instrumento_vigencia":"","fecha_actualizacion":"2026-07-29","fuente_custodio":"SCINCE_2020","responsable_institucional":"INEGI","proyeccion_original":"EPSG:6372","proyeccion_actual":"EPSG:4326","cobertura_territorial":"Estatal","restricciones_uso":"Público"},"geometry":{"type":"Point","coordinates":[-90.959211,18.408841]}},{"type":"Feature","properties":{"CVEGEO":"040090238","NOM_MUN":"Escárcega","NOMGEO":"José de la Cruz Blanco","CVE_AGEB":"0220","POB1":698.0,"POB8":232.0,"POB12":426.0,"POB24":40.0,"POB42":350.0,"POB84":348.0,"POB125_R":99.4,"POB126_R":63.8,"POB127_R":54.5,"POB128_R":9.4,"POB129_R":24.0,"OID":1665,"denominacion_oficial":"C04_Loc_rur","modulo_asignado":"Mapa Base","instrumento_vigencia":"","fecha_actualizacion":"2026-07-29","fuente_custodio":"SCINCE_2020","responsable_institucional":"INEGI","proyeccion_original":"EPSG:6372","proyeccion_actual":"EPSG:4326","cobertura_territorial":"Estatal","restricciones_uso":"Público"},"geometry":{"type":"Point","coordinates":[-90.784718,18.621066]}},{"type":"Feature","properties":{"CVEGEO":"040090242","NOM_MUN":"Escárcega","NOMGEO":"Justicia Social","CVE_AGEB":"0305","POB1":775.0,"POB8":227.0,"POB12":474.0,"POB24":74.0,"POB42":374.0,"POB84":401.0,"POB125_R":107.2,"POB126_R":63.5,"POB127_R":47.9,"POB128_R":15.6,"POB129_R":29.0,"OID":1666,"denominacion_oficial":"C04_Loc_rur","modulo_asignado":"Mapa Base","instrumento_vigencia":"","fecha_actualizacion":"2026-07-29","fuente_custodio":"SCINCE_2020","responsable_institucional":"INEGI","proyeccion_original":"EPSG:6372","proyeccion_actual":"EPSG:4326","cobertura_territorial":"Estatal","restricciones_uso":"Público"},"geometry":{"type":"Point","coordinates":[-90.386644,18.621162]}},{"type":"Feature","properties":{"CVEGEO":"040090247","NOM_MUN":"Escárcega","NOMGEO":"Kilómetro Treinta y Seis","CVE_AGEB":"0220","POB1":825.0,"POB8":232.0,"POB12":522.0,"POB24":71.0,"POB42":409.0,"POB84":416.0,"POB125_R":101.7,"POB126_R":58.0,"POB127_R":44.4,"POB128_R":13.6,"POB129_R":28.0,"OID":1667,"denominacion_oficial":"C04_Loc_rur","modulo_asignado":"Mapa Base","instrumento_vigencia":"","fecha_actualizacion":"2026-07-29","fuente_custodio":"SCINCE_2020","responsable_institucional":"INEGI","proyeccion_original":"EPSG:6372","proyeccion_actual":"EPSG:4326","cobertura_territorial":"Estatal","restricciones_uso":"Público"},"geometry":{"type":"Point","coordinates":[-90.847851,18.617305]}},{"type":"Feature","properties":{"CVEGEO":"040090252","NOM_MUN":"Escárcega","NOMGEO":"Kilómetro Setenta y Cuatro","CVE_AGEB":"0220","POB1":387.0,"POB8":139.0,"POB12":219.0,"POB24":29.0,"POB42":190.0,"POB84":197.0,"POB125_R":103.7,"POB126_R":76.7,"POB127_R":63.5,"POB128_R":13.2,"POB129_R":24.0,"OID":1668,"denominacion_oficial":"C04_Loc_rur","modulo_asignado":"Mapa Base","instrumento_vigencia":"","fecha_actualizacion":"2026-07-29","fuente_custodio":"SCINCE_2020","responsable_institucional":"INEGI","proyeccion_original":"EPSG:6372","proyeccion_actual":"EPSG:4326","cobertura_territorial":"Estatal","restricciones_uso":"Público"},"geometry":{"type":"Point","coordinates":[-90.75581,18.701737]}},{"type":"Feature","properties":{"CVEGEO":"040090255","NOM_MUN":"Escárcega","NOMGEO":"El Lechugal","CVE_AGEB":"0254","POB1":635.0,"POB8":173.0,"POB12":417.0,"POB24":45.0,"POB42":312.0,"POB84":323.0,"POB125_R":103.5,"POB126_R":52.3,"POB127_R":41.5,"POB128_R":10.8,"POB129_R":26.0,"OID":1669,"denominacion_oficial":"C04_Loc_rur","modulo_asignado":"Mapa Base","instrumento_vigencia":"","fecha_actualizacion":"2026-07-29","fuente_custodio":"SCINCE_2020","responsable_institucional":"INEGI","proyeccion_original":"EPSG:6372","proyeccion_actual":"EPSG:4326","cobertura_territorial":"Estatal","restricciones_uso":"Público"},"geometry":{"type":"Point","coordinates":[-90.424371,18.601574]}},{"type":"Feature","properties":{"CVEGEO":"040090256","NOM_MUN":"Escárcega","NOMGEO":"La Libertad","CVE_AGEB":"0292","POB1":1469.0,"POB8":483.0,"POB12":888.0,"POB24":98.0,"POB42":746.0,"POB84":723.0,"POB125_R":96.9,"POB126_R":65.4,"POB127_R":54.4,"POB128_R":11.0,"POB129_R":24.0,"OID":1670,"denominacion_oficial":"C04_Loc_rur","modulo_asignado":"Mapa Base","instrumento_vigencia":"","fecha_actualizacion":"2026-07-29","fuente_custodio":"SCINCE_2020","responsable_institucional":"INEGI","proyeccion_original":"EPSG:6372","proyeccion_actual":"EPSG:4326","cobertura_territorial":"Estatal","restricciones_uso":"Público"},"geometry":{"type":"Point","coordinates":[-90.513168,18.573364]}},{"type":"Feature","properties":{"CVEGEO":"040090268","NOM_MUN":"Escárcega","NOMGEO":"Luna","CVE_AGEB":"0343","POB1":884.0,"POB8":257.0,"POB12":547.0,"POB24":80.0,"POB42":407.0,"POB84":477.0,"POB125_R":117.2,"POB126_R":61.6,"POB127_R":47.0,"POB128_R":14.6,"POB129_R":28.0,"OID":1673,"denominacion_oficial":"C04_Loc_rur","modulo_asignado":"Mapa Base","instrumento_vigencia":"","fecha_actualizacion":"2026-07-29","fuente_custodio":"SCINCE_2020","responsable_institucional":"INEGI","proyeccion_original":"EPSG:6372","proyeccion_actual":"EPSG:4326","cobertura_territorial":"Estatal","restricciones_uso":"Público"},"geometry":{"type":"Point","coordinates":[-90.899678,18.295413]}},{"type":"Feature","properties":{"CVEGEO":"040090282","NOM_MUN":"Escárcega","NOMGEO":"Matamoros","CVE_AGEB":"024A","POB1":1677.0,"POB8":523.0,"POB12":1050.0,"POB24":104.0,"POB42":852.0,"POB84":825.0,"POB125_R":96.8,"POB126_R":59.7,"POB127_R":49.8,"POB128_R":9.9,"POB129_R":26.0,"OID":1675,"denominacion_oficial":"C04_Loc_rur","modulo_asignado":"Mapa Base","instrumento_vigencia":"","fecha_actualizacion":"2026-07-29","fuente_custodio":"SCINCE_2020","responsable_institucional":"INEGI","proyeccion_original":"EPSG:6372","proyeccion_actual":"EPSG:4326","cobertura_territorial":"Estatal","restricciones_uso":"Público"},"geometry":{"type":"Point","coordinates":[-90.64552,18.584636]}},{"type":"Feature","properties":{"CVEGEO":"040090288","NOM_MUN":"Escárcega","NOMGEO":"Miguel Hidalgo (Caracol)","CVE_AGEB":"0288","POB1":379.0,"POB8":148.0,"POB12":200.0,"POB24":28.0,"POB42":190.0,"POB84":189.0,"POB125_R":99.5,"POB126_R":88.0,"POB127_R":74.0,"POB128_R":14.0,"POB129_R":22.0,"OID":1676,"denominacion_oficial":"C04_Loc_rur","modulo_asignado":"Mapa Base","instrumento_vigencia":"","fecha_actualizacion":"2026-07-29","fuente_custodio":"SCINCE_2020","responsable_institucional":"INEGI","proyeccion_original":"EPSG:6372","proyeccion_actual":"EPSG:4326","cobertura_territorial":"Estatal","restricciones_uso":"Público"},"geometry":{"type":"Point","coordinates":[-90.667422,18.544379]}},{"type":"Feature","properties":{"CVEGEO":"040090322","NOM_MUN":"Escárcega","NOMGEO":"Nuevo Progreso Dos","CVE_AGEB":"0216","POB1":741.0,"POB8":212.0,"POB12":468.0,"POB24":61.0,"POB42":373.0,"POB84":368.0,"POB125_R":98.7,"POB126_R":58.3,"POB127_R":45.3,"POB128_R":13.0,"POB129_R":29.0,"OID":1681,"denominacion_oficial":"C04_Loc_rur","modulo_asignado":"Mapa Base","instrumento_vigencia":"","fecha_actualizacion":"2026-07-29","fuente_custodio":"SCINCE_2020","responsable_institucional":"INEGI","proyeccion_original":"EPSG:6372","proyeccion_actual":"EPSG:4326","cobertura_territorial":"Estatal","restricciones_uso":"Público"},"geometry":{"type":"Point","coordinates":[-90.915722,18.621743]}},{"type":"Feature","properties":{"CVEGEO":"040090536","NOM_MUN":"Escárcega","NOMGEO":"La Victoria","CVE_AGEB":"0273","POB1":949.0,"POB8":354.0,"POB12":543.0,"POB24":48.0,"POB42":443.0,"POB84":506.0,"POB125_R":114.2,"POB126_R":74.0,"POB127_R":65.2,"POB128_R":8.8,"POB129_R":19.0,"OID":1701,"denominacion_oficial":"C04_Loc_rur","modulo_asignado":"Mapa Base","instrumento_vigencia":"","fecha_actualizacion":"2026-07-29","fuente_custodio":"SCINCE_2020","responsable_institucional":"INEGI","proyeccion_original":"EPSG:6372","proyeccion_actual":"EPSG:4326","cobertura_territorial":"Estatal","restricciones_uso":"Público"},"geometry":{"type":"Point","coordinates":[-90.923516,18.490674]}},{"type":"Feature","properties":{"CVEGEO":"040090865","NOM_MUN":"Escárcega","NOMGEO":"Nuevo Campeche (Tres Aguadas)","CVE_AGEB":"0292","POB1":435.0,"POB8":144.0,"POB12":270.0,"POB24":21.0,"POB42":230.0,"POB84":205.0,"POB125_R":89.1,"POB126_R":61.1,"POB127_R":53.3,"POB128_R":7.8,"POB129_R":24.0,"OID":1738,"denominacion_oficial":"C04_Loc_rur","modulo_asignado":"Mapa Base","instrumento_vigencia":"","fecha_actualizacion":"2026-07-29","fuente_custodio":"SCINCE_2020","responsable_institucional":"INEGI","proyeccion_original":"EPSG:6372","proyeccion_actual":"EPSG:4326","cobertura_territorial":"Estatal","restricciones_uso":"Público"},"geometry":{"type":"Point","coordinates":[-90.532689,18.504173]}},{"type":"Feature","properties":{"CVEGEO":"040090936","NOM_MUN":"Escárcega","NOMGEO":"Altamira de Zináparo","CVE_AGEB":"0625","POB1":1167.0,"POB8":357.0,"POB12":733.0,"POB24":77.0,"POB42":577.0,"POB84":590.0,"POB125_R":102.3,"POB126_R":59.2,"POB127_R":48.7,"POB128_R":10.5,"POB129_R":26.0,"OID":1743,"denominacion_oficial":"C04_Loc_rur","modulo_asignado":"Mapa Base","instrumento_vigencia":"","fecha_actualizacion":"2026-07-29","fuente_custodio":"SCINCE_2020","responsable_institucional":"INEGI","proyeccion_original":"EPSG:6372","proyeccion_actual":"EPSG:4326","cobertura_territorial":"Estatal","restricciones_uso":"Público"},"geometry":{"type":"Point","coordinates":[-90.257453,18.5813]}},{"type":"Feature","properties":{"CVEGEO":"040090941","NOM_MUN":"Escárcega","NOMGEO":"Centenario","CVE_AGEB":"0606","POB1":1038.0,"POB8":330.0,"POB12":630.0,"POB24":78.0,"POB42":545.0,"POB84":493.0,"POB125_R":90.5,"POB126_R":64.8,"POB127_R":52.4,"POB128_R":12.4,"POB129_R":26.0,"OID":1744,"denominacion_oficial":"C04_Loc_rur","modulo_asignado":"Mapa Base","instrumento_vigencia":"","fecha_actualizacion":"2026-07-29","fuente_custodio":"SCINCE_2020","responsable_institucional":"INEGI","proyeccion_original":"EPSG:6372","proyeccion_actual":"EPSG:4326","cobertura_territorial":"Estatal","restricciones_uso":"Público"},"geometry":{"type":"Point","coordinates":[-90.285501,18.650617]}},{"type":"Feature","properties":{"CVEGEO":"040090945","NOM_MUN":"Escárcega","NOMGEO":"Chan Laguna","CVE_AGEB":"0625","POB1":582.0,"POB8":202.0,"POB12":341.0,"POB24":39.0,"POB42":267.0,"POB84":315.0,"POB125_R":118.0,"POB126_R":70.7,"POB127_R":59.2,"POB128_R":11.4,"POB129_R":23.0,"OID":1745,"denominacion_oficial":"C04_Loc_rur","modulo_asignado":"Mapa Base","instrumento_vigencia":"","fecha_actualizacion":"2026-07-29","fuente_custodio":"SCINCE_2020","responsable_institucional":"INEGI","proyeccion_original":"EPSG:6372","proyeccion_actual":"EPSG:4326","cobertura_territorial":"Estatal","restricciones_uso":"Público"},"geometry":{"type":"Point","coordinates":[-90.208774,18.481336]}},{"type":"Feature","properties":{"CVEGEO":"040090947","NOM_MUN":"Escárcega","NOMGEO":"Flor de Chiapas","CVE_AGEB":"0610","POB1":357.0,"POB8":134.0,"POB12":205.0,"POB24":18.0,"POB42":170.0,"POB84":187.0,"POB125_R":110.0,"POB126_R":74.1,"POB127_R":65.4,"POB128_R":8.8,"POB129_R":20.0,"OID":1747,"denominacion_oficial":"C04_Loc_rur","modulo_asignado":"Mapa Base","instrumento_vigencia":"","fecha_actualizacion":"2026-07-29","fuente_custodio":"SCINCE_2020","responsable_institucional":"INEGI","proyeccion_original":"EPSG:6372","proyeccion_actual":"EPSG:4326","cobertura_territorial":"Estatal","restricciones_uso":"Público"},"geometry":{"type":"Point","coordinates":[-90.231329,18.75939]}},{"type":"Feature","properties":{"CVEGEO":"040090959","NOM_MUN":"Escárcega","NOMGEO":"Juan de la Barrera","CVE_AGEB":"0593","POB1":138.0,"POB8":42.0,"POB12":85.0,"POB24":11.0,"POB42":68.0,"POB84":70.0,"POB125_R":102.9,"POB126_R":62.4,"POB127_R":49.4,"POB128_R":12.9,"POB129_R":27.5,"OID":1756,"denominacion_oficial":"C04_Loc_rur","modulo_asignado":"Mapa Base","instrumento_vigencia":"","fecha_actualizacion":"2026-07-29","fuente_custodio":"SCINCE_2020","responsable_institucional":"INEGI","proyeccion_original":"EPSG:6372","proyeccion_actual":"EPSG:4326","cobertura_territorial":"Estatal","restricciones_uso":"Público"},"geometry":{"type":"Point","coordinates":[-90.810162,18.826543]}},{"type":"Feature","properties":{"CVEGEO":"040090960","NOM_MUN":"Escárcega","NOMGEO":"Juan Escutia","CVE_AGEB":"0593","POB1":262.0,"POB8":85.0,"POB12":159.0,"POB24":15.0,"POB42":134.0,"POB84":128.0,"POB125_R":95.5,"POB126_R":62.9,"POB127_R":53.5,"POB128_R":9.4,"POB129_R":22.0,"OID":1757,"denominacion_oficial":"C04_Loc_rur","modulo_asignado":"Mapa Base","instrumento_vigencia":"","fecha_actualizacion":"2026-07-29","fuente_custodio":"SCINCE_2020","responsable_institucional":"INEGI","proyeccion_original":"EPSG:6372","proyeccion_actual":"EPSG:4326","cobertura_territorial":"Estatal","restricciones_uso":"Público"},"geometry":{"type":"Point","coordinates":[-90.844587,18.856643]}},{"type":"Feature","properties":{"CVEGEO":"040090961","NOM_MUN":"Escárcega","NOMGEO":"El Jobal","CVE_AGEB":"0625","POB1":189.0,"POB8":58.0,"POB12":118.0,"POB24":13.0,"POB42":84.0,"POB84":105.0,"POB125_R":125.0,"POB126_R":60.2,"POB127_R":49.2,"POB128_R":11.0,"POB129_R":26.0,"OID":1758,"denominacion_oficial":"C04_Loc_rur","modulo_asignado":"Mapa Base","instrumento_vigencia":"","fecha_actualizacion":"2026-07-29","fuente_custodio":"SCINCE_2020","responsable_institucional":"INEGI","proyeccion_original":"EPSG:6372","proyeccion_actual":"EPSG:4326","cobertura_territorial":"Estatal","restricciones_uso":"Público"},"geometry":{"type":"Point","coordinates":[-90.202449,18.526967]}},{"type":"Feature","properties":{"CVEGEO":"040090963","NOM_MUN":"Escárcega","NOMGEO":"Laguna Grande","CVE_AGEB":"0610","POB1":998.0,"POB8":374.0,"POB12":578.0,"POB24":46.0,"POB42":467.0,"POB84":531.0,"POB125_R":113.7,"POB126_R":72.7,"POB127_R":64.7,"POB128_R":8.0,"POB129_R":20.0,"OID":1759,"denominacion_oficial":"C04_Loc_rur","modulo_asignado":"Mapa Base","instrumento_vigencia":"","fecha_actualizacion":"2026-07-29","fuente_custodio":"SCINCE_2020","responsable_institucional":"INEGI","proyeccion_original":"EPSG:6372","proyeccion_actual":"EPSG:4326","cobertura_territorial":"Estatal","restricciones_uso":"Público"},"geometry":{"type":"Point","coordinates":[-90.291147,18.819961]}},{"type":"Feature","properties":{"CVEGEO":"040090965","NOM_MUN":"Escárcega","NOMGEO":"Adolfo López Mateos","CVE_AGEB":"0625","POB1":371.0,"POB8":92.0,"POB12":244.0,"POB24":35.0,"POB42":185.0,"POB84":186.0,"POB125_R":100.5,"POB126_R":52.0,"POB127_R":37.7,"POB128_R":14.3,"POB129_R":36.0,"OID":1761,"denominacion_oficial":"C04_Loc_rur","modulo_asignado":"Mapa Base","instrumento_vigencia":"","fecha_actualizacion":"2026-07-29","fuente_custodio":"SCINCE_2020","responsable_institucional":"INEGI","proyeccion_original":"EPSG:6372","proyeccion_actual":"EPSG:4326","cobertura_territorial":"Estatal","restricciones_uso":"Público"},"geometry":{"type":"Point","coordinates":[-90.298046,18.638444]}},{"type":"Feature","properties":{"CVEGEO":"040090966","NOM_MUN":"Escárcega","NOMGEO":"Benito Juárez Número 3","CVE_AGEB":"0610","POB1":304.0,"POB8":102.0,"POB12":185.0,"POB24":17.0,"POB42":154.0,"POB84":150.0,"POB125_R":97.4,"POB126_R":64.3,"POB127_R":55.1,"POB128_R":9.2,"POB129_R":24.5,"OID":1762,"denominacion_oficial":"C04_Loc_rur","modulo_asignado":"Mapa Base","instrumento_vigencia":"","fecha_actualizacion":"2026-07-29","fuente_custodio":"SCINCE_2020","responsable_institucional":"INEGI","proyeccion_original":"EPSG:6372","proyeccion_actual":"EPSG:4326","cobertura_territorial":"Estatal","restricciones_uso":"Público"},"geometry":{"type":"Point","coordinates":[-90.270471,18.752693]}},{"type":"Feature","properties":{"CVEGEO":"040090967","NOM_MUN":"Escárcega","NOMGEO":"Miguel de la Madrid","CVE_AGEB":"0292","POB1":203.0,"POB8":58.0,"POB12":138.0,"POB24":7.0,"POB42":103.0,"POB84":100.0,"POB125_R":97.1,"POB126_R":47.1,"POB127_R":42.0,"POB128_R":5.1,"POB129_R":29.0,"OID":1763,"denominacion_oficial":"C04_Loc_rur","modulo_asignado":"Mapa Base","instrumento_vigencia":"","fecha_actualizacion":"2026-07-29","fuente_custodio":"SCINCE_2020","responsable_institucional":"INEGI","proyeccion_original":"EPSG:6372","proyeccion_actual":"EPSG:4326","cobertura_territorial":"Estatal","restricciones_uso":"Público"},"geometry":{"type":"Point","coordinates":[-90.591909,18.492705]}},{"type":"Feature","properties":{"CVEGEO":"040090968","NOM_MUN":"Escárcega","NOMGEO":"José López Portillo","CVE_AGEB":"0610","POB1":363.0,"POB8":119.0,"POB12":220.0,"POB24":24.0,"POB42":169.0,"POB84":194.0,"POB125_R":114.8,"POB126_R":65.0,"POB127_R":54.1,"POB128_R":10.9,"POB129_R":25.0,"OID":1764,"denominacion_oficial":"C04_Loc_rur","modulo_asignado":"Mapa Base","instrumento_vigencia":"","fecha_actualizacion":"2026-07-29","fuente_custodio":"SCINCE_2020","responsable_institucional":"INEGI","proyeccion_original":"EPSG:6372","proyeccion_actual":"EPSG:4326","cobertura_territorial":"Estatal","restricciones_uso":"Público"},"geometry":{"type":"Point","coordinates":[-90.26371,18.721873]}},{"type":"Feature","properties":{"CVEGEO":"040090994","NOM_MUN":"Escárcega","NOMGEO":"San José","CVE_AGEB":"0593","POB1":124.0,"POB8":42.0,"POB12":73.0,"POB24":9.0,"POB42":59.0,"POB84":65.0,"POB125_R":110.2,"POB126_R":69.9,"POB127_R":57.5,"POB128_R":12.3,"POB129_R":22.5,"OID":1777,"denominacion_oficial":"C04_Loc_rur","modulo_asignado":"Mapa Base","instrumento_vigencia":"","fecha_actualizacion":"2026-07-29","fuente_custodio":"SCINCE_2020","responsable_institucional":"INEGI","proyeccion_original":"EPSG:6372","proyeccion_actual":"EPSG:4326","cobertura_territorial":"Estatal","restricciones_uso":"Público"},"geometry":{"type":"Point","coordinates":[-90.81199,18.792993]}},{"type":"Feature","properties":{"CVEGEO":"040091002","NOM_MUN":"Escárcega","NOMGEO":"Silvituc","CVE_AGEB":"0625","POB1":985.0,"POB8":341.0,"POB12":583.0,"POB24":61.0,"POB42":468.0,"POB84":517.0,"POB125_R":110.5,"POB126_R":69.0,"POB127_R":58.5,"POB128_R":10.5,"POB129_R":23.0,"OID":1779,"denominacion_oficial":"C04_Loc_rur","modulo_asignado":"Mapa Base","instrumento_vigencia":"","fecha_actualizacion":"2026-07-29","fuente_custodio":"SCINCE_2020","responsable_institucional":"INEGI","proyeccion_original":"EPSG:6372","proyeccion_actual":"EPSG:4326","cobertura_territorial":"Estatal","restricciones_uso":"Público"},"geometry":{"type":"Point","coordinates":[-90.272009,18.641797]}},{"type":"Feature","properties":{"CVEGEO":"040091871","NOM_MUN":"Escárcega","NOMGEO":"Miguel Hidalgo y Costilla","CVE_AGEB":"0235","POB1":1166.0,"POB8":402.0,"POB12":723.0,"POB24":41.0,"POB42":611.0,"POB84":555.0,"POB125_R":90.8,"POB126_R":61.3,"POB127_R":55.6,"POB128_R":5.7,"POB129_R":23.0,"OID":1847,"denominacion_oficial":"C04_Loc_rur","modulo_asignado":"Mapa Base","instrumento_vigencia":"","fecha_actualizacion":"2026-07-29","fuente_custodio":"SCINCE_2020","responsable_institucional":"INEGI","proyeccion_original":"EPSG:6372","proyeccion_actual":"EPSG:4326","cobertura_territorial":"Estatal","restricciones_uso":"Público"},"geometry":{"type":"Point","coordinates":[-90.741819,18.632173]}},{"type":"Feature","properties":{"CVEGEO":"040100002","NOM_MUN":"Calakmul","NOMGEO":"Diecisis de Septiembre (Laguna Alvarado)","CVE_AGEB":"0433","POB1":173.0,"POB8":75.0,"POB12":92.0,"POB24":6.0,"POB42":84.0,"POB84":89.0,"POB125_R":106.0,"POB126_R":88.0,"POB127_R":81.5,"POB128_R":6.5,"POB129_R":17.0,"OID":1917,"denominacion_oficial":"C04_Loc_rur","modulo_asignado":"Mapa Base","instrumento_vigencia":"","fecha_actualizacion":"2026-07-29","fuente_custodio":"SCINCE_2020","responsable_institucional":"INEGI","proyeccion_original":"EPSG:6372","proyeccion_actual":"EPSG:4326","cobertura_territorial":"Estatal","restricciones_uso":"Público"},"geometry":{"type":"Point","coordinates":[-89.272633,18.017774]}},{"type":"Feature","properties":{"CVEGEO":"040100007","NOM_MUN":"Calakmul","NOMGEO":"Los Alacranes","CVE_AGEB":"0433","POB1":168.0,"POB8":60.0,"POB12":96.0,"POB24":12.0,"POB42":73.0,"POB84":95.0,"POB125_R":130.1,"POB126_R":75.0,"POB127_R":62.5,"POB128_R":12.5,"POB129_R":22.5,"OID":1918,"denominacion_oficial":"C04_Loc_rur","modulo_asignado":"Mapa Base","instrumento_vigencia":"","fecha_actualizacion":"2026-07-29","fuente_custodio":"SCINCE_2020","responsable_institucional":"INEGI","proyeccion_original":"EPSG:6372","proyeccion_actual":"EPSG:4326","cobertura_territorial":"Estatal","restricciones_uso":"Público"},"geometry":{"type":"Point","coordinates":[-89.215735,17.981231]}},{"type":"Feature","properties":{"CVEGEO":"040100013","NOM_MUN":"Calakmul","NOMGEO":"Los Ángeles","CVE_AGEB":"0344","POB1":585.0,"POB8":208.0,"POB12":322.0,"POB24":55.0,"POB42":278.0,"POB84":307.0,"POB125_R":110.4,"POB126_R":81.7,"POB127_R":64.6,"POB128_R":17.1,"POB129_R":24.0,"OID":1921,"denominacion_oficial":"C04_Loc_rur","modulo_asignado":"Mapa Base","instrumento_vigencia":"","fecha_actualizacion":"2026-07-29","fuente_custodio":"SCINCE_2020","responsable_institucional":"INEGI","proyeccion_original":"EPSG:6372","proyeccion_actual":"EPSG:4326","cobertura_territorial":"Estatal","restricciones_uso":"Público"},"geometry":{"type":"Point","coordinates":[-89.179576,18.214491]}},{"type":"Feature","properties":{"CVEGEO":"040100018","NOM_MUN":"Calakmul","NOMGEO":"Arroyo Negro","CVE_AGEB":"0486","POB1":266.0,"POB8":107.0,"POB12":146.0,"POB24":13.0,"POB42":135.0,"POB84":131.0,"POB125_R":97.0,"POB126_R":82.2,"POB127_R":73.3,"POB128_R":8.9,"POB129_R":18.5,"OID":1924,"denominacion_oficial":"C04_Loc_rur","modulo_asignado":"Mapa Base","instrumento_vigencia":"","fecha_actualizacion":"2026-07-29","fuente_custodio":"SCINCE_2020","responsable_institucional":"INEGI","proyeccion_original":"EPSG:6372","proyeccion_actual":"EPSG:4326","cobertura_territorial":"Estatal","restricciones_uso":"Público"},"geometry":{"type":"Point","coordinates":[-89.246614,17.859307]}},{"type":"Feature","properties":{"CVEGEO":"040100021","NOM_MUN":"Calakmul","NOMGEO":"Becán","CVE_AGEB":"0221","POB1":315.0,"POB8":122.0,"POB12":180.0,"POB24":13.0,"POB42":158.0,"POB84":157.0,"POB125_R":99.4,"POB126_R":75.0,"POB127_R":67.8,"POB128_R":7.2,"POB129_R":22.0,"OID":1926,"denominacion_oficial":"C04_Loc_rur","modulo_asignado":"Mapa Base","instrumento_vigencia":"","fecha_actualizacion":"2026-07-29","fuente_custodio":"SCINCE_2020","responsable_institucional":"INEGI","proyeccion_original":"EPSG:6372","proyeccion_actual":"EPSG:4326","cobertura_territorial":"Estatal","restricciones_uso":"Público"},"geometry":{"type":"Point","coordinates":[-89.462504,18.512937]}},{"type":"Feature","properties":{"CVEGEO":"040100023","NOM_MUN":"Calakmul","NOMGEO":"Bel-Há","CVE_AGEB":"0062","POB1":183.0,"POB8":71.0,"POB12":105.0,"POB24":7.0,"POB42":89.0,"POB84":94.0,"POB125_R":105.6,"POB126_R":74.3,"POB127_R":67.6,"POB128_R":6.7,"POB129_R":20.0,"OID":1927,"denominacion_oficial":"C04_Loc_rur","modulo_asignado":"Mapa Base","instrumento_vigencia":"","fecha_actualizacion":"2026-07-29","fuente_custodio":"SCINCE_2020","responsable_institucional":"INEGI","proyeccion_original":"EPSG:6372","proyeccion_actual":"EPSG:4326","cobertura_territorial":"Estatal","restricciones_uso":"Público"},"geometry":{"type":"Point","coordinates":[-89.323602,18.930356]}},{"type":"Feature","properties":{"CVEGEO":"040100024","NOM_MUN":"Calakmul","NOMGEO":"Bella Unión Veracruz (Los Chinos)","CVE_AGEB":"0429","POB1":128.0,"POB8":47.0,"POB12":75.0,"POB24":6.0,"POB42":61.0,"POB84":67.0,"POB125_R":109.8,"POB126_R":70.7,"POB127_R":62.7,"POB128_R":8.0,"POB129_R":20.0,"OID":1928,"denominacion_oficial":"C04_Loc_rur","modulo_asignado":"Mapa Base","instrumento_vigencia":"","fecha_actualizacion":"2026-07-29","fuente_custodio":"SCINCE_2020","responsable_institucional":"INEGI","proyeccion_original":"EPSG:6372","proyeccion_actual":"EPSG:4326","cobertura_territorial":"Estatal","restricciones_uso":"Público"},"geometry":{"type":"Point","coordinates":[-89.29022,18.034108]}},{"type":"Feature","properties":{"CVEGEO":"040100026","NOM_MUN":"Calakmul","NOMGEO":"Blasillo","CVE_AGEB":"0359","POB1":268.0,"POB8":91.0,"POB12":158.0,"POB24":19.0,"POB42":122.0,"POB84":146.0,"POB125_R":119.7,"POB126_R":69.6,"POB127_R":57.6,"POB128_R":12.0,"POB129_R":22.0,"OID":1930,"denominacion_oficial":"C04_Loc_rur","modulo_asignado":"Mapa Base","instrumento_vigencia":"","fecha_actualizacion":"2026-07-29","fuente_custodio":"SCINCE_2020","responsable_institucional":"INEGI","proyeccion_original":"EPSG:6372","proyeccion_actual":"EPSG:4326","cobertura_territorial":"Estatal","restricciones_uso":"Público"},"geometry":{"type":"Point","coordinates":[-89.311234,18.111018]}},{"type":"Feature","properties":{"CVEGEO":"040100033","NOM_MUN":"Calakmul","NOMGEO":"Santo Domingo (El Sacrificio)","CVE_AGEB":"0429","POB1":644.0,"POB8":267.0,"POB12":358.0,"POB24":19.0,"POB42":315.0,"POB84":329.0,"POB125_R":104.4,"POB126_R":79.9,"POB127_R":74.6,"POB128_R":5.3,"POB129_R":17.0,"OID":1933,"denominacion_oficial":"C04_Loc_rur","modulo_asignado":"Mapa Base","instrumento_vigencia":"","fecha_actualizacion":"2026-07-29","fuente_custodio":"SCINCE_2020","responsable_institucional":"INEGI","proyeccion_original":"EPSG:6372","proyeccion_actual":"EPSG:4326","cobertura_territorial":"Estatal","restricciones_uso":"Público"},"geometry":{"type":"Point","coordinates":[-89.376567,17.998609]}},{"type":"Feature","properties":{"CVEGEO":"040100040","NOM_MUN":"Calakmul","NOMGEO":"El Carmen II (Las Carmelas)","CVE_AGEB":"0325","POB1":336.0,"POB8":118.0,"POB12":196.0,"POB24":22.0,"POB42":179.0,"POB84":157.0,"POB125_R":87.7,"POB126_R":71.4,"POB127_R":60.2,"POB128_R":11.2,"POB129_R":23.5,"OID":1937,"denominacion_oficial":"C04_Loc_rur","modulo_asignado":"Mapa Base","instrumento_vigencia":"","fecha_actualizacion":"2026-07-29","fuente_custodio":"SCINCE_2020","responsable_institucional":"INEGI","proyeccion_original":"EPSG:6372","proyeccion_actual":"EPSG:4326","cobertura_territorial":"Estatal","restricciones_uso":"Público"},"geometry":{"type":"Point","coordinates":[-89.413826,18.15784]}},{"type":"Feature","properties":{"CVEGEO":"040100046","NOM_MUN":"Calakmul","NOMGEO":"Caña Brava","CVE_AGEB":"033A","POB1":211.0,"POB8":87.0,"POB12":114.0,"POB24":10.0,"POB42":102.0,"POB84":109.0,"POB125_R":106.9,"POB126_R":85.1,"POB127_R":76.3,"POB128_R":8.8,"POB129_R":20.0,"OID":1938,"denominacion_oficial":"C04_Loc_rur","modulo_asignado":"Mapa Base","instrumento_vigencia":"","fecha_actualizacion":"2026-07-29","fuente_custodio":"SCINCE_2020","responsable_institucional":"INEGI","proyeccion_original":"EPSG:6372","proyeccion_actual":"EPSG:4326","cobertura_territorial":"Estatal","restricciones_uso":"Público"},"geometry":{"type":"Point","coordinates":[-89.353443,18.131848]}},{"type":"Feature","properties":{"CVEGEO":"040100049","NOM_MUN":"Calakmul","NOMGEO":"Centauros del Norte","CVE_AGEB":"0306","POB1":301.0,"POB8":125.0,"POB12":161.0,"POB24":15.0,"POB42":159.0,"POB84":142.0,"POB125_R":89.3,"POB126_R":87.0,"POB127_R":77.6,"POB128_R":9.3,"POB129_R":19.0,"OID":1939,"denominacion_oficial":"C04_Loc_rur","modulo_asignado":"Mapa Base","instrumento_vigencia":"","fecha_actualizacion":"2026-07-29","fuente_custodio":"SCINCE_2020","responsable_institucional":"INEGI","proyeccion_original":"EPSG:6372","proyeccion_actual":"EPSG:4326","cobertura_territorial":"Estatal","restricciones_uso":"Público"},"geometry":{"type":"Point","coordinates":[-89.538306,18.35442]}},{"type":"Feature","properties":{"CVEGEO":"040100053","NOM_MUN":"Calakmul","NOMGEO":"Cerro de las Flores","CVE_AGEB":"0433","POB1":101.0,"POB8":38.0,"POB12":59.0,"POB24":4.0,"POB42":45.0,"POB84":56.0,"POB125_R":124.4,"POB126_R":71.2,"POB127_R":64.4,"POB128_R":6.8,"POB129_R":19.0,"OID":1940,"denominacion_oficial":"C04_Loc_rur","modulo_asignado":"Mapa Base","instrumento_vigencia":"","fecha_actualizacion":"2026-07-29","fuente_custodio":"SCINCE_2020","responsable_institucional":"INEGI","proyeccion_original":"EPSG:6372","proyeccion_actual":"EPSG:4326","cobertura_territorial":"Estatal","restricciones_uso":"Público"},"geometry":{"type":"Point","coordinates":[-89.215657,17.9953]}},{"type":"Feature","properties":{"CVEGEO":"040100060","NOM_MUN":"Calakmul","NOMGEO":"El Chichonal","CVE_AGEB":"0221","POB1":174.0,"POB8":58.0,"POB12":112.0,"POB24":4.0,"POB42":87.0,"POB84":87.0,"POB125_R":100.0,"POB126_R":55.4,"POB127_R":51.8,"POB128_R":3.6,"POB129_R":21.0,"OID":1943,"denominacion_oficial":"C04_Loc_rur","modulo_asignado":"Mapa Base","instrumento_vigencia":"","fecha_actualizacion":"2026-07-29","fuente_custodio":"SCINCE_2020","responsable_institucional":"INEGI","proyeccion_original":"EPSG:6372","proyeccion_actual":"EPSG:4326","cobertura_territorial":"Estatal","restricciones_uso":"Público"},"geometry":{"type":"Point","coordinates":[-89.553776,18.526059]}},{"type":"Feature","properties":{"CVEGEO":"040100064","NOM_MUN":"Calakmul","NOMGEO":"Concepción","CVE_AGEB":"0132","POB1":320.0,"POB8":107.0,"POB12":199.0,"POB24":14.0,"POB42":155.0,"POB84":165.0,"POB125_R":106.5,"POB126_R":60.8,"POB127_R":53.8,"POB128_R":7.0,"POB129_R":23.0,"OID":1945,"denominacion_oficial":"C04_Loc_rur","modulo_asignado":"Mapa Base","instrumento_vigencia":"","fecha_actualizacion":"2026-07-29","fuente_custodio":"SCINCE_2020","responsable_institucional":"INEGI","proyeccion_original":"EPSG:6372","proyeccion_actual":"EPSG:4326","cobertura_territorial":"Estatal","restricciones_uso":"Público"},"geometry":{"type":"Point","coordinates":[-90.13381,18.620306]}},{"type":"Feature","properties":{"CVEGEO":"040100066","NOM_MUN":"Calakmul","NOMGEO":"Constitución","CVE_AGEB":"0132","POB1":1386.0,"POB8":437.0,"POB12":855.0,"POB24":94.0,"POB42":681.0,"POB84":705.0,"POB125_R":103.5,"POB126_R":62.1,"POB127_R":51.1,"POB128_R":11.0,"POB129_R":26.0,"OID":1946,"denominacion_oficial":"C04_Loc_rur","modulo_asignado":"Mapa Base","instrumento_vigencia":"","fecha_actualizacion":"2026-07-29","fuente_custodio":"SCINCE_2020","responsable_institucional":"INEGI","proyeccion_original":"EPSG:6372","proyeccion_actual":"EPSG:4326","cobertura_territorial":"Estatal","restricciones_uso":"Público"},"geometry":{"type":"Point","coordinates":[-90.135826,18.626926]}},{"type":"Feature","properties":{"CVEGEO":"040100068","NOM_MUN":"Calakmul","NOMGEO":"Cristóbal Colón","CVE_AGEB":"0325","POB1":361.0,"POB8":120.0,"POB12":214.0,"POB24":27.0,"POB42":171.0,"POB84":190.0,"POB125_R":111.1,"POB126_R":68.7,"POB127_R":56.1,"POB128_R":12.6,"POB129_R":26.0,"OID":1947,"denominacion_oficial":"C04_Loc_rur","modulo_asignado":"Mapa Base","instrumento_vigencia":"","fecha_actualizacion":"2026-07-29","fuente_custodio":"SCINCE_2020","responsable_institucional":"INEGI","proyeccion_original":"EPSG:6372","proyeccion_actual":"EPSG:4326","cobertura_territorial":"Estatal","restricciones_uso":"Público"},"geometry":{"type":"Point","coordinates":[-89.451913,18.221909]}},{"type":"Feature","properties":{"CVEGEO":"040100075","NOM_MUN":"Calakmul","NOMGEO":"Dos Lagunas","CVE_AGEB":"0077","POB1":232.0,"POB8":96.0,"POB12":127.0,"POB24":9.0,"POB42":104.0,"POB84":128.0,"POB125_R":123.1,"POB126_R":82.7,"POB127_R":75.6,"POB128_R":7.1,"POB129_R":19.0,"OID":1951,"denominacion_oficial":"C04_Loc_rur","modulo_asignado":"Mapa Base","instrumento_vigencia":"","fecha_actualizacion":"2026-07-29","fuente_custodio":"SCINCE_2020","responsable_institucional":"INEGI","proyeccion_original":"EPSG:6372","proyeccion_actual":"EPSG:4326","cobertura_territorial":"Estatal","restricciones_uso":"Público"},"geometry":{"type":"Point","coordinates":[-89.350917,18.893654]}},{"type":"Feature","properties":{"CVEGEO":"040100076","NOM_MUN":"Calakmul","NOMGEO":"Dos Lagunas","CVE_AGEB":"0429","POB1":294.0,"POB8":103.0,"POB12":179.0,"POB24":12.0,"POB42":148.0,"POB84":146.0,"POB125_R":98.6,"POB126_R":64.2,"POB127_R":57.5,"POB128_R":6.7,"POB129_R":20.0,"OID":1952,"denominacion_oficial":"C04_Loc_rur","modulo_asignado":"Mapa Base","instrumento_vigencia":"","fecha_actualizacion":"2026-07-29","fuente_custodio":"SCINCE_2020","responsable_institucional":"INEGI","proyeccion_original":"EPSG:6372","proyeccion_actual":"EPSG:4326","cobertura_territorial":"Estatal","restricciones_uso":"Público"},"geometry":{"type":"Point","coordinates":[-89.356777,17.87355]}},{"type":"Feature","properties":{"CVEGEO":"040100077","NOM_MUN":"Calakmul","NOMGEO":"Dos Naciones","CVE_AGEB":"0429","POB1":309.0,"POB8":132.0,"POB12":159.0,"POB24":18.0,"POB42":162.0,"POB84":147.0,"POB125_R":90.7,"POB126_R":94.3,"POB127_R":83.0,"POB128_R":11.3,"POB129_R":19.0,"OID":1953,"denominacion_oficial":"C04_Loc_rur","modulo_asignado":"Mapa Base","instrumento_vigencia":"","fecha_actualizacion":"2026-07-29","fuente_custodio":"SCINCE_2020","responsable_institucional":"INEGI","proyeccion_original":"EPSG:6372","proyeccion_actual":"EPSG:4326","cobertura_territorial":"Estatal","restricciones_uso":"Público"},"geometry":{"type":"Point","coordinates":[-89.354848,17.972084]}},{"type":"Feature","properties":{"CVEGEO":"040100079","NOM_MUN":"Calakmul","NOMGEO":"Emiliano Zapata","CVE_AGEB":"0221","POB1":105.0,"POB8":39.0,"POB12":58.0,"POB24":8.0,"POB42":46.0,"POB84":59.0,"POB125_R":128.3,"POB126_R":81.0,"POB127_R":67.2,"POB128_R":13.8,"POB129_R":25.0,"OID":1955,"denominacion_oficial":"C04_Loc_rur","modulo_asignado":"Mapa Base","instrumento_vigencia":"","fecha_actualizacion":"2026-07-29","fuente_custodio":"SCINCE_2020","responsable_institucional":"INEGI","proyeccion_original":"EPSG:6372","proyeccion_actual":"EPSG:4326","cobertura_territorial":"Estatal","restricciones_uso":"Público"},"geometry":{"type":"Point","coordinates":[-89.673883,18.520678]}},{"type":"Feature","properties":{"CVEGEO":"040100082","NOM_MUN":"Calakmul","NOMGEO":"Felipe Ángeles","CVE_AGEB":"0344","POB1":344.0,"POB8":118.0,"POB12":203.0,"POB24":23.0,"POB42":176.0,"POB84":168.0,"POB125_R":95.5,"POB126_R":69.5,"POB127_R":58.1,"POB128_R":11.3,"POB129_R":21.5,"OID":1957,"denominacion_oficial":"C04_Loc_rur","modulo_asignado":"Mapa Base","instrumento_vigencia":"","fecha_actualizacion":"2026-07-29","fuente_custodio":"SCINCE_2020","responsable_institucional":"INEGI","proyeccion_original":"EPSG:6372","proyeccion_actual":"EPSG:4326","cobertura_territorial":"Estatal","restricciones_uso":"Público"},"geometry":{"type":"Point","coordinates":[-89.269989,18.170761]}},{"type":"Feature","properties":{"CVEGEO":"040100091","NOM_MUN":"Calakmul","NOMGEO":"La Guadalupe","CVE_AGEB":"0310","POB1":335.0,"POB8":128.0,"POB12":186.0,"POB24":21.0,"POB42":167.0,"POB84":168.0,"POB125_R":100.6,"POB126_R":80.1,"POB127_R":68.8,"POB128_R":11.3,"POB129_R":23.0,"OID":1959,"denominacion_oficial":"C04_Loc_rur","modulo_asignado":"Mapa Base","instrumento_vigencia":"","fecha_actualizacion":"2026-07-29","fuente_custodio":"SCINCE_2020","responsable_institucional":"INEGI","proyeccion_original":"EPSG:6372","proyeccion_actual":"EPSG:4326","cobertura_territorial":"Estatal","restricciones_uso":"Público"},"geometry":{"type":"Point","coordinates":[-89.479876,18.330044]}},{"type":"Feature","properties":{"CVEGEO":"040100094","NOM_MUN":"Calakmul","NOMGEO":"Guillermo Prieto","CVE_AGEB":"033A","POB1":289.0,"POB8":130.0,"POB12":147.0,"POB24":12.0,"POB42":135.0,"POB84":154.0,"POB125_R":114.1,"POB126_R":96.6,"POB127_R":88.4,"POB128_R":8.2,"POB129_R":17.0,"OID":1962,"denominacion_oficial":"C04_Loc_rur","modulo_asignado":"Mapa Base","instrumento_vigencia":"","fecha_actualizacion":"2026-07-29","fuente_custodio":"SCINCE_2020","responsable_institucional":"INEGI","proyeccion_original":"EPSG:6372","proyeccion_actual":"EPSG:4326","cobertura_territorial":"Estatal","restricciones_uso":"Público"},"geometry":{"type":"Point","coordinates":[-89.343207,18.178043]}},{"type":"Feature","properties":{"CVEGEO":"040100095","NOM_MUN":"Calakmul","NOMGEO":"Gustavo Dí­az Ordaz (San Antonio Soda)","CVE_AGEB":"019A","POB1":555.0,"POB8":193.0,"POB12":316.0,"POB24":46.0,"POB42":266.0,"POB84":289.0,"POB125_R":108.6,"POB126_R":75.6,"POB127_R":61.1,"POB128_R":14.6,"POB129_R":24.0,"OID":1963,"denominacion_oficial":"C04_Loc_rur","modulo_asignado":"Mapa Base","instrumento_vigencia":"","fecha_actualizacion":"2026-07-29","fuente_custodio":"SCINCE_2020","responsable_institucional":"INEGI","proyeccion_original":"EPSG:6372","proyeccion_actual":"EPSG:4326","cobertura_territorial":"Estatal","restricciones_uso":"Público"},"geometry":{"type":"Point","coordinates":[-89.137372,18.418468]}},{"type":"Feature","properties":{"CVEGEO":"040100096","NOM_MUN":"Calakmul","NOMGEO":"Heriberto Jara Corona","CVE_AGEB":"0221","POB1":356.0,"POB8":109.0,"POB12":230.0,"POB24":17.0,"POB42":169.0,"POB84":187.0,"POB125_R":110.7,"POB126_R":54.8,"POB127_R":47.4,"POB128_R":7.4,"POB129_R":25.0,"OID":1964,"denominacion_oficial":"C04_Loc_rur","modulo_asignado":"Mapa Base","instrumento_vigencia":"","fecha_actualizacion":"2026-07-29","fuente_custodio":"SCINCE_2020","responsable_institucional":"INEGI","proyeccion_original":"EPSG:6372","proyeccion_actual":"EPSG:4326","cobertura_territorial":"Estatal","restricciones_uso":"Público"},"geometry":{"type":"Point","coordinates":[-89.442125,18.510822]}},{"type":"Feature","properties":{"CVEGEO":"040100097","NOM_MUN":"Calakmul","NOMGEO":"Hermenegildo Galeana","CVE_AGEB":"033A","POB1":126.0,"POB8":41.0,"POB12":74.0,"POB24":11.0,"POB42":63.0,"POB84":63.0,"POB125_R":100.0,"POB126_R":70.3,"POB127_R":55.4,"POB128_R":14.9,"POB129_R":22.5,"OID":1965,"denominacion_oficial":"C04_Loc_rur","modulo_asignado":"Mapa Base","instrumento_vigencia":"","fecha_actualizacion":"2026-07-29","fuente_custodio":"SCINCE_2020","responsable_institucional":"INEGI","proyeccion_original":"EPSG:6372","proyeccion_actual":"EPSG:4326","cobertura_territorial":"Estatal","restricciones_uso":"Público"},"geometry":{"type":"Point","coordinates":[-89.2433,18.17586]}},{"type":"Feature","properties":{"CVEGEO":"040100099","NOM_MUN":"Calakmul","NOMGEO":"Ingeniero Eugenio Echeverrí­a Castellot","CVE_AGEB":"0221","POB1":211.0,"POB8":80.0,"POB12":121.0,"POB24":10.0,"POB42":97.0,"POB84":114.0,"POB125_R":117.5,"POB126_R":74.4,"POB127_R":66.1,"POB128_R":8.3,"POB129_R":20.0,"OID":1967,"denominacion_oficial":"C04_Loc_rur","modulo_asignado":"Mapa Base","instrumento_vigencia":"","fecha_actualizacion":"2026-07-29","fuente_custodio":"SCINCE_2020","responsable_institucional":"INEGI","proyeccion_original":"EPSG:6372","proyeccion_actual":"EPSG:4326","cobertura_territorial":"Estatal","restricciones_uso":"Público"},"geometry":{"type":"Point","coordinates":[-89.598715,18.532641]}},{"type":"Feature","properties":{"CVEGEO":"040100100","NOM_MUN":"Calakmul","NOMGEO":"Eugenio Echeverrí­a Castellot (El Carrizal)","CVE_AGEB":"0310","POB1":226.0,"POB8":79.0,"POB12":134.0,"POB24":13.0,"POB42":113.0,"POB84":113.0,"POB125_R":100.0,"POB126_R":68.7,"POB127_R":59.0,"POB128_R":9.7,"POB129_R":21.5,"OID":1968,"denominacion_oficial":"C04_Loc_rur","modulo_asignado":"Mapa Base","instrumento_vigencia":"","fecha_actualizacion":"2026-07-29","fuente_custodio":"SCINCE_2020","responsable_institucional":"INEGI","proyeccion_original":"EPSG:6372","proyeccion_actual":"EPSG:4326","cobertura_territorial":"Estatal","restricciones_uso":"Público"},"geometry":{"type":"Point","coordinates":[-89.441019,18.399322]}},{"type":"Feature","properties":{"CVEGEO":"040100101","NOM_MUN":"Calakmul","NOMGEO":"Ingeniero Ricardo Payro Jene (Polo Norte)","CVE_AGEB":"0217","POB1":695.0,"POB8":211.0,"POB12":434.0,"POB24":50.0,"POB42":347.0,"POB84":348.0,"POB125_R":100.3,"POB126_R":60.1,"POB127_R":48.6,"POB128_R":11.5,"POB129_R":25.0,"OID":1969,"denominacion_oficial":"C04_Loc_rur","modulo_asignado":"Mapa Base","instrumento_vigencia":"","fecha_actualizacion":"2026-07-29","fuente_custodio":"SCINCE_2020","responsable_institucional":"INEGI","proyeccion_original":"EPSG:6372","proyeccion_actual":"EPSG:4326","cobertura_territorial":"Estatal","restricciones_uso":"Público"},"geometry":{"type":"Point","coordinates":[-89.446601,18.317884]}},{"type":"Feature","properties":{"CVEGEO":"040100124","NOM_MUN":"Calakmul","NOMGEO":"José Marí­a Morelos y Pavón (Civalito)","CVE_AGEB":"0448","POB1":443.0,"POB8":156.0,"POB12":258.0,"POB24":29.0,"POB42":228.0,"POB84":215.0,"POB125_R":94.3,"POB126_R":71.7,"POB127_R":60.5,"POB128_R":11.2,"POB129_R":22.0,"OID":1975,"denominacion_oficial":"C04_Loc_rur","modulo_asignado":"Mapa Base","instrumento_vigencia":"","fecha_actualizacion":"2026-07-29","fuente_custodio":"SCINCE_2020","responsable_institucional":"INEGI","proyeccion_original":"EPSG:6372","proyeccion_actual":"EPSG:4326","cobertura_territorial":"Estatal","restricciones_uso":"Público"},"geometry":{"type":"Point","coordinates":[-89.285727,17.88565]}},{"type":"Feature","properties":{"CVEGEO":"040100125","NOM_MUN":"Calakmul","NOMGEO":"Josefa Ortí­z de Domí­nguez (Icaichí)","CVE_AGEB":"0433","POB1":250.0,"POB8":84.0,"POB12":148.0,"POB24":18.0,"POB42":126.0,"POB84":124.0,"POB125_R":98.4,"POB126_R":68.9,"POB127_R":56.8,"POB128_R":12.2,"POB129_R":26.0,"OID":1976,"denominacion_oficial":"C04_Loc_rur","modulo_asignado":"Mapa Base","instrumento_vigencia":"","fecha_actualizacion":"2026-07-29","fuente_custodio":"SCINCE_2020","responsable_institucional":"INEGI","proyeccion_original":"EPSG:6372","proyeccion_actual":"EPSG:4326","cobertura_territorial":"Estatal","restricciones_uso":"Público"},"geometry":{"type":"Point","coordinates":[-89.172623,18.07041]}},{"type":"Feature","properties":{"CVEGEO":"040100127","NOM_MUN":"Calakmul","NOMGEO":"Justo Sierra Méndez","CVE_AGEB":"0486","POB1":196.0,"POB8":80.0,"POB12":108.0,"POB24":8.0,"POB42":94.0,"POB84":102.0,"POB125_R":108.5,"POB126_R":81.5,"POB127_R":74.1,"POB128_R":7.4,"POB129_R":18.5,"OID":1977,"denominacion_oficial":"C04_Loc_rur","modulo_asignado":"Mapa Base","instrumento_vigencia":"","fecha_actualizacion":"2026-07-29","fuente_custodio":"SCINCE_2020","responsable_institucional":"INEGI","proyeccion_original":"EPSG:6372","proyeccion_actual":"EPSG:4326","cobertura_territorial":"Estatal","restricciones_uso":"Público"},"geometry":{"type":"Point","coordinates":[-89.240998,17.871624]}},{"type":"Feature","properties":{"CVEGEO":"040100131","NOM_MUN":"Calakmul","NOMGEO":"Lázaro Cárdenas Número 2 (Ojo de Agua)","CVE_AGEB":"0448","POB1":370.0,"POB8":119.0,"POB12":223.0,"POB24":28.0,"POB42":169.0,"POB84":201.0,"POB125_R":118.9,"POB126_R":65.9,"POB127_R":53.4,"POB128_R":12.6,"POB129_R":26.0,"OID":1979,"denominacion_oficial":"C04_Loc_rur","modulo_asignado":"Mapa Base","instrumento_vigencia":"","fecha_actualizacion":"2026-07-29","fuente_custodio":"SCINCE_2020","responsable_institucional":"INEGI","proyeccion_original":"EPSG:6372","proyeccion_actual":"EPSG:4326","cobertura_territorial":"Estatal","restricciones_uso":"Público"},"geometry":{"type":"Point","coordinates":[-89.226689,17.959602]}},{"type":"Feature","properties":{"CVEGEO":"040100132","NOM_MUN":"Calakmul","NOMGEO":"Ley de Fomento Agropecuario (La Misteriosa)","CVE_AGEB":"0363","POB1":450.0,"POB8":178.0,"POB12":250.0,"POB24":22.0,"POB42":228.0,"POB84":222.0,"POB125_R":97.4,"POB126_R":80.0,"POB127_R":71.2,"POB128_R":8.8,"POB129_R":20.0,"OID":1980,"denominacion_oficial":"C04_Loc_rur","modulo_asignado":"Mapa Base","instrumento_vigencia":"","fecha_actualizacion":"2026-07-29","fuente_custodio":"SCINCE_2020","responsable_institucional":"INEGI","proyeccion_original":"EPSG:6372","proyeccion_actual":"EPSG:4326","cobertura_territorial":"Estatal","restricciones_uso":"Público"},"geometry":{"type":"Point","coordinates":[-89.419176,18.064054]}},{"type":"Feature","properties":{"CVEGEO":"040100139","NOM_MUN":"Calakmul","NOMGEO":"La Lucha","CVE_AGEB":"0217","POB1":315.0,"POB8":105.0,"POB12":189.0,"POB24":21.0,"POB42":143.0,"POB84":172.0,"POB125_R":120.3,"POB126_R":66.7,"POB127_R":55.6,"POB128_R":11.1,"POB129_R":23.0,"OID":1982,"denominacion_oficial":"C04_Loc_rur","modulo_asignado":"Mapa Base","instrumento_vigencia":"","fecha_actualizacion":"2026-07-29","fuente_custodio":"SCINCE_2020","responsable_institucional":"INEGI","proyeccion_original":"EPSG:6372","proyeccion_actual":"EPSG:4326","cobertura_territorial":"Estatal","restricciones_uso":"Público"},"geometry":{"type":"Point","coordinates":[-89.43676,18.423089]}},{"type":"Feature","properties":{"CVEGEO":"040100140","NOM_MUN":"Calakmul","NOMGEO":"La Lucha","CVE_AGEB":"033A","POB1":133.0,"POB8":45.0,"POB12":80.0,"POB24":8.0,"POB42":71.0,"POB84":62.0,"POB125_R":87.3,"POB126_R":66.3,"POB127_R":56.3,"POB128_R":10.0,"POB129_R":30.0,"OID":1983,"denominacion_oficial":"C04_Loc_rur","modulo_asignado":"Mapa Base","instrumento_vigencia":"","fecha_actualizacion":"2026-07-29","fuente_custodio":"SCINCE_2020","responsable_institucional":"INEGI","proyeccion_original":"EPSG:6372","proyeccion_actual":"EPSG:4326","cobertura_territorial":"Estatal","restricciones_uso":"Público"},"geometry":{"type":"Point","coordinates":[-89.187371,18.306925]}},{"type":"Feature","properties":{"CVEGEO":"040100141","NOM_MUN":"Calakmul","NOMGEO":"El Manantial","CVE_AGEB":"033A","POB1":402.0,"POB8":154.0,"POB12":227.0,"POB24":21.0,"POB42":200.0,"POB84":202.0,"POB125_R":101.0,"POB126_R":77.1,"POB127_R":67.8,"POB128_R":9.3,"POB129_R":20.0,"OID":1984,"denominacion_oficial":"C04_Loc_rur","modulo_asignado":"Mapa Base","instrumento_vigencia":"","fecha_actualizacion":"2026-07-29","fuente_custodio":"SCINCE_2020","responsable_institucional":"INEGI","proyeccion_original":"EPSG:6372","proyeccion_actual":"EPSG:4326","cobertura_territorial":"Estatal","restricciones_uso":"Público"},"geometry":{"type":"Point","coordinates":[-89.379198,18.258512]}},{"type":"Feature","properties":{"CVEGEO":"040100142","NOM_MUN":"Calakmul","NOMGEO":"Manuel Castilla Brito","CVE_AGEB":"0217","POB1":523.0,"POB8":145.0,"POB12":348.0,"POB24":30.0,"POB42":273.0,"POB84":250.0,"POB125_R":91.6,"POB126_R":50.3,"POB127_R":41.7,"POB128_R":8.6,"POB129_R":26.0,"OID":1985,"denominacion_oficial":"C04_Loc_rur","modulo_asignado":"Mapa Base","instrumento_vigencia":"","fecha_actualizacion":"2026-07-29","fuente_custodio":"SCINCE_2020","responsable_institucional":"INEGI","proyeccion_original":"EPSG:6372","proyeccion_actual":"EPSG:4326","cobertura_territorial":"Estatal","restricciones_uso":"Público"},"geometry":{"type":"Point","coordinates":[-89.440336,18.359371]}},{"type":"Feature","properties":{"CVEGEO":"040100143","NOM_MUN":"Calakmul","NOMGEO":"Manuel Crescencio Rejón","CVE_AGEB":"0448","POB1":324.0,"POB8":122.0,"POB12":183.0,"POB24":19.0,"POB42":170.0,"POB84":154.0,"POB125_R":90.6,"POB126_R":77.0,"POB127_R":66.7,"POB128_R":10.4,"POB129_R":23.0,"OID":1986,"denominacion_oficial":"C04_Loc_rur","modulo_asignado":"Mapa Base","instrumento_vigencia":"","fecha_actualizacion":"2026-07-29","fuente_custodio":"SCINCE_2020","responsable_institucional":"INEGI","proyeccion_original":"EPSG:6372","proyeccion_actual":"EPSG:4326","cobertura_territorial":"Estatal","restricciones_uso":"Público"},"geometry":{"type":"Point","coordinates":[-89.25631,17.923267]}},{"type":"Feature","properties":{"CVEGEO":"040100152","NOM_MUN":"Calakmul","NOMGEO":"Narcizo Mendoza","CVE_AGEB":"0325","POB1":424.0,"POB8":176.0,"POB12":224.0,"POB24":24.0,"POB42":216.0,"POB84":208.0,"POB125_R":96.3,"POB126_R":89.3,"POB127_R":78.6,"POB128_R":10.7,"POB129_R":19.5,"OID":1987,"denominacion_oficial":"C04_Loc_rur","modulo_asignado":"Mapa Base","instrumento_vigencia":"","fecha_actualizacion":"2026-07-29","fuente_custodio":"SCINCE_2020","responsable_institucional":"INEGI","proyeccion_original":"EPSG:6372","proyeccion_actual":"EPSG:4326","cobertura_territorial":"Estatal","restricciones_uso":"Público"},"geometry":{"type":"Point","coordinates":[-89.452746,18.231344]}},{"type":"Feature","properties":{"CVEGEO":"040100154","NOM_MUN":"Calakmul","NOMGEO":"Niños Héroes","CVE_AGEB":"0310","POB1":260.0,"POB8":93.0,"POB12":151.0,"POB24":16.0,"POB42":126.0,"POB84":134.0,"POB125_R":106.3,"POB126_R":72.2,"POB127_R":61.6,"POB128_R":10.6,"POB129_R":23.5,"OID":1988,"denominacion_oficial":"C04_Loc_rur","modulo_asignado":"Mapa Base","instrumento_vigencia":"","fecha_actualizacion":"2026-07-29","fuente_custodio":"SCINCE_2020","responsable_institucional":"INEGI","proyeccion_original":"EPSG:6372","proyeccion_actual":"EPSG:4326","cobertura_territorial":"Estatal","restricciones_uso":"Público"},"geometry":{"type":"Point","coordinates":[-89.460306,18.152975]}},{"type":"Feature","properties":{"CVEGEO":"040100158","NOM_MUN":"Calakmul","NOMGEO":"Nueva Vida","CVE_AGEB":"0077","POB1":332.0,"POB8":116.0,"POB12":200.0,"POB24":16.0,"POB42":170.0,"POB84":162.0,"POB125_R":95.3,"POB126_R":66.0,"POB127_R":58.0,"POB128_R":8.0,"POB129_R":24.0,"OID":1989,"denominacion_oficial":"C04_Loc_rur","modulo_asignado":"Mapa Base","instrumento_vigencia":"","fecha_actualizacion":"2026-07-29","fuente_custodio":"SCINCE_2020","responsable_institucional":"INEGI","proyeccion_original":"EPSG:6372","proyeccion_actual":"EPSG:4326","cobertura_territorial":"Estatal","restricciones_uso":"Público"},"geometry":{"type":"Point","coordinates":[-89.36961,18.803879]}},{"type":"Feature","properties":{"CVEGEO":"040100159","NOM_MUN":"Calakmul","NOMGEO":"Nuevo Bécal (El 19)","CVE_AGEB":"0081","POB1":450.0,"POB8":177.0,"POB12":243.0,"POB24":30.0,"POB42":218.0,"POB84":232.0,"POB125_R":106.4,"POB126_R":85.2,"POB127_R":72.8,"POB128_R":12.3,"POB129_R":22.0,"OID":1990,"denominacion_oficial":"C04_Loc_rur","modulo_asignado":"Mapa Base","instrumento_vigencia":"","fecha_actualizacion":"2026-07-29","fuente_custodio":"SCINCE_2020","responsable_institucional":"INEGI","proyeccion_original":"EPSG:6372","proyeccion_actual":"EPSG:4326","cobertura_territorial":"Estatal","restricciones_uso":"Público"},"geometry":{"type":"Point","coordinates":[-89.303185,18.61102]}},{"type":"Feature","properties":{"CVEGEO":"040100160","NOM_MUN":"Calakmul","NOMGEO":"Nuevo Campanario","CVE_AGEB":"0217","POB1":389.0,"POB8":135.0,"POB12":239.0,"POB24":15.0,"POB42":198.0,"POB84":191.0,"POB125_R":96.5,"POB126_R":62.8,"POB127_R":56.5,"POB128_R":6.3,"POB129_R":25.0,"OID":1991,"denominacion_oficial":"C04_Loc_rur","modulo_asignado":"Mapa Base","instrumento_vigencia":"","fecha_actualizacion":"2026-07-29","fuente_custodio":"SCINCE_2020","responsable_institucional":"INEGI","proyeccion_original":"EPSG:6372","proyeccion_actual":"EPSG:4326","cobertura_territorial":"Estatal","restricciones_uso":"Público"},"geometry":{"type":"Point","coordinates":[-89.432244,18.45076]}},{"type":"Feature","properties":{"CVEGEO":"040100161","NOM_MUN":"Calakmul","NOMGEO":"Nuevo Conhuás","CVE_AGEB":"0236","POB1":757.0,"POB8":284.0,"POB12":427.0,"POB24":46.0,"POB42":370.0,"POB84":387.0,"POB125_R":104.6,"POB126_R":77.3,"POB127_R":66.5,"POB128_R":10.8,"POB129_R":23.0,"OID":1992,"denominacion_oficial":"C04_Loc_rur","modulo_asignado":"Mapa Base","instrumento_vigencia":"","fecha_actualizacion":"2026-07-29","fuente_custodio":"SCINCE_2020","responsable_institucional":"INEGI","proyeccion_original":"EPSG:6372","proyeccion_actual":"EPSG:4326","cobertura_territorial":"Estatal","restricciones_uso":"Público"},"geometry":{"type":"Point","coordinates":[-89.921248,18.539793]}},{"type":"Feature","properties":{"CVEGEO":"040100164","NOM_MUN":"Calakmul","NOMGEO":"Nuevo Paraíso","CVE_AGEB":"0359","POB1":223.0,"POB8":91.0,"POB12":125.0,"POB24":7.0,"POB42":100.0,"POB84":123.0,"POB125_R":123.0,"POB126_R":78.4,"POB127_R":72.8,"POB128_R":5.6,"POB129_R":19.0,"OID":1995,"denominacion_oficial":"C04_Loc_rur","modulo_asignado":"Mapa Base","instrumento_vigencia":"","fecha_actualizacion":"2026-07-29","fuente_custodio":"SCINCE_2020","responsable_institucional":"INEGI","proyeccion_original":"EPSG:6372","proyeccion_actual":"EPSG:4326","cobertura_territorial":"Estatal","restricciones_uso":"Público"},"geometry":{"type":"Point","coordinates":[-89.240601,18.113328]}},{"type":"Feature","properties":{"CVEGEO":"040100166","NOM_MUN":"Calakmul","NOMGEO":"Nuevo San José","CVE_AGEB":"0429","POB1":304.0,"POB8":124.0,"POB12":164.0,"POB24":16.0,"POB42":133.0,"POB84":171.0,"POB125_R":128.6,"POB126_R":85.4,"POB127_R":75.6,"POB128_R":9.8,"POB129_R":18.0,"OID":1997,"denominacion_oficial":"C04_Loc_rur","modulo_asignado":"Mapa Base","instrumento_vigencia":"","fecha_actualizacion":"2026-07-29","fuente_custodio":"SCINCE_2020","responsable_institucional":"INEGI","proyeccion_original":"EPSG:6372","proyeccion_actual":"EPSG:4326","cobertura_territorial":"Estatal","restricciones_uso":"Público"},"geometry":{"type":"Point","coordinates":[-89.402325,18.059338]}},{"type":"Feature","properties":{"CVEGEO":"040100167","NOM_MUN":"Calakmul","NOMGEO":"Nuevo Veracruz","CVE_AGEB":"0433","POB1":164.0,"POB8":57.0,"POB12":98.0,"POB24":9.0,"POB42":76.0,"POB84":88.0,"POB125_R":115.8,"POB126_R":67.3,"POB127_R":58.2,"POB128_R":9.2,"POB129_R":20.0,"OID":1998,"denominacion_oficial":"C04_Loc_rur","modulo_asignado":"Mapa Base","instrumento_vigencia":"","fecha_actualizacion":"2026-07-29","fuente_custodio":"SCINCE_2020","responsable_institucional":"INEGI","proyeccion_original":"EPSG:6372","proyeccion_actual":"EPSG:4326","cobertura_territorial":"Estatal","restricciones_uso":"Público"},"geometry":{"type":"Point","coordinates":[-89.172612,18.055801]}},{"type":"Feature","properties":{"CVEGEO":"040100170","NOM_MUN":"Calakmul","NOMGEO":"Once de Mayo","CVE_AGEB":"0429","POB1":358.0,"POB8":128.0,"POB12":210.0,"POB24":20.0,"POB42":170.0,"POB84":188.0,"POB125_R":110.6,"POB126_R":70.5,"POB127_R":61.0,"POB128_R":9.5,"POB129_R":20.0,"OID":2000,"denominacion_oficial":"C04_Loc_rur","modulo_asignado":"Mapa Base","instrumento_vigencia":"","fecha_actualizacion":"2026-07-29","fuente_custodio":"SCINCE_2020","responsable_institucional":"INEGI","proyeccion_original":"EPSG:6372","proyeccion_actual":"EPSG:4326","cobertura_territorial":"Estatal","restricciones_uso":"Público"},"geometry":{"type":"Point","coordinates":[-89.459604,18.0913]}},{"type":"Feature","properties":{"CVEGEO":"040100171","NOM_MUN":"Calakmul","NOMGEO":"Pablo Garcí­a","CVE_AGEB":"0151","POB1":832.0,"POB8":281.0,"POB12":498.0,"POB24":53.0,"POB42":385.0,"POB84":447.0,"POB125_R":116.1,"POB126_R":67.1,"POB127_R":56.4,"POB128_R":10.6,"POB129_R":25.0,"OID":2001,"denominacion_oficial":"C04_Loc_rur","modulo_asignado":"Mapa Base","instrumento_vigencia":"","fecha_actualizacion":"2026-07-29","fuente_custodio":"SCINCE_2020","responsable_institucional":"INEGI","proyeccion_original":"EPSG:6372","proyeccion_actual":"EPSG:4326","cobertura_territorial":"Estatal","restricciones_uso":"Público"},"geometry":{"type":"Point","coordinates":[-90.139759,18.620796]}},{"type":"Feature","properties":{"CVEGEO":"040100176","NOM_MUN":"Calakmul","NOMGEO":"Pioneros del Rí­o Xnohí¡","CVE_AGEB":"0486","POB1":326.0,"POB8":131.0,"POB12":178.0,"POB24":17.0,"POB42":157.0,"POB84":169.0,"POB125_R":107.6,"POB126_R":83.1,"POB127_R":73.6,"POB128_R":9.6,"POB129_R":19.0,"OID":2004,"denominacion_oficial":"C04_Loc_rur","modulo_asignado":"Mapa Base","instrumento_vigencia":"","fecha_actualizacion":"2026-07-29","fuente_custodio":"SCINCE_2020","responsable_institucional":"INEGI","proyeccion_original":"EPSG:6372","proyeccion_actual":"EPSG:4326","cobertura_territorial":"Estatal","restricciones_uso":"Público"},"geometry":{"type":"Point","coordinates":[-89.172702,17.888388]}},{"type":"Feature","properties":{"CVEGEO":"040100179","NOM_MUN":"Calakmul","NOMGEO":"Cinco de Mayo (Plan de Ayala)","CVE_AGEB":"0429","POB1":484.0,"POB8":207.0,"POB12":257.0,"POB24":20.0,"POB42":250.0,"POB84":234.0,"POB125_R":93.6,"POB126_R":88.3,"POB127_R":80.5,"POB128_R":7.8,"POB129_R":17.0,"OID":2005,"denominacion_oficial":"C04_Loc_rur","modulo_asignado":"Mapa Base","instrumento_vigencia":"","fecha_actualizacion":"2026-07-29","fuente_custodio":"SCINCE_2020","responsable_institucional":"INEGI","proyeccion_original":"EPSG:6372","proyeccion_actual":"EPSG:4326","cobertura_territorial":"Estatal","restricciones_uso":"Público"},"geometry":{"type":"Point","coordinates":[-89.300552,18.070032]}},{"type":"Feature","properties":{"CVEGEO":"040100191","NOM_MUN":"Calakmul","NOMGEO":"Puebla de Morelia","CVE_AGEB":"0128","POB1":125.0,"POB8":42.0,"POB12":70.0,"POB24":13.0,"POB42":64.0,"POB84":61.0,"POB125_R":95.3,"POB126_R":78.6,"POB127_R":60.0,"POB128_R":18.6,"POB129_R":23.0,"OID":2012,"denominacion_oficial":"C04_Loc_rur","modulo_asignado":"Mapa Base","instrumento_vigencia":"","fecha_actualizacion":"2026-07-29","fuente_custodio":"SCINCE_2020","responsable_institucional":"INEGI","proyeccion_original":"EPSG:6372","proyeccion_actual":"EPSG:4326","cobertura_territorial":"Estatal","restricciones_uso":"Público"},"geometry":{"type":"Point","coordinates":[-89.678572,18.522594]}},{"type":"Feature","properties":{"CVEGEO":"040100192","NOM_MUN":"Calakmul","NOMGEO":"Quiché de las Pailas","CVE_AGEB":"033A","POB1":365.0,"POB8":145.0,"POB12":202.0,"POB24":18.0,"POB42":162.0,"POB84":203.0,"POB125_R":125.3,"POB126_R":80.7,"POB127_R":71.8,"POB128_R":8.9,"POB129_R":19.0,"OID":2013,"denominacion_oficial":"C04_Loc_rur","modulo_asignado":"Mapa Base","instrumento_vigencia":"","fecha_actualizacion":"2026-07-29","fuente_custodio":"SCINCE_2020","responsable_institucional":"INEGI","proyeccion_original":"EPSG:6372","proyeccion_actual":"EPSG:4326","cobertura_territorial":"Estatal","restricciones_uso":"Público"},"geometry":{"type":"Point","coordinates":[-89.339533,18.073665]}},{"type":"Feature","properties":{"CVEGEO":"040100194","NOM_MUN":"Calakmul","NOMGEO":"El Refugio","CVE_AGEB":"0077","POB1":140.0,"POB8":47.0,"POB12":85.0,"POB24":8.0,"POB42":68.0,"POB84":72.0,"POB125_R":105.9,"POB126_R":64.7,"POB127_R":55.3,"POB128_R":9.4,"POB129_R":21.5,"OID":2014,"denominacion_oficial":"C04_Loc_rur","modulo_asignado":"Mapa Base","instrumento_vigencia":"","fecha_actualizacion":"2026-07-29","fuente_custodio":"SCINCE_2020","responsable_institucional":"INEGI","proyeccion_original":"EPSG:6372","proyeccion_actual":"EPSG:4326","cobertura_territorial":"Estatal","restricciones_uso":"Público"},"geometry":{"type":"Point","coordinates":[-89.372275,18.803424]}},{"type":"Feature","properties":{"CVEGEO":"040100195","NOM_MUN":"Calakmul","NOMGEO":"Ricardo Flores Magón (Laguna Cooxlí­)","CVE_AGEB":"0077","POB1":302.0,"POB8":103.0,"POB12":187.0,"POB24":12.0,"POB42":150.0,"POB84":152.0,"POB125_R":101.3,"POB126_R":61.5,"POB127_R":55.1,"POB128_R":6.4,"POB129_R":22.5,"OID":2015,"denominacion_oficial":"C04_Loc_rur","modulo_asignado":"Mapa Base","instrumento_vigencia":"","fecha_actualizacion":"2026-07-29","fuente_custodio":"SCINCE_2020","responsable_institucional":"INEGI","proyeccion_original":"EPSG:6372","proyeccion_actual":"EPSG:4326","cobertura_territorial":"Estatal","restricciones_uso":"Público"},"geometry":{"type":"Point","coordinates":[-89.164196,18.822054]}},{"type":"Feature","properties":{"CVEGEO":"040100209","NOM_MUN":"Calakmul","NOMGEO":"Kilómetro Ciento Veinte","CVE_AGEB":"0221","POB1":183.0,"POB8":55.0,"POB12":109.0,"POB24":19.0,"POB42":93.0,"POB84":90.0,"POB125_R":96.8,"POB126_R":67.9,"POB127_R":50.5,"POB128_R":17.4,"POB129_R":28.0,"OID":2022,"denominacion_oficial":"C04_Loc_rur","modulo_asignado":"Mapa Base","instrumento_vigencia":"","fecha_actualizacion":"2026-07-29","fuente_custodio":"SCINCE_2020","responsable_institucional":"INEGI","proyeccion_original":"EPSG:6372","proyeccion_actual":"EPSG:4326","cobertura_territorial":"Estatal","restricciones_uso":"Público"},"geometry":{"type":"Point","coordinates":[-89.697465,18.518728]}},{"type":"Feature","properties":{"CVEGEO":"040100217","NOM_MUN":"Calakmul","NOMGEO":"San Miguel","CVE_AGEB":"0363","POB1":167.0,"POB8":66.0,"POB12":94.0,"POB24":7.0,"POB42":86.0,"POB84":81.0,"POB125_R":94.2,"POB126_R":77.7,"POB127_R":70.2,"POB128_R":7.4,"POB129_R":22.0,"OID":2027,"denominacion_oficial":"C04_Loc_rur","modulo_asignado":"Mapa Base","instrumento_vigencia":"","fecha_actualizacion":"2026-07-29","fuente_custodio":"SCINCE_2020","responsable_institucional":"INEGI","proyeccion_original":"EPSG:6372","proyeccion_actual":"EPSG:4326","cobertura_territorial":"Estatal","restricciones_uso":"Público"},"geometry":{"type":"Point","coordinates":[-89.434063,18.094182]}},{"type":"Feature","properties":{"CVEGEO":"040100225","NOM_MUN":"Calakmul","NOMGEO":"Santa Lucí­a","CVE_AGEB":"0151","POB1":304.0,"POB8":97.0,"POB12":181.0,"POB24":26.0,"POB42":149.0,"POB84":155.0,"POB125_R":104.0,"POB126_R":68.0,"POB127_R":53.6,"POB128_R":14.4,"POB129_R":27.0,"OID":2031,"denominacion_oficial":"C04_Loc_rur","modulo_asignado":"Mapa Base","instrumento_vigencia":"","fecha_actualizacion":"2026-07-29","fuente_custodio":"SCINCE_2020","responsable_institucional":"INEGI","proyeccion_original":"EPSG:6372","proyeccion_actual":"EPSG:4326","cobertura_territorial":"Estatal","restricciones_uso":"Público"},"geometry":{"type":"Point","coordinates":[-90.178955,18.636888]}},{"type":"Feature","properties":{"CVEGEO":"040100236","NOM_MUN":"Calakmul","NOMGEO":"Los Tambores de Emiliano Zapata","CVE_AGEB":"0429","POB1":257.0,"POB8":83.0,"POB12":164.0,"POB24":10.0,"POB42":117.0,"POB84":140.0,"POB125_R":119.7,"POB126_R":56.7,"POB127_R":50.6,"POB128_R":6.1,"POB129_R":23.0,"OID":2033,"denominacion_oficial":"C04_Loc_rur","modulo_asignado":"Mapa Base","instrumento_vigencia":"","fecha_actualizacion":"2026-07-29","fuente_custodio":"SCINCE_2020","responsable_institucional":"INEGI","proyeccion_original":"EPSG:6372","proyeccion_actual":"EPSG:4326","cobertura_territorial":"Estatal","restricciones_uso":"Público"},"geometry":{"type":"Point","coordinates":[-89.312848,17.994626]}},{"type":"Feature","properties":{"CVEGEO":"040100238","NOM_MUN":"Calakmul","NOMGEO":"El Tesoro","CVE_AGEB":"0344","POB1":418.0,"POB8":147.0,"POB12":241.0,"POB24":30.0,"POB42":208.0,"POB84":210.0,"POB125_R":101.0,"POB126_R":73.4,"POB127_R":61.0,"POB128_R":12.4,"POB129_R":25.0,"OID":2035,"denominacion_oficial":"C04_Loc_rur","modulo_asignado":"Mapa Base","instrumento_vigencia":"","fecha_actualizacion":"2026-07-29","fuente_custodio":"SCINCE_2020","responsable_institucional":"INEGI","proyeccion_original":"EPSG:6372","proyeccion_actual":"EPSG:4326","cobertura_territorial":"Estatal","restricciones_uso":"Público"},"geometry":{"type":"Point","coordinates":[-89.188614,18.158842]}},{"type":"Feature","properties":{"CVEGEO":"040100241","NOM_MUN":"Calakmul","NOMGEO":"Tomás Aznar Barbachano (La Moza)","CVE_AGEB":"0185","POB1":194.0,"POB8":59.0,"POB12":126.0,"POB24":9.0,"POB42":95.0,"POB84":99.0,"POB125_R":104.2,"POB126_R":54.0,"POB127_R":46.8,"POB128_R":7.1,"POB129_R":23.0,"OID":2038,"denominacion_oficial":"C04_Loc_rur","modulo_asignado":"Mapa Base","instrumento_vigencia":"","fecha_actualizacion":"2026-07-29","fuente_custodio":"SCINCE_2020","responsable_institucional":"INEGI","proyeccion_original":"EPSG:6372","proyeccion_actual":"EPSG:4326","cobertura_territorial":"Estatal","restricciones_uso":"Público"},"geometry":{"type":"Point","coordinates":[-89.195923,18.481356]}},{"type":"Feature","properties":{"CVEGEO":"040100256","NOM_MUN":"Calakmul","NOMGEO":"Unidad y Trabajo","CVE_AGEB":"0363","POB1":144.0,"POB8":44.0,"POB12":88.0,"POB24":12.0,"POB42":66.0,"POB84":78.0,"POB125_R":118.2,"POB126_R":63.6,"POB127_R":50.0,"POB128_R":13.6,"POB129_R":23.5,"OID":2043,"denominacion_oficial":"C04_Loc_rur","modulo_asignado":"Mapa Base","instrumento_vigencia":"","fecha_actualizacion":"2026-07-29","fuente_custodio":"SCINCE_2020","responsable_institucional":"INEGI","proyeccion_original":"EPSG:6372","proyeccion_actual":"EPSG:4326","cobertura_territorial":"Estatal","restricciones_uso":"Público"},"geometry":{"type":"Point","coordinates":[-89.399971,18.117603]}},{"type":"Feature","properties":{"CVEGEO":"040100257","NOM_MUN":"Calakmul","NOMGEO":"Unión 20 de Junio (Mancolona)","CVE_AGEB":"0077","POB1":535.0,"POB8":245.0,"POB12":274.0,"POB24":16.0,"POB42":258.0,"POB84":277.0,"POB125_R":107.4,"POB126_R":95.3,"POB127_R":89.4,"POB128_R":5.8,"POB129_R":16.0,"OID":2044,"denominacion_oficial":"C04_Loc_rur","modulo_asignado":"Mapa Base","instrumento_vigencia":"","fecha_actualizacion":"2026-07-29","fuente_custodio":"SCINCE_2020","responsable_institucional":"INEGI","proyeccion_original":"EPSG:6372","proyeccion_actual":"EPSG:4326","cobertura_territorial":"Estatal","restricciones_uso":"Público"},"geometry":{"type":"Point","coordinates":[-89.291651,18.810714]}},{"type":"Feature","properties":{"CVEGEO":"040100261","NOM_MUN":"Calakmul","NOMGEO":"Valentí­n Gómez Farí­as","CVE_AGEB":"0221","POB1":386.0,"POB8":140.0,"POB12":223.0,"POB24":23.0,"POB42":203.0,"POB84":183.0,"POB125_R":90.1,"POB126_R":73.1,"POB127_R":62.8,"POB128_R":10.3,"POB129_R":22.5,"OID":2045,"denominacion_oficial":"C04_Loc_rur","modulo_asignado":"Mapa Base","instrumento_vigencia":"","fecha_actualizacion":"2026-07-29","fuente_custodio":"SCINCE_2020","responsable_institucional":"INEGI","proyeccion_original":"EPSG:6372","proyeccion_actual":"EPSG:4326","cobertura_territorial":"Estatal","restricciones_uso":"Público"},"geometry":{"type":"Point","coordinates":[-89.443434,18.512966]}},{"type":"Feature","properties":{"CVEGEO":"040100262","NOM_MUN":"Calakmul","NOMGEO":"Veinte de Noviembre","CVE_AGEB":"0202","POB1":419.0,"POB8":126.0,"POB12":259.0,"POB24":34.0,"POB42":199.0,"POB84":220.0,"POB125_R":110.6,"POB126_R":61.8,"POB127_R":48.6,"POB128_R":13.1,"POB129_R":28.0,"OID":2046,"denominacion_oficial":"C04_Loc_rur","modulo_asignado":"Mapa Base","instrumento_vigencia":"","fecha_actualizacion":"2026-07-29","fuente_custodio":"SCINCE_2020","responsable_institucional":"INEGI","proyeccion_original":"EPSG:6372","proyeccion_actual":"EPSG:4326","cobertura_territorial":"Estatal","restricciones_uso":"Público"},"geometry":{"type":"Point","coordinates":[-89.306919,18.45199]}},{"type":"Feature","properties":{"CVEGEO":"040100264","NOM_MUN":"Calakmul","NOMGEO":"Veintiuno de Mayo (Lechugal)","CVE_AGEB":"033A","POB1":241.0,"POB8":83.0,"POB12":141.0,"POB24":17.0,"POB42":118.0,"POB84":123.0,"POB125_R":104.2,"POB126_R":70.9,"POB127_R":58.9,"POB128_R":12.1,"POB129_R":23.0,"OID":2047,"denominacion_oficial":"C04_Loc_rur","modulo_asignado":"Mapa Base","instrumento_vigencia":"","fecha_actualizacion":"2026-07-29","fuente_custodio":"SCINCE_2020","responsable_institucional":"INEGI","proyeccion_original":"EPSG:6372","proyeccion_actual":"EPSG:4326","cobertura_territorial":"Estatal","restricciones_uso":"Público"},"geometry":{"type":"Point","coordinates":[-89.204322,18.206935]}},{"type":"Feature","properties":{"CVEGEO":"040100265","NOM_MUN":"Calakmul","NOMGEO":"La Victoria","CVE_AGEB":"033A","POB1":194.0,"POB8":87.0,"POB12":100.0,"POB24":7.0,"POB42":91.0,"POB84":103.0,"POB125_R":113.2,"POB126_R":94.0,"POB127_R":87.0,"POB128_R":7.0,"POB129_R":17.5,"OID":2048,"denominacion_oficial":"C04_Loc_rur","modulo_asignado":"Mapa Base","instrumento_vigencia":"","fecha_actualizacion":"2026-07-29","fuente_custodio":"SCINCE_2020","responsable_institucional":"INEGI","proyeccion_original":"EPSG:6372","proyeccion_actual":"EPSG:4326","cobertura_territorial":"Estatal","restricciones_uso":"Público"},"geometry":{"type":"Point","coordinates":[-89.38657,18.223017]}},{"type":"Feature","properties":{"CVEGEO":"040100266","NOM_MUN":"Calakmul","NOMGEO":"La Virgencita de la Candelaria","CVE_AGEB":"033A","POB1":414.0,"POB8":133.0,"POB12":249.0,"POB24":32.0,"POB42":197.0,"POB84":217.0,"POB125_R":110.2,"POB126_R":66.3,"POB127_R":53.4,"POB128_R":12.9,"POB129_R":21.5,"OID":2049,"denominacion_oficial":"C04_Loc_rur","modulo_asignado":"Mapa Base","instrumento_vigencia":"","fecha_actualizacion":"2026-07-29","fuente_custodio":"SCINCE_2020","responsable_institucional":"INEGI","proyeccion_original":"EPSG:6372","proyeccion_actual":"EPSG:4326","cobertura_territorial":"Estatal","restricciones_uso":"Público"},"geometry":{"type":"Point","coordinates":[-89.312128,18.240844]}},{"type":"Feature","properties":{"CVEGEO":"040100268","NOM_MUN":"Calakmul","NOMGEO":"Xbonil","CVE_AGEB":"0132","POB1":587.0,"POB8":181.0,"POB12":359.0,"POB24":47.0,"POB42":276.0,"POB84":311.0,"POB125_R":112.7,"POB126_R":63.5,"POB127_R":50.4,"POB128_R":13.1,"POB129_R":24.0,"OID":2051,"denominacion_oficial":"C04_Loc_rur","modulo_asignado":"Mapa Base","instrumento_vigencia":"","fecha_actualizacion":"2026-07-29","fuente_custodio":"SCINCE_2020","responsable_institucional":"INEGI","proyeccion_original":"EPSG:6372","proyeccion_actual":"EPSG:4326","cobertura_territorial":"Estatal","restricciones_uso":"Público"},"geometry":{"type":"Point","coordinates":[-90.166201,18.635697]}},{"type":"Feature","properties":{"CVEGEO":"040100272","NOM_MUN":"Calakmul","NOMGEO":"Zoh-Laguna (Álvaro Obregón)","CVE_AGEB":"0096","POB1":1144.0,"POB8":314.0,"POB12":742.0,"POB24":88.0,"POB42":568.0,"POB84":576.0,"POB125_R":101.4,"POB126_R":54.2,"POB127_R":42.3,"POB128_R":11.9,"POB129_R":29.0,"OID":2052,"denominacion_oficial":"C04_Loc_rur","modulo_asignado":"Mapa Base","instrumento_vigencia":"","fecha_actualizacion":"2026-07-29","fuente_custodio":"SCINCE_2020","responsable_institucional":"INEGI","proyeccion_original":"EPSG:6372","proyeccion_actual":"EPSG:4326","cobertura_territorial":"Estatal","restricciones_uso":"Público"},"geometry":{"type":"Point","coordinates":[-89.419116,18.593856]}},{"type":"Feature","properties":{"CVEGEO":"040110018","NOM_MUN":"Candelaria","NOMGEO":"Alianza Productora","CVE_AGEB":"0197","POB1":279.0,"POB8":103.0,"POB12":169.0,"POB24":7.0,"POB42":146.0,"POB84":133.0,"POB125_R":91.1,"POB126_R":65.1,"POB127_R":60.9,"POB128_R":4.1,"POB129_R":21.0,"OID":2110,"denominacion_oficial":"C04_Loc_rur","modulo_asignado":"Mapa Base","instrumento_vigencia":"","fecha_actualizacion":"2026-07-29","fuente_custodio":"SCINCE_2020","responsable_institucional":"INEGI","proyeccion_original":"EPSG:6372","proyeccion_actual":"EPSG:4326","cobertura_territorial":"Estatal","restricciones_uso":"Público"},"geometry":{"type":"Point","coordinates":[-90.336942,17.896192]}},{"type":"Feature","properties":{"CVEGEO":"040110028","NOM_MUN":"Candelaria","NOMGEO":"Las Maravillas 2 [Campo Menonita]","CVE_AGEB":"013A","POB1":163.0,"POB8":74.0,"POB12":82.0,"POB24":7.0,"POB42":75.0,"POB84":88.0,"POB125_R":117.3,"POB126_R":98.8,"POB127_R":90.2,"POB128_R":8.5,"POB129_R":16.0,"OID":2114,"denominacion_oficial":"C04_Loc_rur","modulo_asignado":"Mapa Base","instrumento_vigencia":"","fecha_actualizacion":"2026-07-29","fuente_custodio":"SCINCE_2020","responsable_institucional":"INEGI","proyeccion_original":"EPSG:6372","proyeccion_actual":"EPSG:4326","cobertura_territorial":"Estatal","restricciones_uso":"Público"},"geometry":{"type":"Point","coordinates":[-90.791897,18.235689]}},{"type":"Feature","properties":{"CVEGEO":"040110029","NOM_MUN":"Candelaria","NOMGEO":"Las Maravillas 3 [Campo Menonita]","CVE_AGEB":"0159","POB1":102.0,"POB8":62.0,"POB12":40.0,"POB24":0.0,"POB42":50.0,"POB84":52.0,"POB125_R":104.0,"POB126_R":155.0,"POB127_R":155.0,"POB128_R":0.0,"POB129_R":10.5,"OID":2115,"denominacion_oficial":"C04_Loc_rur","modulo_asignado":"Mapa Base","instrumento_vigencia":"","fecha_actualizacion":"2026-07-29","fuente_custodio":"SCINCE_2020","responsable_institucional":"INEGI","proyeccion_original":"EPSG:6372","proyeccion_actual":"EPSG:4326","cobertura_territorial":"Estatal","restricciones_uso":"Público"},"geometry":{"type":"Point","coordinates":[-90.790544,18.209428]}},{"type":"Feature","properties":{"CVEGEO":"040110036","NOM_MUN":"Candelaria","NOMGEO":"Arroyo de Cuba","CVE_AGEB":"0197","POB1":161.0,"POB8":64.0,"POB12":88.0,"POB24":9.0,"POB42":78.0,"POB84":83.0,"POB125_R":106.4,"POB126_R":83.0,"POB127_R":72.7,"POB128_R":10.2,"POB129_R":22.0,"OID":2120,"denominacion_oficial":"C04_Loc_rur","modulo_asignado":"Mapa Base","instrumento_vigencia":"","fecha_actualizacion":"2026-07-29","fuente_custodio":"SCINCE_2020","responsable_institucional":"INEGI","proyeccion_original":"EPSG:6372","proyeccion_actual":"EPSG:4326","cobertura_territorial":"Estatal","restricciones_uso":"Público"},"geometry":{"type":"Point","coordinates":[-90.370171,17.925031]}},{"type":"Feature","properties":{"CVEGEO":"040110038","NOM_MUN":"Candelaria","NOMGEO":"Arroyo San Juan (Las Golondrinas)","CVE_AGEB":"0182","POB1":422.0,"POB8":128.0,"POB12":260.0,"POB24":34.0,"POB42":198.0,"POB84":224.0,"POB125_R":113.1,"POB126_R":62.3,"POB127_R":49.2,"POB128_R":13.1,"POB129_R":27.5,"OID":2122,"denominacion_oficial":"C04_Loc_rur","modulo_asignado":"Mapa Base","instrumento_vigencia":"","fecha_actualizacion":"2026-07-29","fuente_custodio":"SCINCE_2020","responsable_institucional":"INEGI","proyeccion_original":"EPSG:6372","proyeccion_actual":"EPSG:4326","cobertura_territorial":"Estatal","restricciones_uso":"Público"},"geometry":{"type":"Point","coordinates":[-90.630479,18.107251]}},{"type":"Feature","properties":{"CVEGEO":"040110041","NOM_MUN":"Candelaria","NOMGEO":"Benito Juárez Uno","CVE_AGEB":"0110","POB1":1329.0,"POB8":369.0,"POB12":825.0,"POB24":135.0,"POB42":672.0,"POB84":657.0,"POB125_R":97.8,"POB126_R":61.1,"POB127_R":44.7,"POB128_R":16.4,"POB129_R":32.0,"OID":2124,"denominacion_oficial":"C04_Loc_rur","modulo_asignado":"Mapa Base","instrumento_vigencia":"","fecha_actualizacion":"2026-07-29","fuente_custodio":"SCINCE_2020","responsable_institucional":"INEGI","proyeccion_original":"EPSG:6372","proyeccion_actual":"EPSG:4326","cobertura_territorial":"Estatal","restricciones_uso":"Público"},"geometry":{"type":"Point","coordinates":[-91.099635,18.276601]}},{"type":"Feature","properties":{"CVEGEO":"040110068","NOM_MUN":"Candelaria","NOMGEO":"Las Maravillas 1 [Campo Menonita]","CVE_AGEB":"0159","POB1":126.0,"POB8":69.0,"POB12":57.0,"POB24":0.0,"POB42":53.0,"POB84":73.0,"POB125_R":137.7,"POB126_R":121.1,"POB127_R":121.1,"POB128_R":0.0,"POB129_R":12.5,"OID":2136,"denominacion_oficial":"C04_Loc_rur","modulo_asignado":"Mapa Base","instrumento_vigencia":"","fecha_actualizacion":"2026-07-29","fuente_custodio":"SCINCE_2020","responsable_institucional":"INEGI","proyeccion_original":"EPSG:6372","proyeccion_actual":"EPSG:4326","cobertura_territorial":"Estatal","restricciones_uso":"Público"},"geometry":{"type":"Point","coordinates":[-90.788344,18.228137]}},{"type":"Feature","properties":{"CVEGEO":"040110071","NOM_MUN":"Candelaria","NOMGEO":"Carlos Sansores Pérez (La Paz)","CVE_AGEB":"0197","POB1":152.0,"POB8":57.0,"POB12":86.0,"POB24":9.0,"POB42":70.0,"POB84":82.0,"POB125_R":117.1,"POB126_R":76.7,"POB127_R":66.3,"POB128_R":10.5,"POB129_R":19.5,"OID":2138,"denominacion_oficial":"C04_Loc_rur","modulo_asignado":"Mapa Base","instrumento_vigencia":"","fecha_actualizacion":"2026-07-29","fuente_custodio":"SCINCE_2020","responsable_institucional":"INEGI","proyeccion_original":"EPSG:6372","proyeccion_actual":"EPSG:4326","cobertura_territorial":"Estatal","restricciones_uso":"Público"},"geometry":{"type":"Point","coordinates":[-90.330177,17.967723]}},{"type":"Feature","properties":{"CVEGEO":"040110073","NOM_MUN":"Candelaria","NOMGEO":"El Nuevo Paraguas","CVE_AGEB":"0197","POB1":308.0,"POB8":135.0,"POB12":166.0,"POB24":7.0,"POB42":125.0,"POB84":183.0,"POB125_R":146.4,"POB126_R":85.5,"POB127_R":81.3,"POB128_R":4.2,"POB129_R":18.0,"OID":2139,"denominacion_oficial":"C04_Loc_rur","modulo_asignado":"Mapa Base","instrumento_vigencia":"","fecha_actualizacion":"2026-07-29","fuente_custodio":"SCINCE_2020","responsable_institucional":"INEGI","proyeccion_original":"EPSG:6372","proyeccion_actual":"EPSG:4326","cobertura_territorial":"Estatal","restricciones_uso":"Público"},"geometry":{"type":"Point","coordinates":[-90.345761,18.081439]}},{"type":"Feature","properties":{"CVEGEO":"040110099","NOM_MUN":"Candelaria","NOMGEO":"El Chilar","CVE_AGEB":"0159","POB1":224.0,"POB8":86.0,"POB12":127.0,"POB24":11.0,"POB42":105.0,"POB84":119.0,"POB125_R":113.3,"POB126_R":76.4,"POB127_R":67.7,"POB128_R":8.7,"POB129_R":20.0,"OID":2151,"denominacion_oficial":"C04_Loc_rur","modulo_asignado":"Mapa Base","instrumento_vigencia":"","fecha_actualizacion":"2026-07-29","fuente_custodio":"SCINCE_2020","responsable_institucional":"INEGI","proyeccion_original":"EPSG:6372","proyeccion_actual":"EPSG:4326","cobertura_territorial":"Estatal","restricciones_uso":"Público"},"geometry":{"type":"Point","coordinates":[-90.838721,18.153899]}},{"type":"Feature","properties":{"CVEGEO":"040110115","NOM_MUN":"Candelaria","NOMGEO":"Corte Pajaral","CVE_AGEB":"0214","POB1":251.0,"POB8":75.0,"POB12":151.0,"POB24":25.0,"POB42":115.0,"POB84":136.0,"POB125_R":118.3,"POB126_R":66.2,"POB127_R":49.7,"POB128_R":16.6,"POB129_R":29.0,"OID":2156,"denominacion_oficial":"C04_Loc_rur","modulo_asignado":"Mapa Base","instrumento_vigencia":"","fecha_actualizacion":"2026-07-29","fuente_custodio":"SCINCE_2020","responsable_institucional":"INEGI","proyeccion_original":"EPSG:6372","proyeccion_actual":"EPSG:4326","cobertura_territorial":"Estatal","restricciones_uso":"Público"},"geometry":{"type":"Point","coordinates":[-91.078182,18.118746]}},{"type":"Feature","properties":{"CVEGEO":"040110119","NOM_MUN":"Candelaria","NOMGEO":"Cuauhtémoc","CVE_AGEB":"020A","POB1":219.0,"POB8":60.0,"POB12":130.0,"POB24":29.0,"POB42":110.0,"POB84":109.0,"POB125_R":99.1,"POB126_R":68.5,"POB127_R":46.2,"POB128_R":22.3,"POB129_R":33.0,"OID":2158,"denominacion_oficial":"C04_Loc_rur","modulo_asignado":"Mapa Base","instrumento_vigencia":"","fecha_actualizacion":"2026-07-29","fuente_custodio":"SCINCE_2020","responsable_institucional":"INEGI","proyeccion_original":"EPSG:6372","proyeccion_actual":"EPSG:4326","cobertura_territorial":"Estatal","restricciones_uso":"Público"},"geometry":{"type":"Point","coordinates":[-91.273947,18.042346]}},{"type":"Feature","properties":{"CVEGEO":"040110130","NOM_MUN":"Candelaria","NOMGEO":"Las Delicias","CVE_AGEB":"0178","POB1":360.0,"POB8":104.0,"POB12":229.0,"POB24":27.0,"POB42":174.0,"POB84":186.0,"POB125_R":106.9,"POB126_R":57.2,"POB127_R":45.4,"POB128_R":11.8,"POB129_R":26.0,"OID":2163,"denominacion_oficial":"C04_Loc_rur","modulo_asignado":"Mapa Base","instrumento_vigencia":"","fecha_actualizacion":"2026-07-29","fuente_custodio":"SCINCE_2020","responsable_institucional":"INEGI","proyeccion_original":"EPSG:6372","proyeccion_actual":"EPSG:4326","cobertura_territorial":"Estatal","restricciones_uso":"Público"},"geometry":{"type":"Point","coordinates":[-90.944328,18.100448]}},{"type":"Feature","properties":{"CVEGEO":"040110135","NOM_MUN":"Candelaria","NOMGEO":"El Desengaño","CVE_AGEB":"0290","POB1":1257.0,"POB8":436.0,"POB12":704.0,"POB24":57.0,"POB42":631.0,"POB84":626.0,"POB125_R":99.2,"POB126_R":70.0,"POB127_R":61.9,"POB128_R":8.1,"POB129_R":22.0,"OID":2165,"denominacion_oficial":"C04_Loc_rur","modulo_asignado":"Mapa Base","instrumento_vigencia":"","fecha_actualizacion":"2026-07-29","fuente_custodio":"SCINCE_2020","responsable_institucional":"INEGI","proyeccion_original":"EPSG:6372","proyeccion_actual":"EPSG:4326","cobertura_territorial":"Estatal","restricciones_uso":"Público"},"geometry":{"type":"Point","coordinates":[-90.445812,17.866557]}},{"type":"Feature","properties":{"CVEGEO":"040110153","NOM_MUN":"Candelaria","NOMGEO":"Emiliano Zapata","CVE_AGEB":"0182","POB1":201.0,"POB8":72.0,"POB12":119.0,"POB24":10.0,"POB42":98.0,"POB84":103.0,"POB125_R":105.1,"POB126_R":68.9,"POB127_R":60.5,"POB128_R":8.4,"POB129_R":20.0,"OID":2171,"denominacion_oficial":"C04_Loc_rur","modulo_asignado":"Mapa Base","instrumento_vigencia":"","fecha_actualizacion":"2026-07-29","fuente_custodio":"SCINCE_2020","responsable_institucional":"INEGI","proyeccion_original":"EPSG:6372","proyeccion_actual":"EPSG:4326","cobertura_territorial":"Estatal","restricciones_uso":"Público"},"geometry":{"type":"Point","coordinates":[-90.467889,17.965006]}},{"type":"Feature","properties":{"CVEGEO":"040110154","NOM_MUN":"Candelaria","NOMGEO":"El Encanto","CVE_AGEB":"0233","POB1":105.0,"POB8":34.0,"POB12":65.0,"POB24":6.0,"POB42":55.0,"POB84":50.0,"POB125_R":90.9,"POB126_R":61.5,"POB127_R":52.3,"POB128_R":9.2,"POB129_R":24.0,"OID":2172,"denominacion_oficial":"C04_Loc_rur","modulo_asignado":"Mapa Base","instrumento_vigencia":"","fecha_actualizacion":"2026-07-29","fuente_custodio":"SCINCE_2020","responsable_institucional":"INEGI","proyeccion_original":"EPSG:6372","proyeccion_actual":"EPSG:4326","cobertura_territorial":"Estatal","restricciones_uso":"Público"},"geometry":{"type":"Point","coordinates":[-91.030446,17.997105]}},{"type":"Feature","properties":{"CVEGEO":"040110166","NOM_MUN":"Candelaria","NOMGEO":"La Esmeralda","CVE_AGEB":"0229","POB1":382.0,"POB8":117.0,"POB12":239.0,"POB24":26.0,"POB42":196.0,"POB84":186.0,"POB125_R":94.9,"POB126_R":59.8,"POB127_R":49.0,"POB128_R":10.9,"POB129_R":24.5,"OID":2177,"denominacion_oficial":"C04_Loc_rur","modulo_asignado":"Mapa Base","instrumento_vigencia":"","fecha_actualizacion":"2026-07-29","fuente_custodio":"SCINCE_2020","responsable_institucional":"INEGI","proyeccion_original":"EPSG:6372","proyeccion_actual":"EPSG:4326","cobertura_territorial":"Estatal","restricciones_uso":"Público"},"geometry":{"type":"Point","coordinates":[-90.711937,18.092179]}},{"type":"Feature","properties":{"CVEGEO":"040110169","NOM_MUN":"Candelaria","NOMGEO":"Esperanza","CVE_AGEB":"0229","POB1":172.0,"POB8":54.0,"POB12":101.0,"POB24":17.0,"POB42":86.0,"POB84":86.0,"POB125_R":100.0,"POB126_R":70.3,"POB127_R":53.5,"POB128_R":16.8,"POB129_R":26.0,"OID":2179,"denominacion_oficial":"C04_Loc_rur","modulo_asignado":"Mapa Base","instrumento_vigencia":"","fecha_actualizacion":"2026-07-29","fuente_custodio":"SCINCE_2020","responsable_institucional":"INEGI","proyeccion_original":"EPSG:6372","proyeccion_actual":"EPSG:4326","cobertura_territorial":"Estatal","restricciones_uso":"Público"},"geometry":{"type":"Point","coordinates":[-90.788233,18.014923]}},{"type":"Feature","properties":{"CVEGEO":"040110187","NOM_MUN":"Candelaria","NOMGEO":"Estado de México","CVE_AGEB":"0248","POB1":364.0,"POB8":89.0,"POB12":222.0,"POB24":53.0,"POB42":186.0,"POB84":178.0,"POB125_R":95.7,"POB126_R":64.0,"POB127_R":40.1,"POB128_R":23.9,"POB129_R":38.0,"OID":2186,"denominacion_oficial":"C04_Loc_rur","modulo_asignado":"Mapa Base","instrumento_vigencia":"","fecha_actualizacion":"2026-07-29","fuente_custodio":"SCINCE_2020","responsable_institucional":"INEGI","proyeccion_original":"EPSG:6372","proyeccion_actual":"EPSG:4326","cobertura_territorial":"Estatal","restricciones_uso":"Público"},"geometry":{"type":"Point","coordinates":[-90.879707,18.019692]}},{"type":"Feature","properties":{"CVEGEO":"040110188","NOM_MUN":"Candelaria","NOMGEO":"Estrella del Sur","CVE_AGEB":"0286","POB1":190.0,"POB8":61.0,"POB12":116.0,"POB24":13.0,"POB42":85.0,"POB84":105.0,"POB125_R":123.5,"POB126_R":63.8,"POB127_R":52.6,"POB128_R":11.2,"POB129_R":25.0,"OID":2187,"denominacion_oficial":"C04_Loc_rur","modulo_asignado":"Mapa Base","instrumento_vigencia":"","fecha_actualizacion":"2026-07-29","fuente_custodio":"SCINCE_2020","responsable_institucional":"INEGI","proyeccion_original":"EPSG:6372","proyeccion_actual":"EPSG:4326","cobertura_territorial":"Estatal","restricciones_uso":"Público"},"geometry":{"type":"Point","coordinates":[-90.668895,17.82569]}},{"type":"Feature","properties":{"CVEGEO":"040110194","NOM_MUN":"Candelaria","NOMGEO":"Flor de Chiapas","CVE_AGEB":"0286","POB1":216.0,"POB8":77.0,"POB12":118.0,"POB24":21.0,"POB42":112.0,"POB84":104.0,"POB125_R":92.9,"POB126_R":83.1,"POB127_R":65.3,"POB128_R":17.8,"POB129_R":23.0,"OID":2192,"denominacion_oficial":"C04_Loc_rur","modulo_asignado":"Mapa Base","instrumento_vigencia":"","fecha_actualizacion":"2026-07-29","fuente_custodio":"SCINCE_2020","responsable_institucional":"INEGI","proyeccion_original":"EPSG:6372","proyeccion_actual":"EPSG:4326","cobertura_territorial":"Estatal","restricciones_uso":"Público"},"geometry":{"type":"Point","coordinates":[-90.604611,17.885942]}},{"type":"Feature","properties":{"CVEGEO":"040110202","NOM_MUN":"Candelaria","NOMGEO":"Francisco I. Madero","CVE_AGEB":"0286","POB1":228.0,"POB8":72.0,"POB12":142.0,"POB24":14.0,"POB42":113.0,"POB84":115.0,"POB125_R":101.8,"POB126_R":60.6,"POB127_R":50.7,"POB128_R":9.9,"POB129_R":24.5,"OID":2197,"denominacion_oficial":"C04_Loc_rur","modulo_asignado":"Mapa Base","instrumento_vigencia":"","fecha_actualizacion":"2026-07-29","fuente_custodio":"SCINCE_2020","responsable_institucional":"INEGI","proyeccion_original":"EPSG:6372","proyeccion_actual":"EPSG:4326","cobertura_territorial":"Estatal","restricciones_uso":"Público"},"geometry":{"type":"Point","coordinates":[-90.657675,17.898458]}},{"type":"Feature","properties":{"CVEGEO":"040110207","NOM_MUN":"Candelaria","NOMGEO":"General Francisco J. Mújica","CVE_AGEB":"0125","POB1":438.0,"POB8":121.0,"POB12":279.0,"POB24":38.0,"POB42":225.0,"POB84":213.0,"POB125_R":94.7,"POB126_R":57.0,"POB127_R":43.4,"POB128_R":13.6,"POB129_R":28.0,"OID":2200,"denominacion_oficial":"C04_Loc_rur","modulo_asignado":"Mapa Base","instrumento_vigencia":"","fecha_actualizacion":"2026-07-29","fuente_custodio":"SCINCE_2020","responsable_institucional":"INEGI","proyeccion_original":"EPSG:6372","proyeccion_actual":"EPSG:4326","cobertura_territorial":"Estatal","restricciones_uso":"Público"},"geometry":{"type":"Point","coordinates":[-91.062648,18.223]}},{"type":"Feature","properties":{"CVEGEO":"040110212","NOM_MUN":"Candelaria","NOMGEO":"Las Golondrinas","CVE_AGEB":"0271","POB1":724.0,"POB8":202.0,"POB12":446.0,"POB24":76.0,"POB42":350.0,"POB84":374.0,"POB125_R":106.9,"POB126_R":62.3,"POB127_R":45.3,"POB128_R":17.0,"POB129_R":28.0,"OID":2202,"denominacion_oficial":"C04_Loc_rur","modulo_asignado":"Mapa Base","instrumento_vigencia":"","fecha_actualizacion":"2026-07-29","fuente_custodio":"SCINCE_2020","responsable_institucional":"INEGI","proyeccion_original":"EPSG:6372","proyeccion_actual":"EPSG:4326","cobertura_territorial":"Estatal","restricciones_uso":"Público"},"geometry":{"type":"Point","coordinates":[-90.815335,17.888405]}},{"type":"Feature","properties":{"CVEGEO":"040110214","NOM_MUN":"Candelaria","NOMGEO":"Lázaro Cárdenas","CVE_AGEB":"0252","POB1":508.0,"POB8":143.0,"POB12":320.0,"POB24":45.0,"POB42":247.0,"POB84":261.0,"POB125_R":105.7,"POB126_R":58.8,"POB127_R":44.7,"POB128_R":14.1,"POB129_R":29.0,"OID":2203,"denominacion_oficial":"C04_Loc_rur","modulo_asignado":"Mapa Base","instrumento_vigencia":"","fecha_actualizacion":"2026-07-29","fuente_custodio":"SCINCE_2020","responsable_institucional":"INEGI","proyeccion_original":"EPSG:6372","proyeccion_actual":"EPSG:4326","cobertura_territorial":"Estatal","restricciones_uso":"Público"},"geometry":{"type":"Point","coordinates":[-90.81274,17.915995]}},{"type":"Feature","properties":{"CVEGEO":"040110225","NOM_MUN":"Candelaria","NOMGEO":"Héctor Pérez Morales","CVE_AGEB":"0229","POB1":224.0,"POB8":67.0,"POB12":138.0,"POB24":19.0,"POB42":107.0,"POB84":117.0,"POB125_R":109.3,"POB126_R":62.3,"POB127_R":48.6,"POB128_R":13.8,"POB129_R":27.0,"OID":2205,"denominacion_oficial":"C04_Loc_rur","modulo_asignado":"Mapa Base","instrumento_vigencia":"","fecha_actualizacion":"2026-07-29","fuente_custodio":"SCINCE_2020","responsable_institucional":"INEGI","proyeccion_original":"EPSG:6372","proyeccion_actual":"EPSG:4326","cobertura_territorial":"Estatal","restricciones_uso":"Público"},"geometry":{"type":"Point","coordinates":[-90.696748,18.044545]}},{"type":"Feature","properties":{"CVEGEO":"040110238","NOM_MUN":"Candelaria","NOMGEO":"Ignacio Zaragoza (El Salvaje)","CVE_AGEB":"0182","POB1":308.0,"POB8":114.0,"POB12":171.0,"POB24":23.0,"POB42":163.0,"POB84":145.0,"POB125_R":89.0,"POB126_R":80.1,"POB127_R":66.7,"POB128_R":13.5,"POB129_R":22.0,"OID":2206,"denominacion_oficial":"C04_Loc_rur","modulo_asignado":"Mapa Base","instrumento_vigencia":"","fecha_actualizacion":"2026-07-29","fuente_custodio":"SCINCE_2020","responsable_institucional":"INEGI","proyeccion_original":"EPSG:6372","proyeccion_actual":"EPSG:4326","cobertura_territorial":"Estatal","restricciones_uso":"Público"},"geometry":{"type":"Point","coordinates":[-90.638612,18.040886]}},{"type":"Feature","properties":{"CVEGEO":"040110294","NOM_MUN":"Candelaria","NOMGEO":"Laguna la Perdida","CVE_AGEB":"0182","POB1":309.0,"POB8":112.0,"POB12":176.0,"POB24":21.0,"POB42":144.0,"POB84":165.0,"POB125_R":114.6,"POB126_R":75.6,"POB127_R":63.6,"POB128_R":11.9,"POB129_R":22.0,"OID":2218,"denominacion_oficial":"C04_Loc_rur","modulo_asignado":"Mapa Base","instrumento_vigencia":"","fecha_actualizacion":"2026-07-29","fuente_custodio":"SCINCE_2020","responsable_institucional":"INEGI","proyeccion_original":"EPSG:6372","proyeccion_actual":"EPSG:4326","cobertura_territorial":"Estatal","restricciones_uso":"Público"},"geometry":{"type":"Point","coordinates":[-90.575466,18.031525]}},{"type":"Feature","properties":{"CVEGEO":"040110302","NOM_MUN":"Candelaria","NOMGEO":"Justo Sierra Méndez","CVE_AGEB":"0252","POB1":474.0,"POB8":163.0,"POB12":280.0,"POB24":31.0,"POB42":230.0,"POB84":244.0,"POB125_R":106.1,"POB126_R":69.3,"POB127_R":58.2,"POB128_R":11.1,"POB129_R":23.0,"OID":2220,"denominacion_oficial":"C04_Loc_rur","modulo_asignado":"Mapa Base","instrumento_vigencia":"","fecha_actualizacion":"2026-07-29","fuente_custodio":"SCINCE_2020","responsable_institucional":"INEGI","proyeccion_original":"EPSG:6372","proyeccion_actual":"EPSG:4326","cobertura_territorial":"Estatal","restricciones_uso":"Público"},"geometry":{"type":"Point","coordinates":[-90.749129,17.95821]}},{"type":"Feature","properties":{"CVEGEO":"040110314","NOM_MUN":"Candelaria","NOMGEO":"La Lucha","CVE_AGEB":"020A","POB1":173.0,"POB8":54.0,"POB12":100.0,"POB24":19.0,"POB42":86.0,"POB84":87.0,"POB125_R":101.2,"POB126_R":73.0,"POB127_R":54.0,"POB128_R":19.0,"POB129_R":29.0,"OID":2223,"denominacion_oficial":"C04_Loc_rur","modulo_asignado":"Mapa Base","instrumento_vigencia":"","fecha_actualizacion":"2026-07-29","fuente_custodio":"SCINCE_2020","responsable_institucional":"INEGI","proyeccion_original":"EPSG:6372","proyeccion_actual":"EPSG:4326","cobertura_territorial":"Estatal","restricciones_uso":"Público"},"geometry":{"type":"Point","coordinates":[-91.246268,18.07095]}},{"type":"Feature","properties":{"CVEGEO":"040110317","NOM_MUN":"Candelaria","NOMGEO":"Luinal","CVE_AGEB":"0229","POB1":193.0,"POB8":63.0,"POB12":119.0,"POB24":11.0,"POB42":95.0,"POB84":98.0,"POB125_R":103.2,"POB126_R":62.2,"POB127_R":52.9,"POB128_R":9.2,"POB129_R":26.0,"OID":2224,"denominacion_oficial":"C04_Loc_rur","modulo_asignado":"Mapa Base","instrumento_vigencia":"","fecha_actualizacion":"2026-07-29","fuente_custodio":"SCINCE_2020","responsable_institucional":"INEGI","proyeccion_original":"EPSG:6372","proyeccion_actual":"EPSG:4326","cobertura_territorial":"Estatal","restricciones_uso":"Público"},"geometry":{"type":"Point","coordinates":[-90.798408,18.059656]}},{"type":"Feature","properties":{"CVEGEO":"040110319","NOM_MUN":"Candelaria","NOMGEO":"El Machetazo","CVE_AGEB":"0214","POB1":252.0,"POB8":61.0,"POB12":176.0,"POB24":15.0,"POB42":117.0,"POB84":135.0,"POB125_R":115.4,"POB126_R":43.2,"POB127_R":34.7,"POB128_R":8.5,"POB129_R":31.5,"OID":2225,"denominacion_oficial":"C04_Loc_rur","modulo_asignado":"Mapa Base","instrumento_vigencia":"","fecha_actualizacion":"2026-07-29","fuente_custodio":"SCINCE_2020","responsable_institucional":"INEGI","proyeccion_original":"EPSG:6372","proyeccion_actual":"EPSG:4326","cobertura_territorial":"Estatal","restricciones_uso":"Público"},"geometry":{"type":"Point","coordinates":[-91.199723,18.02083]}},{"type":"Feature","properties":{"CVEGEO":"040110325","NOM_MUN":"Candelaria","NOMGEO":"El Mamey","CVE_AGEB":"0248","POB1":299.0,"POB8":79.0,"POB12":193.0,"POB24":27.0,"POB42":147.0,"POB84":152.0,"POB125_R":103.4,"POB126_R":54.9,"POB127_R":40.9,"POB128_R":14.0,"POB129_R":33.0,"OID":2227,"denominacion_oficial":"C04_Loc_rur","modulo_asignado":"Mapa Base","instrumento_vigencia":"","fecha_actualizacion":"2026-07-29","fuente_custodio":"SCINCE_2020","responsable_institucional":"INEGI","proyeccion_original":"EPSG:6372","proyeccion_actual":"EPSG:4326","cobertura_territorial":"Estatal","restricciones_uso":"Público"},"geometry":{"type":"Point","coordinates":[-90.936798,17.988557]}},{"type":"Feature","properties":{"CVEGEO":"040110340","NOM_MUN":"Candelaria","NOMGEO":"Miguel Alemán","CVE_AGEB":"013A","POB1":881.0,"POB8":230.0,"POB12":583.0,"POB24":68.0,"POB42":440.0,"POB84":441.0,"POB125_R":100.2,"POB126_R":51.1,"POB127_R":39.5,"POB128_R":11.7,"POB129_R":27.0,"OID":2231,"denominacion_oficial":"C04_Loc_rur","modulo_asignado":"Mapa Base","instrumento_vigencia":"","fecha_actualizacion":"2026-07-29","fuente_custodio":"SCINCE_2020","responsable_institucional":"INEGI","proyeccion_original":"EPSG:6372","proyeccion_actual":"EPSG:4326","cobertura_territorial":"Estatal","restricciones_uso":"Público"},"geometry":{"type":"Point","coordinates":[-90.952833,18.24219]}},{"type":"Feature","properties":{"CVEGEO":"040110341","NOM_MUN":"Candelaria","NOMGEO":"Miguel de la Madrid (El Pañuelo)","CVE_AGEB":"0197","POB1":514.0,"POB8":159.0,"POB12":330.0,"POB24":25.0,"POB42":251.0,"POB84":263.0,"POB125_R":104.8,"POB126_R":55.8,"POB127_R":48.2,"POB128_R":7.6,"POB129_R":22.0,"OID":2232,"denominacion_oficial":"C04_Loc_rur","modulo_asignado":"Mapa Base","instrumento_vigencia":"","fecha_actualizacion":"2026-07-29","fuente_custodio":"SCINCE_2020","responsable_institucional":"INEGI","proyeccion_original":"EPSG:6372","proyeccion_actual":"EPSG:4326","cobertura_territorial":"Estatal","restricciones_uso":"Público"},"geometry":{"type":"Point","coordinates":[-90.406726,17.995103]}},{"type":"Feature","properties":{"CVEGEO":"040110342","NOM_MUN":"Candelaria","NOMGEO":"Miguel Hidalgo y Costilla","CVE_AGEB":"0267","POB1":1053.0,"POB8":304.0,"POB12":650.0,"POB24":99.0,"POB42":537.0,"POB84":516.0,"POB125_R":96.1,"POB126_R":62.0,"POB127_R":46.8,"POB128_R":15.2,"POB129_R":30.0,"OID":2233,"denominacion_oficial":"C04_Loc_rur","modulo_asignado":"Mapa Base","instrumento_vigencia":"","fecha_actualizacion":"2026-07-29","fuente_custodio":"SCINCE_2020","responsable_institucional":"INEGI","proyeccion_original":"EPSG:6372","proyeccion_actual":"EPSG:4326","cobertura_territorial":"Estatal","restricciones_uso":"Público"},"geometry":{"type":"Point","coordinates":[-90.847576,17.887385]}},{"type":"Feature","properties":{"CVEGEO":"040110343","NOM_MUN":"Candelaria","NOMGEO":"El Mirador Primero","CVE_AGEB":"0197","POB1":435.0,"POB8":168.0,"POB12":241.0,"POB24":20.0,"POB42":197.0,"POB84":238.0,"POB125_R":120.8,"POB126_R":78.0,"POB127_R":69.7,"POB128_R":8.3,"POB129_R":20.0,"OID":2234,"denominacion_oficial":"C04_Loc_rur","modulo_asignado":"Mapa Base","instrumento_vigencia":"","fecha_actualizacion":"2026-07-29","fuente_custodio":"SCINCE_2020","responsable_institucional":"INEGI","proyeccion_original":"EPSG:6372","proyeccion_actual":"EPSG:4326","cobertura_territorial":"Estatal","restricciones_uso":"Público"},"geometry":{"type":"Point","coordinates":[-90.318986,18.022331]}},{"type":"Feature","properties":{"CVEGEO":"040110344","NOM_MUN":"Candelaria","NOMGEO":"La Misteriosa","CVE_AGEB":"0182","POB1":283.0,"POB8":104.0,"POB12":167.0,"POB24":12.0,"POB42":145.0,"POB84":138.0,"POB125_R":95.2,"POB126_R":69.5,"POB127_R":62.3,"POB128_R":7.2,"POB129_R":20.0,"OID":2235,"denominacion_oficial":"C04_Loc_rur","modulo_asignado":"Mapa Base","instrumento_vigencia":"","fecha_actualizacion":"2026-07-29","fuente_custodio":"SCINCE_2020","responsable_institucional":"INEGI","proyeccion_original":"EPSG:6372","proyeccion_actual":"EPSG:4326","cobertura_territorial":"Estatal","restricciones_uso":"Público"},"geometry":{"type":"Point","coordinates":[-90.500957,18.027443]}},{"type":"Feature","properties":{"CVEGEO":"040110348","NOM_MUN":"Candelaria","NOMGEO":"Monclova","CVE_AGEB":"0178","POB1":386.0,"POB8":88.0,"POB12":248.0,"POB24":50.0,"POB42":206.0,"POB84":180.0,"POB125_R":87.4,"POB126_R":55.6,"POB127_R":35.5,"POB128_R":20.2,"POB129_R":36.0,"OID":2239,"denominacion_oficial":"C04_Loc_rur","modulo_asignado":"Mapa Base","instrumento_vigencia":"","fecha_actualizacion":"2026-07-29","fuente_custodio":"SCINCE_2020","responsable_institucional":"INEGI","proyeccion_original":"EPSG:6372","proyeccion_actual":"EPSG:4326","cobertura_territorial":"Estatal","restricciones_uso":"Público"},"geometry":{"type":"Point","coordinates":[-90.822968,18.055866]}},{"type":"Feature","properties":{"CVEGEO":"040110355","NOM_MUN":"Candelaria","NOMGEO":"El Naranjo","CVE_AGEB":"0214","POB1":855.0,"POB8":208.0,"POB12":532.0,"POB24":115.0,"POB42":422.0,"POB84":433.0,"POB125_R":102.6,"POB126_R":60.7,"POB127_R":39.1,"POB128_R":21.6,"POB129_R":33.0,"OID":2241,"denominacion_oficial":"C04_Loc_rur","modulo_asignado":"Mapa Base","instrumento_vigencia":"","fecha_actualizacion":"2026-07-29","fuente_custodio":"SCINCE_2020","responsable_institucional":"INEGI","proyeccion_original":"EPSG:6372","proyeccion_actual":"EPSG:4326","cobertura_territorial":"Estatal","restricciones_uso":"Público"},"geometry":{"type":"Point","coordinates":[-91.12831,18.020976]}},{"type":"Feature","properties":{"CVEGEO":"040110360","NOM_MUN":"Candelaria","NOMGEO":"Nueva Delicias II","CVE_AGEB":"0182","POB1":176.0,"POB8":58.0,"POB12":107.0,"POB24":11.0,"POB42":82.0,"POB84":94.0,"POB125_R":114.6,"POB126_R":64.5,"POB127_R":54.2,"POB128_R":10.3,"POB129_R":23.5,"OID":2245,"denominacion_oficial":"C04_Loc_rur","modulo_asignado":"Mapa Base","instrumento_vigencia":"","fecha_actualizacion":"2026-07-29","fuente_custodio":"SCINCE_2020","responsable_institucional":"INEGI","proyeccion_original":"EPSG:6372","proyeccion_actual":"EPSG:4326","cobertura_territorial":"Estatal","restricciones_uso":"Público"},"geometry":{"type":"Point","coordinates":[-90.484166,17.903775]}},{"type":"Feature","properties":{"CVEGEO":"040110361","NOM_MUN":"Candelaria","NOMGEO":"Nueva Esperanza","CVE_AGEB":"013A","POB1":397.0,"POB8":148.0,"POB12":229.0,"POB24":20.0,"POB42":194.0,"POB84":203.0,"POB125_R":104.6,"POB126_R":73.4,"POB127_R":64.6,"POB128_R":8.7,"POB129_R":20.0,"OID":2246,"denominacion_oficial":"C04_Loc_rur","modulo_asignado":"Mapa Base","instrumento_vigencia":"","fecha_actualizacion":"2026-07-29","fuente_custodio":"SCINCE_2020","responsable_institucional":"INEGI","proyeccion_original":"EPSG:6372","proyeccion_actual":"EPSG:4326","cobertura_territorial":"Estatal","restricciones_uso":"Público"},"geometry":{"type":"Point","coordinates":[-90.806593,18.251618]}},{"type":"Feature","properties":{"CVEGEO":"040110366","NOM_MUN":"Candelaria","NOMGEO":"La Nueva Lucha","CVE_AGEB":"0125","POB1":199.0,"POB8":67.0,"POB12":118.0,"POB24":14.0,"POB42":97.0,"POB84":102.0,"POB125_R":105.2,"POB126_R":68.6,"POB127_R":56.8,"POB128_R":11.9,"POB129_R":24.0,"OID":2249,"denominacion_oficial":"C04_Loc_rur","modulo_asignado":"Mapa Base","instrumento_vigencia":"","fecha_actualizacion":"2026-07-29","fuente_custodio":"SCINCE_2020","responsable_institucional":"INEGI","proyeccion_original":"EPSG:6372","proyeccion_actual":"EPSG:4326","cobertura_territorial":"Estatal","restricciones_uso":"Público"},"geometry":{"type":"Point","coordinates":[-90.953804,18.295252]}},{"type":"Feature","properties":{"CVEGEO":"040110367","NOM_MUN":"Candelaria","NOMGEO":"Nueva Rosita","CVE_AGEB":"013A","POB1":723.0,"POB8":245.0,"POB12":429.0,"POB24":49.0,"POB42":345.0,"POB84":378.0,"POB125_R":109.6,"POB126_R":68.5,"POB127_R":57.1,"POB128_R":11.4,"POB129_R":25.0,"OID":2250,"denominacion_oficial":"C04_Loc_rur","modulo_asignado":"Mapa Base","instrumento_vigencia":"","fecha_actualizacion":"2026-07-29","fuente_custodio":"SCINCE_2020","responsable_institucional":"INEGI","proyeccion_original":"EPSG:6372","proyeccion_actual":"EPSG:4326","cobertura_territorial":"Estatal","restricciones_uso":"Público"},"geometry":{"type":"Point","coordinates":[-90.738575,18.293049]}},{"type":"Feature","properties":{"CVEGEO":"040110369","NOM_MUN":"Candelaria","NOMGEO":"San Manuel Nuevo Canutillo","CVE_AGEB":"0229","POB1":256.0,"POB8":86.0,"POB12":155.0,"POB24":15.0,"POB42":142.0,"POB84":114.0,"POB125_R":80.3,"POB126_R":65.2,"POB127_R":55.5,"POB128_R":9.7,"POB129_R":20.0,"OID":2252,"denominacion_oficial":"C04_Loc_rur","modulo_asignado":"Mapa Base","instrumento_vigencia":"","fecha_actualizacion":"2026-07-29","fuente_custodio":"SCINCE_2020","responsable_institucional":"INEGI","proyeccion_original":"EPSG:6372","proyeccion_actual":"EPSG:4326","cobertura_territorial":"Estatal","restricciones_uso":"Público"},"geometry":{"type":"Point","coordinates":[-90.667694,18.072136]}},{"type":"Feature","properties":{"CVEGEO":"040110371","NOM_MUN":"Candelaria","NOMGEO":"Nuevo Coahuila","CVE_AGEB":"0271","POB1":498.0,"POB8":139.0,"POB12":297.0,"POB24":62.0,"POB42":243.0,"POB84":255.0,"POB125_R":104.9,"POB126_R":67.7,"POB127_R":46.8,"POB128_R":20.9,"POB129_R":31.0,"OID":2253,"denominacion_oficial":"C04_Loc_rur","modulo_asignado":"Mapa Base","instrumento_vigencia":"","fecha_actualizacion":"2026-07-29","fuente_custodio":"SCINCE_2020","responsable_institucional":"INEGI","proyeccion_original":"EPSG:6372","proyeccion_actual":"EPSG:4326","cobertura_territorial":"Estatal","restricciones_uso":"Público"},"geometry":{"type":"Point","coordinates":[-90.778728,17.891932]}},{"type":"Feature","properties":{"CVEGEO":"040110372","NOM_MUN":"Candelaria","NOMGEO":"Nuevo Comalcalco","CVE_AGEB":"0182","POB1":269.0,"POB8":96.0,"POB12":151.0,"POB24":22.0,"POB42":131.0,"POB84":138.0,"POB125_R":105.3,"POB126_R":78.1,"POB127_R":63.6,"POB128_R":14.6,"POB129_R":23.0,"OID":2254,"denominacion_oficial":"C04_Loc_rur","modulo_asignado":"Mapa Base","instrumento_vigencia":"","fecha_actualizacion":"2026-07-29","fuente_custodio":"SCINCE_2020","responsable_institucional":"INEGI","proyeccion_original":"EPSG:6372","proyeccion_actual":"EPSG:4326","cobertura_territorial":"Estatal","restricciones_uso":"Público"},"geometry":{"type":"Point","coordinates":[-90.477257,18.136899]}},{"type":"Feature","properties":{"CVEGEO":"040110381","NOM_MUN":"Candelaria","NOMGEO":"La Olla","CVE_AGEB":"0144","POB1":191.0,"POB8":60.0,"POB12":116.0,"POB24":15.0,"POB42":93.0,"POB84":98.0,"POB125_R":105.4,"POB126_R":64.7,"POB127_R":51.7,"POB128_R":12.9,"POB129_R":26.0,"OID":2259,"denominacion_oficial":"C04_Loc_rur","modulo_asignado":"Mapa Base","instrumento_vigencia":"","fecha_actualizacion":"2026-07-29","fuente_custodio":"SCINCE_2020","responsable_institucional":"INEGI","proyeccion_original":"EPSG:6372","proyeccion_actual":"EPSG:4326","cobertura_territorial":"Estatal","restricciones_uso":"Público"},"geometry":{"type":"Point","coordinates":[-90.666966,18.17331]}},{"type":"Feature","properties":{"CVEGEO":"040110382","NOM_MUN":"Candelaria","NOMGEO":"Pablo Garcí­a","CVE_AGEB":"0178","POB1":569.0,"POB8":183.0,"POB12":333.0,"POB24":53.0,"POB42":277.0,"POB84":292.0,"POB125_R":105.4,"POB126_R":70.9,"POB127_R":55.0,"POB128_R":15.9,"POB129_R":28.0,"OID":2260,"denominacion_oficial":"C04_Loc_rur","modulo_asignado":"Mapa Base","instrumento_vigencia":"","fecha_actualizacion":"2026-07-29","fuente_custodio":"SCINCE_2020","responsable_institucional":"INEGI","proyeccion_original":"EPSG:6372","proyeccion_actual":"EPSG:4326","cobertura_territorial":"Estatal","restricciones_uso":"Público"},"geometry":{"type":"Point","coordinates":[-90.925314,18.077082]}},{"type":"Feature","properties":{"CVEGEO":"040110383","NOM_MUN":"Candelaria","NOMGEO":"Pablo Torres Burgos","CVE_AGEB":"0144","POB1":293.0,"POB8":94.0,"POB12":181.0,"POB24":18.0,"POB42":135.0,"POB84":158.0,"POB125_R":117.0,"POB126_R":61.9,"POB127_R":51.9,"POB128_R":9.9,"POB129_R":21.0,"OID":2261,"denominacion_oficial":"C04_Loc_rur","modulo_asignado":"Mapa Base","instrumento_vigencia":"","fecha_actualizacion":"2026-07-29","fuente_custodio":"SCINCE_2020","responsable_institucional":"INEGI","proyeccion_original":"EPSG:6372","proyeccion_actual":"EPSG:4326","cobertura_territorial":"Estatal","restricciones_uso":"Público"},"geometry":{"type":"Point","coordinates":[-90.697429,18.296861]}},{"type":"Feature","properties":{"CVEGEO":"040110399","NOM_MUN":"Candelaria","NOMGEO":"San Román","CVE_AGEB":"0106","POB1":209.0,"POB8":76.0,"POB12":122.0,"POB24":11.0,"POB42":96.0,"POB84":113.0,"POB125_R":117.7,"POB126_R":71.3,"POB127_R":62.3,"POB128_R":9.0,"POB129_R":24.0,"OID":2272,"denominacion_oficial":"C04_Loc_rur","modulo_asignado":"Mapa Base","instrumento_vigencia":"","fecha_actualizacion":"2026-07-29","fuente_custodio":"SCINCE_2020","responsable_institucional":"INEGI","proyeccion_original":"EPSG:6372","proyeccion_actual":"EPSG:4326","cobertura_territorial":"Estatal","restricciones_uso":"Público"},"geometry":{"type":"Point","coordinates":[-90.617313,18.321122]}},{"type":"Feature","properties":{"CVEGEO":"040110403","NOM_MUN":"Candelaria","NOMGEO":"Paraí­so Nuevo","CVE_AGEB":"0214","POB1":354.0,"POB8":102.0,"POB12":209.0,"POB24":43.0,"POB42":180.0,"POB84":174.0,"POB125_R":96.7,"POB126_R":69.4,"POB127_R":48.8,"POB128_R":20.6,"POB129_R":31.0,"OID":2274,"denominacion_oficial":"C04_Loc_rur","modulo_asignado":"Mapa Base","instrumento_vigencia":"","fecha_actualizacion":"2026-07-29","fuente_custodio":"SCINCE_2020","responsable_institucional":"INEGI","proyeccion_original":"EPSG:6372","proyeccion_actual":"EPSG:4326","cobertura_territorial":"Estatal","restricciones_uso":"Público"},"geometry":{"type":"Point","coordinates":[-91.10548,18.071055]}},{"type":"Feature","properties":{"CVEGEO":"040110412","NOM_MUN":"Candelaria","NOMGEO":"El Pedregal","CVE_AGEB":"0144","POB1":392.0,"POB8":126.0,"POB12":229.0,"POB24":37.0,"POB42":189.0,"POB84":203.0,"POB125_R":107.4,"POB126_R":71.2,"POB127_R":55.0,"POB128_R":16.2,"POB129_R":31.0,"OID":2279,"denominacion_oficial":"C04_Loc_rur","modulo_asignado":"Mapa Base","instrumento_vigencia":"","fecha_actualizacion":"2026-07-29","fuente_custodio":"SCINCE_2020","responsable_institucional":"INEGI","proyeccion_original":"EPSG:6372","proyeccion_actual":"EPSG:4326","cobertura_territorial":"Estatal","restricciones_uso":"Público"},"geometry":{"type":"Point","coordinates":[-90.736028,18.17276]}},{"type":"Feature","properties":{"CVEGEO":"040110416","NOM_MUN":"Candelaria","NOMGEO":"Pedro Baranda","CVE_AGEB":"0248","POB1":301.0,"POB8":69.0,"POB12":182.0,"POB24":40.0,"POB42":161.0,"POB84":140.0,"POB125_R":87.0,"POB126_R":59.9,"POB127_R":37.9,"POB128_R":22.0,"POB129_R":36.0,"OID":2281,"denominacion_oficial":"C04_Loc_rur","modulo_asignado":"Mapa Base","instrumento_vigencia":"","fecha_actualizacion":"2026-07-29","fuente_custodio":"SCINCE_2020","responsable_institucional":"INEGI","proyeccion_original":"EPSG:6372","proyeccion_actual":"EPSG:4326","cobertura_territorial":"Estatal","restricciones_uso":"Público"},"geometry":{"type":"Point","coordinates":[-90.865452,17.969847]}},{"type":"Feature","properties":{"CVEGEO":"040110417","NOM_MUN":"Candelaria","NOMGEO":"Pejelagarto","CVE_AGEB":"0125","POB1":958.0,"POB8":271.0,"POB12":599.0,"POB24":88.0,"POB42":497.0,"POB84":461.0,"POB125_R":92.8,"POB126_R":59.9,"POB127_R":45.2,"POB128_R":14.7,"POB129_R":29.0,"OID":2282,"denominacion_oficial":"C04_Loc_rur","modulo_asignado":"Mapa Base","instrumento_vigencia":"","fecha_actualizacion":"2026-07-29","fuente_custodio":"SCINCE_2020","responsable_institucional":"INEGI","proyeccion_original":"EPSG:6372","proyeccion_actual":"EPSG:4326","cobertura_territorial":"Estatal","restricciones_uso":"Público"},"geometry":{"type":"Point","coordinates":[-90.997586,18.189643]}},{"type":"Feature","properties":{"CVEGEO":"040110427","NOM_MUN":"Candelaria","NOMGEO":"Balankax","CVE_AGEB":"0197","POB1":156.0,"POB8":51.0,"POB12":94.0,"POB24":11.0,"POB42":76.0,"POB84":80.0,"POB125_R":105.3,"POB126_R":66.0,"POB127_R":54.3,"POB128_R":11.7,"POB129_R":23.5,"OID":2284,"denominacion_oficial":"C04_Loc_rur","modulo_asignado":"Mapa Base","instrumento_vigencia":"","fecha_actualizacion":"2026-07-29","fuente_custodio":"SCINCE_2020","responsable_institucional":"INEGI","proyeccion_original":"EPSG:6372","proyeccion_actual":"EPSG:4326","cobertura_territorial":"Estatal","restricciones_uso":"Público"},"geometry":{"type":"Point","coordinates":[-90.307465,17.898386]}},{"type":"Feature","properties":{"CVEGEO":"040110428","NOM_MUN":"Candelaria","NOMGEO":"El Pocito","CVE_AGEB":"0159","POB1":376.0,"POB8":113.0,"POB12":243.0,"POB24":20.0,"POB42":173.0,"POB84":203.0,"POB125_R":117.3,"POB126_R":54.7,"POB127_R":46.5,"POB128_R":8.2,"POB129_R":25.0,"OID":2285,"denominacion_oficial":"C04_Loc_rur","modulo_asignado":"Mapa Base","instrumento_vigencia":"","fecha_actualizacion":"2026-07-29","fuente_custodio":"SCINCE_2020","responsable_institucional":"INEGI","proyeccion_original":"EPSG:6372","proyeccion_actual":"EPSG:4326","cobertura_territorial":"Estatal","restricciones_uso":"Público"},"geometry":{"type":"Point","coordinates":[-90.822551,18.216901]}},{"type":"Feature","properties":{"CVEGEO":"040110435","NOM_MUN":"Candelaria","NOMGEO":"El Porvenir","CVE_AGEB":"0267","POB1":373.0,"POB8":122.0,"POB12":229.0,"POB24":22.0,"POB42":176.0,"POB84":197.0,"POB125_R":111.9,"POB126_R":62.9,"POB127_R":53.3,"POB128_R":9.6,"POB129_R":24.0,"OID":2287,"denominacion_oficial":"C04_Loc_rur","modulo_asignado":"Mapa Base","instrumento_vigencia":"","fecha_actualizacion":"2026-07-29","fuente_custodio":"SCINCE_2020","responsable_institucional":"INEGI","proyeccion_original":"EPSG:6372","proyeccion_actual":"EPSG:4326","cobertura_territorial":"Estatal","restricciones_uso":"Público"},"geometry":{"type":"Point","coordinates":[-90.966494,17.852527]}},{"type":"Feature","properties":{"CVEGEO":"040110453","NOM_MUN":"Candelaria","NOMGEO":"El Ramonal","CVE_AGEB":"0286","POB1":224.0,"POB8":56.0,"POB12":149.0,"POB24":19.0,"POB42":104.0,"POB84":120.0,"POB125_R":115.4,"POB126_R":50.3,"POB127_R":37.6,"POB128_R":12.8,"POB129_R":30.0,"OID":2292,"denominacion_oficial":"C04_Loc_rur","modulo_asignado":"Mapa Base","instrumento_vigencia":"","fecha_actualizacion":"2026-07-29","fuente_custodio":"SCINCE_2020","responsable_institucional":"INEGI","proyeccion_original":"EPSG:6372","proyeccion_actual":"EPSG:4326","cobertura_territorial":"Estatal","restricciones_uso":"Público"},"geometry":{"type":"Point","coordinates":[-90.660281,17.837102]}},{"type":"Feature","properties":{"CVEGEO":"040110454","NOM_MUN":"Candelaria","NOMGEO":"El Pimiental Dos","CVE_AGEB":"0106","POB1":274.0,"POB8":107.0,"POB12":151.0,"POB24":16.0,"POB42":138.0,"POB84":136.0,"POB125_R":98.6,"POB126_R":81.5,"POB127_R":70.9,"POB128_R":10.6,"POB129_R":20.0,"OID":2293,"denominacion_oficial":"C04_Loc_rur","modulo_asignado":"Mapa Base","instrumento_vigencia":"","fecha_actualizacion":"2026-07-29","fuente_custodio":"SCINCE_2020","responsable_institucional":"INEGI","proyeccion_original":"EPSG:6372","proyeccion_actual":"EPSG:4326","cobertura_territorial":"Estatal","restricciones_uso":"Público"},"geometry":{"type":"Point","coordinates":[-90.459961,18.485847]}},{"type":"Feature","properties":{"CVEGEO":"040110517","NOM_MUN":"Candelaria","NOMGEO":"San Dimas","CVE_AGEB":"0197","POB1":261.0,"POB8":105.0,"POB12":142.0,"POB24":14.0,"POB42":120.0,"POB84":141.0,"POB125_R":117.5,"POB126_R":83.8,"POB127_R":73.9,"POB128_R":9.9,"POB129_R":19.0,"OID":2314,"denominacion_oficial":"C04_Loc_rur","modulo_asignado":"Mapa Base","instrumento_vigencia":"","fecha_actualizacion":"2026-07-29","fuente_custodio":"SCINCE_2020","responsable_institucional":"INEGI","proyeccion_original":"EPSG:6372","proyeccion_actual":"EPSG:4326","cobertura_territorial":"Estatal","restricciones_uso":"Público"},"geometry":{"type":"Point","coordinates":[-90.366182,17.81845]}},{"type":"Feature","properties":{"CVEGEO":"040110546","NOM_MUN":"Candelaria","NOMGEO":"San José de las Montañas","CVE_AGEB":"0106","POB1":300.0,"POB8":110.0,"POB12":168.0,"POB24":22.0,"POB42":146.0,"POB84":154.0,"POB125_R":105.5,"POB126_R":78.6,"POB127_R":65.5,"POB128_R":13.1,"POB129_R":20.0,"OID":2325,"denominacion_oficial":"C04_Loc_rur","modulo_asignado":"Mapa Base","instrumento_vigencia":"","fecha_actualizacion":"2026-07-29","fuente_custodio":"SCINCE_2020","responsable_institucional":"INEGI","proyeccion_original":"EPSG:6372","proyeccion_actual":"EPSG:4326","cobertura_territorial":"Estatal","restricciones_uso":"Público"},"geometry":{"type":"Point","coordinates":[-90.651868,18.371284]}},{"type":"Feature","properties":{"CVEGEO":"040110551","NOM_MUN":"Candelaria","NOMGEO":"San Juan","CVE_AGEB":"0106","POB1":412.0,"POB8":140.0,"POB12":244.0,"POB24":28.0,"POB42":208.0,"POB84":204.0,"POB125_R":98.1,"POB126_R":68.9,"POB127_R":57.4,"POB128_R":11.5,"POB129_R":23.0,"OID":2327,"denominacion_oficial":"C04_Loc_rur","modulo_asignado":"Mapa Base","instrumento_vigencia":"","fecha_actualizacion":"2026-07-29","fuente_custodio":"SCINCE_2020","responsable_institucional":"INEGI","proyeccion_original":"EPSG:6372","proyeccion_actual":"EPSG:4326","cobertura_territorial":"Estatal","restricciones_uso":"Público"},"geometry":{"type":"Point","coordinates":[-90.501314,18.448028]}},{"type":"Feature","properties":{"CVEGEO":"040110566","NOM_MUN":"Candelaria","NOMGEO":"San Miguel","CVE_AGEB":"0290","POB1":441.0,"POB8":150.0,"POB12":261.0,"POB24":30.0,"POB42":218.0,"POB84":223.0,"POB125_R":102.3,"POB126_R":69.0,"POB127_R":57.5,"POB128_R":11.5,"POB129_R":25.0,"OID":2333,"denominacion_oficial":"C04_Loc_rur","modulo_asignado":"Mapa Base","instrumento_vigencia":"","fecha_actualizacion":"2026-07-29","fuente_custodio":"SCINCE_2020","responsable_institucional":"INEGI","proyeccion_original":"EPSG:6372","proyeccion_actual":"EPSG:4326","cobertura_territorial":"Estatal","restricciones_uso":"Público"},"geometry":{"type":"Point","coordinates":[-90.545343,17.914257]}},{"type":"Feature","properties":{"CVEGEO":"040110576","NOM_MUN":"Candelaria","NOMGEO":"San Rafael del Río Caribe","CVE_AGEB":"0144","POB1":112.0,"POB8":40.0,"POB12":70.0,"POB24":2.0,"POB42":51.0,"POB84":61.0,"POB125_R":119.6,"POB126_R":60.0,"POB127_R":57.1,"POB128_R":2.9,"POB129_R":23.0,"OID":2334,"denominacion_oficial":"C04_Loc_rur","modulo_asignado":"Mapa Base","instrumento_vigencia":"","fecha_actualizacion":"2026-07-29","fuente_custodio":"SCINCE_2020","responsable_institucional":"INEGI","proyeccion_original":"EPSG:6372","proyeccion_actual":"EPSG:4326","cobertura_territorial":"Estatal","restricciones_uso":"Público"},"geometry":{"type":"Point","coordinates":[-90.732426,18.258257]}},{"type":"Feature","properties":{"CVEGEO":"040110602","NOM_MUN":"Candelaria","NOMGEO":"Santa Lucía","CVE_AGEB":"0144","POB1":205.0,"POB8":71.0,"POB12":119.0,"POB24":15.0,"POB42":107.0,"POB84":98.0,"POB125_R":91.6,"POB126_R":72.3,"POB127_R":59.7,"POB128_R":12.6,"POB129_R":26.0,"OID":2342,"denominacion_oficial":"C04_Loc_rur","modulo_asignado":"Mapa Base","instrumento_vigencia":"","fecha_actualizacion":"2026-07-29","fuente_custodio":"SCINCE_2020","responsable_institucional":"INEGI","proyeccion_original":"EPSG:6372","proyeccion_actual":"EPSG:4326","cobertura_territorial":"Estatal","restricciones_uso":"Público"},"geometry":{"type":"Point","coordinates":[-90.737297,18.236238]}},{"type":"Feature","properties":{"CVEGEO":"040110612","NOM_MUN":"Candelaria","NOMGEO":"Santa Rosa","CVE_AGEB":"0290","POB1":160.0,"POB8":55.0,"POB12":92.0,"POB24":13.0,"POB42":75.0,"POB84":85.0,"POB125_R":113.3,"POB126_R":73.9,"POB127_R":59.8,"POB128_R":14.1,"POB129_R":25.5,"OID":2344,"denominacion_oficial":"C04_Loc_rur","modulo_asignado":"Mapa Base","instrumento_vigencia":"","fecha_actualizacion":"2026-07-29","fuente_custodio":"SCINCE_2020","responsable_institucional":"INEGI","proyeccion_original":"EPSG:6372","proyeccion_actual":"EPSG:4326","cobertura_territorial":"Estatal","restricciones_uso":"Público"},"geometry":{"type":"Point","coordinates":[-90.470916,17.827481]}},{"type":"Feature","properties":{"CVEGEO":"040110616","NOM_MUN":"Candelaria","NOMGEO":"Santo Domingo","CVE_AGEB":"0290","POB1":126.0,"POB8":37.0,"POB12":75.0,"POB24":14.0,"POB42":70.0,"POB84":56.0,"POB125_R":80.0,"POB126_R":68.0,"POB127_R":49.3,"POB128_R":18.7,"POB129_R":28.5,"OID":2345,"denominacion_oficial":"C04_Loc_rur","modulo_asignado":"Mapa Base","instrumento_vigencia":"","fecha_actualizacion":"2026-07-29","fuente_custodio":"SCINCE_2020","responsable_institucional":"INEGI","proyeccion_original":"EPSG:6372","proyeccion_actual":"EPSG:4326","cobertura_territorial":"Estatal","restricciones_uso":"Público"},"geometry":{"type":"Point","coordinates":[-90.572534,17.859929]}},{"type":"Feature","properties":{"CVEGEO":"040110629","NOM_MUN":"Candelaria","NOMGEO":"Solidaridad","CVE_AGEB":"0197","POB1":178.0,"POB8":65.0,"POB12":102.0,"POB24":11.0,"POB42":88.0,"POB84":90.0,"POB125_R":102.3,"POB126_R":74.5,"POB127_R":63.7,"POB128_R":10.8,"POB129_R":23.5,"OID":2351,"denominacion_oficial":"C04_Loc_rur","modulo_asignado":"Mapa Base","instrumento_vigencia":"","fecha_actualizacion":"2026-07-29","fuente_custodio":"SCINCE_2020","responsable_institucional":"INEGI","proyeccion_original":"EPSG:6372","proyeccion_actual":"EPSG:4326","cobertura_territorial":"Estatal","restricciones_uso":"Público"},"geometry":{"type":"Point","coordinates":[-90.409054,17.846313]}},{"type":"Feature","properties":{"CVEGEO":"040110635","NOM_MUN":"Candelaria","NOMGEO":"El Tablón","CVE_AGEB":"0106","POB1":229.0,"POB8":91.0,"POB12":127.0,"POB24":11.0,"POB42":108.0,"POB84":121.0,"POB125_R":112.0,"POB126_R":80.3,"POB127_R":71.7,"POB128_R":8.7,"POB129_R":20.0,"OID":2353,"denominacion_oficial":"C04_Loc_rur","modulo_asignado":"Mapa Base","instrumento_vigencia":"","fecha_actualizacion":"2026-07-29","fuente_custodio":"SCINCE_2020","responsable_institucional":"INEGI","proyeccion_original":"EPSG:6372","proyeccion_actual":"EPSG:4326","cobertura_territorial":"Estatal","restricciones_uso":"Público"},"geometry":{"type":"Point","coordinates":[-90.458393,18.200504]}},{"type":"Feature","properties":{"CVEGEO":"040110642","NOM_MUN":"Candelaria","NOMGEO":"El Tigre","CVE_AGEB":"0178","POB1":157.0,"POB8":62.0,"POB12":88.0,"POB24":7.0,"POB42":70.0,"POB84":87.0,"POB125_R":124.3,"POB126_R":78.4,"POB127_R":70.5,"POB128_R":8.0,"POB129_R":22.0,"OID":2356,"denominacion_oficial":"C04_Loc_rur","modulo_asignado":"Mapa Base","instrumento_vigencia":"","fecha_actualizacion":"2026-07-29","fuente_custodio":"SCINCE_2020","responsable_institucional":"INEGI","proyeccion_original":"EPSG:6372","proyeccion_actual":"EPSG:4326","cobertura_territorial":"Estatal","restricciones_uso":"Público"},"geometry":{"type":"Point","coordinates":[-90.834813,18.133061]}},{"type":"Feature","properties":{"CVEGEO":"040110651","NOM_MUN":"Candelaria","NOMGEO":"La Tómbola","CVE_AGEB":"0197","POB1":260.0,"POB8":107.0,"POB12":142.0,"POB24":11.0,"POB42":126.0,"POB84":134.0,"POB125_R":106.3,"POB126_R":83.1,"POB127_R":75.4,"POB128_R":7.7,"POB129_R":19.0,"OID":2360,"denominacion_oficial":"C04_Loc_rur","modulo_asignado":"Mapa Base","instrumento_vigencia":"","fecha_actualizacion":"2026-07-29","fuente_custodio":"SCINCE_2020","responsable_institucional":"INEGI","proyeccion_original":"EPSG:6372","proyeccion_actual":"EPSG:4326","cobertura_territorial":"Estatal","restricciones_uso":"Público"},"geometry":{"type":"Point","coordinates":[-90.348742,18.011657]}},{"type":"Feature","properties":{"CVEGEO":"040110677","NOM_MUN":"Candelaria","NOMGEO":"La Unión (Dos Arroyos)","CVE_AGEB":"0197","POB1":207.0,"POB8":76.0,"POB12":119.0,"POB24":12.0,"POB42":90.0,"POB84":117.0,"POB125_R":130.0,"POB126_R":73.9,"POB127_R":63.9,"POB128_R":10.1,"POB129_R":20.0,"OID":2373,"denominacion_oficial":"C04_Loc_rur","modulo_asignado":"Mapa Base","instrumento_vigencia":"","fecha_actualizacion":"2026-07-29","fuente_custodio":"SCINCE_2020","responsable_institucional":"INEGI","proyeccion_original":"EPSG:6372","proyeccion_actual":"EPSG:4326","cobertura_territorial":"Estatal","restricciones_uso":"Público"},"geometry":{"type":"Point","coordinates":[-90.306442,17.955538]}},{"type":"Feature","properties":{"CVEGEO":"040110680","NOM_MUN":"Candelaria","NOMGEO":"Venustiano Carranza","CVE_AGEB":"0178","POB1":699.0,"POB8":200.0,"POB12":436.0,"POB24":63.0,"POB42":362.0,"POB84":337.0,"POB125_R":93.1,"POB126_R":60.3,"POB127_R":45.9,"POB128_R":14.4,"POB129_R":28.0,"OID":2374,"denominacion_oficial":"C04_Loc_rur","modulo_asignado":"Mapa Base","instrumento_vigencia":"","fecha_actualizacion":"2026-07-29","fuente_custodio":"SCINCE_2020","responsable_institucional":"INEGI","proyeccion_original":"EPSG:6372","proyeccion_actual":"EPSG:4326","cobertura_territorial":"Estatal","restricciones_uso":"Público"},"geometry":{"type":"Point","coordinates":[-91.02814,18.146319]}},{"type":"Feature","properties":{"CVEGEO":"040110683","NOM_MUN":"Candelaria","NOMGEO":"Vicente Guerrero","CVE_AGEB":"0163","POB1":344.0,"POB8":105.0,"POB12":210.0,"POB24":29.0,"POB42":169.0,"POB84":175.0,"POB125_R":103.6,"POB126_R":63.8,"POB127_R":50.0,"POB128_R":13.8,"POB129_R":30.0,"OID":2376,"denominacion_oficial":"C04_Loc_rur","modulo_asignado":"Mapa Base","instrumento_vigencia":"","fecha_actualizacion":"2026-07-29","fuente_custodio":"SCINCE_2020","responsable_institucional":"INEGI","proyeccion_original":"EPSG:6372","proyeccion_actual":"EPSG:4326","cobertura_territorial":"Estatal","restricciones_uso":"Público"},"geometry":{"type":"Point","coordinates":[-91.231851,18.185252]}},{"type":"Feature","properties":{"CVEGEO":"040110685","NOM_MUN":"Candelaria","NOMGEO":"Vicente Lombardo Toledano","CVE_AGEB":"0125","POB1":219.0,"POB8":73.0,"POB12":131.0,"POB24":15.0,"POB42":107.0,"POB84":112.0,"POB125_R":104.7,"POB126_R":67.2,"POB127_R":55.7,"POB128_R":11.5,"POB129_R":29.0,"OID":2378,"denominacion_oficial":"C04_Loc_rur","modulo_asignado":"Mapa Base","instrumento_vigencia":"","fecha_actualizacion":"2026-07-29","fuente_custodio":"SCINCE_2020","responsable_institucional":"INEGI","proyeccion_original":"EPSG:6372","proyeccion_actual":"EPSG:4326","cobertura_territorial":"Estatal","restricciones_uso":"Público"},"geometry":{"type":"Point","coordinates":[-90.993437,18.33358]}},{"type":"Feature","properties":{"CVEGEO":"040110694","NOM_MUN":"Candelaria","NOMGEO":"La Zanja (La Palma)","CVE_AGEB":"0252","POB1":131.0,"POB8":46.0,"POB12":78.0,"POB24":7.0,"POB42":74.0,"POB84":57.0,"POB125_R":77.0,"POB126_R":67.9,"POB127_R":59.0,"POB128_R":9.0,"POB129_R":26.0,"OID":2380,"denominacion_oficial":"C04_Loc_rur","modulo_asignado":"Mapa Base","instrumento_vigencia":"","fecha_actualizacion":"2026-07-29","fuente_custodio":"SCINCE_2020","responsable_institucional":"INEGI","proyeccion_original":"EPSG:6372","proyeccion_actual":"EPSG:4326","cobertura_territorial":"Estatal","restricciones_uso":"Público"},"geometry":{"type":"Point","coordinates":[-90.835366,17.969482]}},{"type":"Feature","properties":{"CVEGEO":"040110696","NOM_MUN":"Candelaria","NOMGEO":"Primer Presidente de México (Guadalupe Victoria)","CVE_AGEB":"0163","POB1":321.0,"POB8":106.0,"POB12":192.0,"POB24":23.0,"POB42":159.0,"POB84":162.0,"POB125_R":101.9,"POB126_R":67.2,"POB127_R":55.2,"POB128_R":12.0,"POB129_R":27.0,"OID":2381,"denominacion_oficial":"C04_Loc_rur","modulo_asignado":"Mapa Base","instrumento_vigencia":"","fecha_actualizacion":"2026-07-29","fuente_custodio":"SCINCE_2020","responsable_institucional":"INEGI","proyeccion_original":"EPSG:6372","proyeccion_actual":"EPSG:4326","cobertura_territorial":"Estatal","restricciones_uso":"Público"},"geometry":{"type":"Point","coordinates":[-91.166786,18.266264]}},{"type":"Feature","properties":{"CVEGEO":"040110811","NOM_MUN":"Candelaria","NOMGEO":"La Peregrina","CVE_AGEB":"0197","POB1":396.0,"POB8":176.0,"POB12":208.0,"POB24":9.0,"POB42":191.0,"POB84":205.0,"POB125_R":107.3,"POB126_R":88.9,"POB127_R":84.6,"POB128_R":4.3,"POB129_R":17.0,"OID":2415,"denominacion_oficial":"C04_Loc_rur","modulo_asignado":"Mapa Base","instrumento_vigencia":"","fecha_actualizacion":"2026-07-29","fuente_custodio":"SCINCE_2020","responsable_institucional":"INEGI","proyeccion_original":"EPSG:6372","proyeccion_actual":"EPSG:4326","cobertura_territorial":"Estatal","restricciones_uso":"Público"},"geometry":{"type":"Point","coordinates":[-90.371934,18.060331]}},{"type":"Feature","properties":{"CVEGEO":"040110814","NOM_MUN":"Candelaria","NOMGEO":"Adolfo López Mateos","CVE_AGEB":"0197","POB1":133.0,"POB8":56.0,"POB12":71.0,"POB24":6.0,"POB42":60.0,"POB84":73.0,"POB125_R":121.7,"POB126_R":87.3,"POB127_R":78.9,"POB128_R":8.5,"POB129_R":18.0,"OID":2417,"denominacion_oficial":"C04_Loc_rur","modulo_asignado":"Mapa Base","instrumento_vigencia":"","fecha_actualizacion":"2026-07-29","fuente_custodio":"SCINCE_2020","responsable_institucional":"INEGI","proyeccion_original":"EPSG:6372","proyeccion_actual":"EPSG:4326","cobertura_territorial":"Estatal","restricciones_uso":"Público"},"geometry":{"type":"Point","coordinates":[-90.409381,17.922446]}},{"type":"Feature","properties":{"CVEGEO":"040110835","NOM_MUN":"Candelaria","NOMGEO":"Agua Azul","CVE_AGEB":"0106","POB1":420.0,"POB8":161.0,"POB12":242.0,"POB24":17.0,"POB42":201.0,"POB84":219.0,"POB125_R":109.0,"POB126_R":73.6,"POB127_R":66.5,"POB128_R":7.0,"POB129_R":20.0,"OID":2425,"denominacion_oficial":"C04_Loc_rur","modulo_asignado":"Mapa Base","instrumento_vigencia":"","fecha_actualizacion":"2026-07-29","fuente_custodio":"SCINCE_2020","responsable_institucional":"INEGI","proyeccion_original":"EPSG:6372","proyeccion_actual":"EPSG:4326","cobertura_territorial":"Estatal","restricciones_uso":"Público"},"geometry":{"type":"Point","coordinates":[-90.518323,18.43454]}},{"type":"Feature","properties":{"CVEGEO":"040111143","NOM_MUN":"Candelaria","NOMGEO":"Licenciado José Antonio González Curi","CVE_AGEB":"0106","POB1":138.0,"POB8":51.0,"POB12":85.0,"POB24":2.0,"POB42":73.0,"POB84":65.0,"POB125_R":89.0,"POB126_R":62.4,"POB127_R":60.0,"POB128_R":2.4,"POB129_R":25.0,"OID":2493,"denominacion_oficial":"C04_Loc_rur","modulo_asignado":"Mapa Base","instrumento_vigencia":"","fecha_actualizacion":"2026-07-29","fuente_custodio":"SCINCE_2020","responsable_institucional":"INEGI","proyeccion_original":"EPSG:6372","proyeccion_actual":"EPSG:4326","cobertura_territorial":"Estatal","restricciones_uso":"Público"},"geometry":{"type":"Point","coordinates":[-90.491073,18.231892]}},{"type":"Feature","properties":{"CVEGEO":"040111231","NOM_MUN":"Candelaria","NOMGEO":"Rí­o Caribe (Caribe)","CVE_AGEB":"0106","POB1":205.0,"POB8":68.0,"POB12":127.0,"POB24":10.0,"POB42":101.0,"POB84":104.0,"POB125_R":103.0,"POB126_R":61.4,"POB127_R":53.5,"POB128_R":7.9,"POB129_R":22.0,"OID":2516,"denominacion_oficial":"C04_Loc_rur","modulo_asignado":"Mapa Base","instrumento_vigencia":"","fecha_actualizacion":"2026-07-29","fuente_custodio":"SCINCE_2020","responsable_institucional":"INEGI","proyeccion_original":"EPSG:6372","proyeccion_actual":"EPSG:4326","cobertura_territorial":"Estatal","restricciones_uso":"Público"},"geometry":{"type":"Point","coordinates":[-90.54598,18.189674]}},{"type":"Feature","properties":{"CVEGEO":"040111273","NOM_MUN":"Candelaria","NOMGEO":"Ignacio Zaragoza (El Pulguero)","CVE_AGEB":"0106","POB1":203.0,"POB8":79.0,"POB12":112.0,"POB24":12.0,"POB42":108.0,"POB84":95.0,"POB125_R":88.0,"POB126_R":81.3,"POB127_R":70.5,"POB128_R":10.7,"POB129_R":22.0,"OID":2527,"denominacion_oficial":"C04_Loc_rur","modulo_asignado":"Mapa Base","instrumento_vigencia":"","fecha_actualizacion":"2026-07-29","fuente_custodio":"SCINCE_2020","responsable_institucional":"INEGI","proyeccion_original":"EPSG:6372","proyeccion_actual":"EPSG:4326","cobertura_territorial":"Estatal","restricciones_uso":"Público"},"geometry":{"type":"Point","coordinates":[-90.545851,18.187529]}},{"type":"Feature","properties":{"CVEGEO":"040111399","NOM_MUN":"Candelaria","NOMGEO":"Emiliano Zapata III","CVE_AGEB":"0106","POB1":302.0,"POB8":94.0,"POB12":192.0,"POB24":16.0,"POB42":136.0,"POB84":166.0,"POB125_R":122.1,"POB126_R":57.3,"POB127_R":49.0,"POB128_R":8.3,"POB129_R":25.0,"OID":2571,"denominacion_oficial":"C04_Loc_rur","modulo_asignado":"Mapa Base","instrumento_vigencia":"","fecha_actualizacion":"2026-07-29","fuente_custodio":"SCINCE_2020","responsable_institucional":"INEGI","proyeccion_original":"EPSG:6372","proyeccion_actual":"EPSG:4326","cobertura_territorial":"Estatal","restricciones_uso":"Público"},"geometry":{"type":"Point","coordinates":[-90.690426,18.372973]}},{"type":"Feature","properties":{"CVEGEO":"040111400","NOM_MUN":"Candelaria","NOMGEO":"Tres de Mayo Tres","CVE_AGEB":"0106","POB1":167.0,"POB8":50.0,"POB12":97.0,"POB24":20.0,"POB42":75.0,"POB84":92.0,"POB125_R":122.7,"POB126_R":72.2,"POB127_R":51.5,"POB128_R":20.6,"POB129_R":28.0,"OID":2572,"denominacion_oficial":"C04_Loc_rur","modulo_asignado":"Mapa Base","instrumento_vigencia":"","fecha_actualizacion":"2026-07-29","fuente_custodio":"SCINCE_2020","responsable_institucional":"INEGI","proyeccion_original":"EPSG:6372","proyeccion_actual":"EPSG:4326","cobertura_territorial":"Estatal","restricciones_uso":"Público"},"geometry":{"type":"Point","coordinates":[-90.471983,18.374328]}},{"type":"Feature","properties":{"CVEGEO":"040111401","NOM_MUN":"Candelaria","NOMGEO":"Arroyo Veinticuatro de Mayo","CVE_AGEB":"0197","POB1":154.0,"POB8":61.0,"POB12":89.0,"POB24":4.0,"POB42":79.0,"POB84":75.0,"POB125_R":94.9,"POB126_R":73.0,"POB127_R":68.5,"POB128_R":4.5,"POB129_R":23.0,"OID":2573,"denominacion_oficial":"C04_Loc_rur","modulo_asignado":"Mapa Base","instrumento_vigencia":"","fecha_actualizacion":"2026-07-29","fuente_custodio":"SCINCE_2020","responsable_institucional":"INEGI","proyeccion_original":"EPSG:6372","proyeccion_actual":"EPSG:4326","cobertura_territorial":"Estatal","restricciones_uso":"Público"},"geometry":{"type":"Point","coordinates":[-90.26575,17.95816]}},{"type":"Feature","properties":{"CVEGEO":"040111402","NOM_MUN":"Candelaria","NOMGEO":"Balancancito","CVE_AGEB":"0197","POB1":125.0,"POB8":40.0,"POB12":77.0,"POB24":8.0,"POB42":57.0,"POB84":68.0,"POB125_R":119.3,"POB126_R":62.3,"POB127_R":51.9,"POB128_R":10.4,"POB129_R":25.0,"OID":2574,"denominacion_oficial":"C04_Loc_rur","modulo_asignado":"Mapa Base","instrumento_vigencia":"","fecha_actualizacion":"2026-07-29","fuente_custodio":"SCINCE_2020","responsable_institucional":"INEGI","proyeccion_original":"EPSG:6372","proyeccion_actual":"EPSG:4326","cobertura_territorial":"Estatal","restricciones_uso":"Público"},"geometry":{"type":"Point","coordinates":[-90.422034,18.055835]}},{"type":"Feature","properties":{"CVEGEO":"040111403","NOM_MUN":"Candelaria","NOMGEO":"El Encanto 2","CVE_AGEB":"0106","POB1":165.0,"POB8":61.0,"POB12":96.0,"POB24":8.0,"POB42":75.0,"POB84":90.0,"POB125_R":120.0,"POB126_R":71.9,"POB127_R":63.5,"POB128_R":8.3,"POB129_R":20.0,"OID":2575,"denominacion_oficial":"C04_Loc_rur","modulo_asignado":"Mapa Base","instrumento_vigencia":"","fecha_actualizacion":"2026-07-29","fuente_custodio":"SCINCE_2020","responsable_institucional":"INEGI","proyeccion_original":"EPSG:6372","proyeccion_actual":"EPSG:4326","cobertura_territorial":"Estatal","restricciones_uso":"Público"},"geometry":{"type":"Point","coordinates":[-90.612981,18.3911]}},{"type":"Feature","properties":{"CVEGEO":"040111406","NOM_MUN":"Candelaria","NOMGEO":"Isla del Paraíso","CVE_AGEB":"0106","POB1":280.0,"POB8":105.0,"POB12":156.0,"POB24":19.0,"POB42":133.0,"POB84":147.0,"POB125_R":110.5,"POB126_R":79.5,"POB127_R":67.3,"POB128_R":12.2,"POB129_R":22.0,"OID":2576,"denominacion_oficial":"C04_Loc_rur","modulo_asignado":"Mapa Base","instrumento_vigencia":"","fecha_actualizacion":"2026-07-29","fuente_custodio":"SCINCE_2020","responsable_institucional":"INEGI","proyeccion_original":"EPSG:6372","proyeccion_actual":"EPSG:4326","cobertura_territorial":"Estatal","restricciones_uso":"Público"},"geometry":{"type":"Point","coordinates":[-90.631896,18.355704]}},{"type":"Feature","properties":{"CVEGEO":"040111412","NOM_MUN":"Candelaria","NOMGEO":"Nueva Rosita II","CVE_AGEB":"0106","POB1":155.0,"POB8":66.0,"POB12":85.0,"POB24":4.0,"POB42":75.0,"POB84":80.0,"POB125_R":106.7,"POB126_R":82.4,"POB127_R":77.6,"POB128_R":4.7,"POB129_R":19.0,"OID":2578,"denominacion_oficial":"C04_Loc_rur","modulo_asignado":"Mapa Base","instrumento_vigencia":"","fecha_actualizacion":"2026-07-29","fuente_custodio":"SCINCE_2020","responsable_institucional":"INEGI","proyeccion_original":"EPSG:6372","proyeccion_actual":"EPSG:4326","cobertura_territorial":"Estatal","restricciones_uso":"Público"},"geometry":{"type":"Point","coordinates":[-90.653044,18.319529]}},{"type":"Feature","properties":{"CVEGEO":"040111413","NOM_MUN":"Candelaria","NOMGEO":"Nuevo Tabasco","CVE_AGEB":"0106","POB1":274.0,"POB8":112.0,"POB12":152.0,"POB24":10.0,"POB42":132.0,"POB84":142.0,"POB125_R":107.6,"POB126_R":80.3,"POB127_R":73.7,"POB128_R":6.6,"POB129_R":19.0,"OID":2579,"denominacion_oficial":"C04_Loc_rur","modulo_asignado":"Mapa Base","instrumento_vigencia":"","fecha_actualizacion":"2026-07-29","fuente_custodio":"SCINCE_2020","responsable_institucional":"INEGI","proyeccion_original":"EPSG:6372","proyeccion_actual":"EPSG:4326","cobertura_territorial":"Estatal","restricciones_uso":"Público"},"geometry":{"type":"Point","coordinates":[-90.615011,18.436501]}},{"type":"Feature","properties":{"CVEGEO":"040111418","NOM_MUN":"Candelaria","NOMGEO":"La Esperancita","CVE_AGEB":"0106","POB1":106.0,"POB8":39.0,"POB12":63.0,"POB24":4.0,"POB42":48.0,"POB84":58.0,"POB125_R":120.8,"POB126_R":68.3,"POB127_R":61.9,"POB128_R":6.3,"POB129_R":22.5,"OID":2581,"denominacion_oficial":"C04_Loc_rur","modulo_asignado":"Mapa Base","instrumento_vigencia":"","fecha_actualizacion":"2026-07-29","fuente_custodio":"SCINCE_2020","responsable_institucional":"INEGI","proyeccion_original":"EPSG:6372","proyeccion_actual":"EPSG:4326","cobertura_territorial":"Estatal","restricciones_uso":"Público"},"geometry":{"type":"Point","coordinates":[-90.549453,18.436551]}},{"type":"Feature","properties":{"CVEGEO":"040111422","NOM_MUN":"Candelaria","NOMGEO":"San Antonio Número 2","CVE_AGEB":"0106","POB1":227.0,"POB8":88.0,"POB12":131.0,"POB24":8.0,"POB42":104.0,"POB84":123.0,"POB125_R":118.3,"POB126_R":73.3,"POB127_R":67.2,"POB128_R":6.1,"POB129_R":23.0,"OID":2583,"denominacion_oficial":"C04_Loc_rur","modulo_asignado":"Mapa Base","instrumento_vigencia":"","fecha_actualizacion":"2026-07-29","fuente_custodio":"SCINCE_2020","responsable_institucional":"INEGI","proyeccion_original":"EPSG:6372","proyeccion_actual":"EPSG:4326","cobertura_territorial":"Estatal","restricciones_uso":"Público"},"geometry":{"type":"Point","coordinates":[-90.534941,18.343509]}},{"type":"Feature","properties":{"CVEGEO":"040111504","NOM_MUN":"Candelaria","NOMGEO":"La Tigra","CVE_AGEB":"0197","POB1":161.0,"POB8":62.0,"POB12":94.0,"POB24":5.0,"POB42":72.0,"POB84":89.0,"POB125_R":123.6,"POB126_R":71.3,"POB127_R":66.0,"POB128_R":5.3,"POB129_R":20.0,"OID":2621,"denominacion_oficial":"C04_Loc_rur","modulo_asignado":"Mapa Base","instrumento_vigencia":"","fecha_actualizacion":"2026-07-29","fuente_custodio":"SCINCE_2020","responsable_institucional":"INEGI","proyeccion_original":"EPSG:6372","proyeccion_actual":"EPSG:4326","cobertura_territorial":"Estatal","restricciones_uso":"Público"},"geometry":{"type":"Point","coordinates":[-90.32379,17.831146]}},{"type":"Feature","properties":{"CVEGEO":"040111516","NOM_MUN":"Candelaria","NOMGEO":"Chilam Balam","CVE_AGEB":"0197","POB1":264.0,"POB8":98.0,"POB12":153.0,"POB24":13.0,"POB42":124.0,"POB84":140.0,"POB125_R":112.9,"POB126_R":72.5,"POB127_R":64.1,"POB128_R":8.5,"POB129_R":19.0,"OID":2626,"denominacion_oficial":"C04_Loc_rur","modulo_asignado":"Mapa Base","instrumento_vigencia":"","fecha_actualizacion":"2026-07-29","fuente_custodio":"SCINCE_2020","responsable_institucional":"INEGI","proyeccion_original":"EPSG:6372","proyeccion_actual":"EPSG:4326","cobertura_territorial":"Estatal","restricciones_uso":"Público"},"geometry":{"type":"Point","coordinates":[-90.263196,17.856865]}},{"type":"Feature","properties":{"CVEGEO":"040111584","NOM_MUN":"Candelaria","NOMGEO":"Laguna de Oro","CVE_AGEB":"0197","POB1":142.0,"POB8":56.0,"POB12":78.0,"POB24":8.0,"POB42":65.0,"POB84":77.0,"POB125_R":118.5,"POB126_R":82.1,"POB127_R":71.8,"POB128_R":10.3,"POB129_R":20.5,"OID":2658,"denominacion_oficial":"C04_Loc_rur","modulo_asignado":"Mapa Base","instrumento_vigencia":"","fecha_actualizacion":"2026-07-29","fuente_custodio":"SCINCE_2020","responsable_institucional":"INEGI","proyeccion_original":"EPSG:6372","proyeccion_actual":"EPSG:4326","cobertura_territorial":"Estatal","restricciones_uso":"Público"},"geometry":{"type":"Point","coordinates":[-90.270632,17.880048]}},{"type":"Feature","properties":{"CVEGEO":"040111595","NOM_MUN":"Candelaria","NOMGEO":"Tres Piedras","CVE_AGEB":"0197","POB1":167.0,"POB8":56.0,"POB12":107.0,"POB24":4.0,"POB42":70.0,"POB84":97.0,"POB125_R":138.6,"POB126_R":56.1,"POB127_R":52.3,"POB128_R":3.7,"POB129_R":25.0,"OID":2662,"denominacion_oficial":"C04_Loc_rur","modulo_asignado":"Mapa Base","instrumento_vigencia":"","fecha_actualizacion":"2026-07-29","fuente_custodio":"SCINCE_2020","responsable_institucional":"INEGI","proyeccion_original":"EPSG:6372","proyeccion_actual":"EPSG:4326","cobertura_territorial":"Estatal","restricciones_uso":"Público"},"geometry":{"type":"Point","coordinates":[-90.374414,18.122769]}},{"type":"Feature","properties":{"CVEGEO":"040120056","NOM_MUN":"Seybaplaya","NOMGEO":"Xkeulil","CVE_AGEB":"0118","POB1":1063.0,"POB8":247.0,"POB12":727.0,"POB24":89.0,"POB42":519.0,"POB84":544.0,"POB125_R":104.8,"POB126_R":46.2,"POB127_R":34.0,"POB128_R":12.2,"POB129_R":30.0,"OID":2729,"denominacion_oficial":"C04_Loc_rur","modulo_asignado":"Mapa Base","instrumento_vigencia":"","fecha_actualizacion":"2026-07-29","fuente_custodio":"SCINCE_2020","responsable_institucional":"INEGI","proyeccion_original":"EPSG:6372","proyeccion_actual":"EPSG:4326","cobertura_territorial":"Estatal","restricciones_uso":"Público"},"geometry":{"type":"Point","coordinates":[-90.628005,19.628823]}}]}