{"type":"FeatureCollection","name":"C04_Loc_urb","crs":{"type":"name","properties":{"name":"urn:ogc:def:crs:OGC:1.3:CRS84"}},"xy_coordinate_resolution":1e-06,"features":[{"type":"Feature","properties":{"CVEGEO":"040010001","NOM_MUN":"Calkiní","NOMGEO":"Calkiní","POB1":15949.0,"POB8":3767.0,"POB12":10561.0,"POB24":1600.0,"POB42":8217.0,"POB84":7732.0,"POB125_R":94.1,"POB126_R":50.8,"POB127_R":35.7,"POB128_R":15.2,"POB129_R":31.0,"OID":1,"denominacion_oficial":"C04_Loc_urb","modulo_asignado":"Mapa Base","instrumento_vigencia":"","fecha_actualizacion":"2026-07-29","fuente_custodio":"SCINCE_2020","responsable_institucional":"INEGI,2020","proyeccion_original":"EPSG:6372","proyeccion_actual":"EPSG:4326","cobertura_territorial":"Estatal","restricciones_uso":"Público"},"geometry":{"type":"MultiPolygon","coordinates":[[[[-90.04635,20.38793],[-90.046475,20.387676],[-90.046342,20.387648],[-90.046342,20.387648],[-90.045457,20.387284],[-90.045596,20.38689],[-90.045843,20.386194],[-90.046021,20.385691],[-90.046113,20.385467],[-90.045027,20.381213],[-90.041784,20.38047],[-90.042084,20.380151],[-90.041742,20.380089],[-90.041298,20.380002],[-90.040058,20.379862],[-90.040186,20.378859],[-90.040234,20.378589],[-90.040288,20.378296],[-90.040386,20.377752],[-90.039194,20.377417],[-90.039097,20.378202],[-90.039061,20.378497],[-90.039022,20.378809],[-90.037937,20.378739],[-90.035642,20.378398],[-90.035676,20.37832],[-90.035673,20.378162],[-90.03601,20.377855],[-90.035191,20.377304],[-90.035183,20.377298],[-90.033025,20.376571],[-90.032534,20.375514],[-90.033204,20.375037],[-90.033248,20.373759],[-90.033335,20.372494],[-90.034444,20.372601],[-90.034636,20.371453],[-90.034644,20.371407],[-90.034872,20.370108],[-90.03504,20.368906],[-90.035213,20.367666],[-90.035141,20.366599],[-90.034788,20.366728],[-90.034564,20.366763],[-90.034313,20.36673],[-90.034034,20.366616],[-90.033822,20.366595],[-90.033703,20.366604],[-90.033582,20.366614],[-90.033242,20.366738],[-90.032881,20.366904],[-90.032708,20.366937],[-90.032557,20.366942],[-90.031997,20.366932],[-90.031532,20.366957],[-90.031339,20.366989],[-90.031195,20.367061],[-90.03229,20.362705],[-90.03229,20.362705],[-90.033248,20.35908],[-90.037988,20.360795],[-90.038013,20.360804],[-90.03837,20.36005],[-90.039039,20.357686],[-90.039989,20.358097],[-90.040055,20.358126],[-90.041113,20.358542],[-90.04113,20.358547],[-90.04325,20.359182],[-90.043439,20.359238],[-90.043701,20.358286],[-90.043793,20.357274],[-90.043096,20.357029],[-90.043367,20.356143],[-90.043645,20.355077],[-90.044124,20.355297],[-90.044699,20.354256],[-90.045116,20.353473],[-90.044004,20.352943],[-90.042694,20.352445],[-90.041777,20.352118],[-90.041874,20.351278],[-90.043022,20.351737],[-90.04317,20.35141],[-90.043765,20.350093],[-90.044027,20.350209],[-90.044381,20.350366],[-90.044422,20.350384],[-90.045133,20.350699],[-90.046153,20.351199],[-90.046464,20.350545],[-90.046943,20.349535],[-90.047345,20.348671],[-90.047378,20.348601],[-90.047671,20.348061],[-90.047808,20.347808],[-90.048031,20.347811],[-90.049151,20.347824],[-90.049423,20.34722],[-90.049555,20.346896],[-90.049534,20.346746],[-90.049628,20.346355],[-90.049688,20.345819],[-90.04669,20.345481],[-90.042492,20.345013],[-90.042669,20.343008],[-90.054921,20.344274],[-90.054916,20.344337],[-90.054842,20.345199],[-90.054742,20.346371],[-90.054597,20.347832],[-90.054505,20.348773],[-90.055721,20.348751],[-90.05852,20.3487],[-90.058554,20.348699],[-90.059996,20.348805],[-90.060813,20.348865],[-90.060811,20.34887],[-90.059999,20.35109],[-90.059554,20.352307],[-90.059411,20.352681],[-90.058995,20.35377],[-90.059244,20.353842],[-90.059596,20.353944],[-90.059545,20.354063],[-90.059514,20.354137],[-90.059453,20.354279],[-90.059417,20.354364],[-90.059331,20.354496],[-90.059272,20.354627],[-90.059175,20.35535],[-90.060792,20.355556],[-90.060938,20.358662],[-90.060149,20.359386],[-90.06009,20.35944],[-90.059716,20.359821],[-90.059273,20.360271],[-90.05907,20.360554],[-90.059406,20.360558],[-90.060075,20.36054],[-90.061075,20.360522],[-90.061875,20.36089],[-90.061926,20.360962],[-90.062146,20.361273],[-90.06246,20.361399],[-90.06262,20.361697],[-90.062813,20.361474],[-90.063073,20.36152],[-90.063452,20.361304],[-90.063703,20.361324],[-90.064259,20.361261],[-90.064522,20.361785],[-90.064879,20.362246],[-90.064904,20.362295],[-90.065049,20.362579],[-90.065066,20.362703],[-90.065009,20.362843],[-90.064926,20.362984],[-90.064465,20.363581],[-90.065431,20.363673],[-90.065342,20.364115],[-90.066333,20.364397],[-90.065854,20.36577],[-90.065539,20.366454],[-90.065523,20.366489],[-90.064001,20.366152],[-90.063782,20.366357],[-90.063692,20.36644],[-90.063771,20.366451],[-90.063918,20.366471],[-90.063851,20.367498],[-90.063734,20.369337],[-90.063817,20.369354],[-90.063967,20.369359],[-90.064253,20.36932],[-90.064551,20.369277],[-90.064516,20.370262],[-90.06445,20.370797],[-90.064136,20.370864],[-90.064051,20.371936],[-90.063973,20.372925],[-90.06396,20.372925],[-90.062688,20.372997],[-90.062686,20.373009],[-90.062602,20.373866],[-90.062549,20.374406],[-90.062491,20.374937],[-90.062415,20.375649],[-90.062225,20.37743],[-90.063311,20.377905],[-90.063606,20.378017],[-90.064429,20.378306],[-90.065096,20.378566],[-90.066038,20.378679],[-90.066992,20.378792],[-90.066389,20.380323],[-90.066075,20.38112],[-90.065624,20.382432],[-90.065328,20.383292],[-90.064913,20.384299],[-90.064181,20.383878],[-90.063054,20.383227],[-90.063053,20.383227],[-90.059955,20.382868],[-90.059393,20.382757],[-90.058362,20.383024],[-90.058655,20.384686],[-90.058521,20.385711],[-90.058741,20.386391],[-90.059811,20.386146],[-90.060024,20.386945],[-90.060087,20.387182],[-90.060079,20.387184],[-90.058821,20.387443],[-90.058773,20.387453],[-90.058776,20.387458],[-90.0593,20.388599],[-90.060038,20.389422],[-90.058835,20.389642],[-90.057629,20.389732],[-90.0579,20.390891],[-90.056743,20.391042],[-90.056572,20.390294],[-90.055812,20.390464],[-90.055349,20.390605],[-90.055,20.390728],[-90.054822,20.389813],[-90.053346,20.389967],[-90.053288,20.390332],[-90.053308,20.390587],[-90.053315,20.390669],[-90.0518,20.390381],[-90.051936,20.389828],[-90.051944,20.389795],[-90.052003,20.389555],[-90.052031,20.389441],[-90.052044,20.389389],[-90.052032,20.389188],[-90.051999,20.38918],[-90.051447,20.389053],[-90.051009,20.388965],[-90.050869,20.388938],[-90.049905,20.388356],[-90.049303,20.387992],[-90.049253,20.388058],[-90.048499,20.389044],[-90.048487,20.389059],[-90.048488,20.389059],[-90.049282,20.389692],[-90.049515,20.389878],[-90.049371,20.390056],[-90.049256,20.390242],[-90.048968,20.390707],[-90.048205,20.390169],[-90.047914,20.389998],[-90.048269,20.389416],[-90.048277,20.389403],[-90.046358,20.388176],[-90.046334,20.388148],[-90.046322,20.388066],[-90.04635,20.38793]]]]}},{"type":"Feature","properties":{"CVEGEO":"040010003","NOM_MUN":"Calkiní","NOMGEO":"Bacabchén","POB1":3128.0,"POB8":952.0,"POB12":1961.0,"POB24":215.0,"POB42":1585.0,"POB84":1543.0,"POB125_R":97.4,"POB126_R":59.5,"POB127_R":48.5,"POB128_R":11.0,"POB129_R":26.0,"OID":2,"denominacion_oficial":"C04_Loc_urb","modulo_asignado":"Mapa Base","instrumento_vigencia":"","fecha_actualizacion":"2026-07-29","fuente_custodio":"SCINCE_2020","responsable_institucional":"INEGI,2020","proyeccion_original":"EPSG:6372","proyeccion_actual":"EPSG:4326","cobertura_territorial":"Estatal","restricciones_uso":"Público"},"geometry":{"type":"MultiPolygon","coordinates":[[[[-90.056272,20.295407],[-90.0562,20.295142],[-90.056132,20.295148],[-90.052647,20.293859],[-90.05269,20.293775],[-90.052692,20.293772],[-90.052568,20.293723],[-90.051007,20.293113],[-90.051104,20.292888],[-90.051106,20.292886],[-90.051331,20.292381],[-90.050589,20.292111],[-90.05059,20.292108],[-90.051559,20.290149],[-90.052325,20.288214],[-90.050935,20.287908],[-90.050953,20.287838],[-90.051112,20.287153],[-90.052083,20.286881],[-90.0512,20.285245],[-90.051028,20.284725],[-90.050953,20.28385],[-90.051414,20.283851],[-90.051353,20.283203],[-90.051359,20.282834],[-90.051514,20.28258],[-90.052162,20.281558],[-90.054382,20.281746],[-90.054749,20.280838],[-90.055885,20.280593],[-90.056639,20.280563],[-90.057153,20.281233],[-90.057869,20.281512],[-90.057948,20.281613],[-90.058346,20.28202],[-90.058634,20.282317],[-90.059333,20.282242],[-90.059337,20.282242],[-90.059908,20.282307],[-90.060147,20.282308],[-90.060716,20.282327],[-90.061583,20.282439],[-90.061958,20.281842],[-90.063107,20.282297],[-90.063108,20.282296],[-90.063646,20.281289],[-90.064978,20.28188],[-90.064108,20.283443],[-90.065275,20.283957],[-90.065182,20.284632],[-90.064831,20.287173],[-90.063874,20.288964],[-90.063369,20.289794],[-90.065226,20.290342],[-90.066984,20.290696],[-90.066884,20.291001],[-90.067439,20.291183],[-90.066838,20.293125],[-90.066245,20.292982],[-90.065238,20.292793],[-90.065224,20.292857],[-90.065148,20.29322],[-90.063881,20.29295],[-90.063718,20.292916],[-90.063694,20.293004],[-90.063616,20.293282],[-90.062876,20.293058],[-90.062545,20.292957],[-90.06124,20.292565],[-90.061215,20.292557],[-90.061356,20.291999],[-90.060781,20.291898],[-90.059299,20.29164],[-90.059158,20.292085],[-90.059059,20.292402],[-90.058738,20.293307],[-90.057979,20.294827],[-90.05708,20.296246],[-90.056768,20.296732],[-90.056474,20.297111],[-90.056427,20.296757],[-90.056392,20.296372],[-90.056272,20.295407]]]]}},{"type":"Feature","properties":{"CVEGEO":"040010004","NOM_MUN":"Calkiní","NOMGEO":"Bécal","POB1":6801.0,"POB8":1591.0,"POB12":4282.0,"POB24":859.0,"POB42":3530.0,"POB84":3271.0,"POB125_R":92.7,"POB126_R":57.2,"POB127_R":37.2,"POB128_R":20.1,"POB129_R":34.0,"OID":3,"denominacion_oficial":"C04_Loc_urb","modulo_asignado":"Mapa Base","instrumento_vigencia":"","fecha_actualizacion":"2026-07-29","fuente_custodio":"SCINCE_2020","responsable_institucional":"INEGI,2020","proyeccion_original":"EPSG:6372","proyeccion_actual":"EPSG:4326","cobertura_territorial":"Estatal","restricciones_uso":"Público"},"geometry":{"type":"MultiPolygon","coordinates":[[[[-90.025899,20.451377],[-90.025634,20.450196],[-90.025215,20.450221],[-90.024175,20.45042],[-90.023115,20.450623],[-90.022086,20.450818],[-90.021773,20.449521],[-90.021455,20.448249],[-90.018787,20.445461],[-90.016928,20.445774],[-90.017045,20.444786],[-90.015023,20.445122],[-90.014392,20.443563],[-90.014404,20.443098],[-90.014034,20.443057],[-90.013813,20.440351],[-90.0149,20.436348],[-90.014829,20.436289],[-90.016839,20.43593],[-90.017155,20.434585],[-90.019107,20.435268],[-90.019184,20.434876],[-90.019347,20.434054],[-90.019704,20.432072],[-90.023604,20.432817],[-90.02375,20.431958],[-90.024646,20.432023],[-90.024534,20.432866],[-90.024989,20.432942],[-90.025074,20.432644],[-90.025269,20.431964],[-90.025458,20.431382],[-90.025884,20.430162],[-90.026043,20.429586],[-90.026269,20.429632],[-90.026522,20.428699],[-90.027119,20.427054],[-90.027146,20.427024],[-90.02822,20.427354],[-90.028663,20.425836],[-90.027149,20.425228],[-90.027599,20.424253],[-90.027965,20.42349],[-90.029323,20.42387],[-90.030527,20.424237],[-90.030195,20.425163],[-90.029861,20.426254],[-90.029656,20.426817],[-90.030948,20.427078],[-90.030951,20.427079],[-90.03101,20.426903],[-90.031181,20.426394],[-90.031189,20.426396],[-90.031232,20.426405],[-90.03196,20.426551],[-90.031632,20.42754],[-90.033537,20.433957],[-90.03358,20.43408],[-90.033533,20.435318],[-90.035348,20.436782],[-90.035439,20.43687],[-90.03552,20.437157],[-90.035417,20.438998],[-90.037724,20.440883],[-90.037971,20.441085],[-90.038011,20.441144],[-90.038011,20.441144],[-90.039445,20.442954],[-90.039468,20.442958],[-90.040024,20.443054],[-90.040046,20.443678],[-90.040186,20.444101],[-90.041886,20.449232],[-90.041008,20.451163],[-90.043166,20.452733],[-90.043104,20.452807],[-90.034028,20.451927],[-90.033486,20.451874],[-90.033046,20.451832],[-90.032917,20.451759],[-90.032224,20.450873],[-90.031946,20.450406],[-90.031839,20.451755],[-90.030693,20.451556],[-90.029371,20.451235],[-90.029331,20.45143],[-90.030379,20.451856],[-90.031395,20.453863],[-90.028228,20.454488],[-90.028303,20.454765],[-90.025553,20.455624],[-90.024426,20.452311],[-90.025899,20.451377]]]]}},{"type":"Feature","properties":{"CVEGEO":"040010007","NOM_MUN":"Calkiní","NOMGEO":"Dzitbalché","POB1":13208.0,"POB8":3566.0,"POB12":8625.0,"POB24":1017.0,"POB42":6707.0,"POB84":6501.0,"POB125_R":96.9,"POB126_R":53.1,"POB127_R":41.3,"POB128_R":11.8,"POB129_R":28.0,"OID":4,"denominacion_oficial":"C04_Loc_urb","modulo_asignado":"Mapa Base","instrumento_vigencia":"","fecha_actualizacion":"2026-07-29","fuente_custodio":"SCINCE_2020","responsable_institucional":"INEGI,2020","proyeccion_original":"EPSG:6372","proyeccion_actual":"EPSG:4326","cobertura_territorial":"Estatal","restricciones_uso":"Público"},"geometry":{"type":"MultiPolygon","coordinates":[[[[-90.045679,20.334162],[-90.045795,20.333589],[-90.045155,20.333456],[-90.044966,20.333417],[-90.04497,20.333389],[-90.045106,20.33244],[-90.045271,20.332018],[-90.04543,20.331756],[-90.045648,20.331289],[-90.045919,20.330525],[-90.045397,20.330466],[-90.045158,20.330425],[-90.044961,20.330381],[-90.045084,20.329141],[-90.045085,20.32913],[-90.045091,20.329068],[-90.044887,20.329196],[-90.044686,20.329288],[-90.044548,20.329323],[-90.044378,20.329349],[-90.044092,20.329396],[-90.044135,20.3288],[-90.044185,20.328323],[-90.044258,20.3276],[-90.044346,20.326715],[-90.044442,20.325751],[-90.044515,20.32497],[-90.044537,20.324651],[-90.044638,20.323727],[-90.044676,20.323424],[-90.044775,20.322898],[-90.044877,20.322458],[-90.045001,20.321781],[-90.045139,20.321182],[-90.045279,20.320725],[-90.045421,20.320147],[-90.045605,20.319416],[-90.045701,20.319059],[-90.045782,20.318734],[-90.045856,20.318427],[-90.045941,20.318048],[-90.046143,20.317094],[-90.046194,20.316873],[-90.046233,20.316731],[-90.046267,20.31663],[-90.046315,20.316506],[-90.046382,20.316348],[-90.046454,20.316187],[-90.046529,20.316039],[-90.046743,20.315678],[-90.047117,20.315093],[-90.047597,20.314381],[-90.048189,20.313481],[-90.04854,20.312969],[-90.048722,20.312732],[-90.048862,20.312561],[-90.049011,20.312393],[-90.049271,20.312141],[-90.049475,20.31195],[-90.049665,20.31179],[-90.049956,20.311587],[-90.050123,20.311483],[-90.050292,20.31139],[-90.050524,20.311273],[-90.051146,20.310985],[-90.051861,20.310679],[-90.052161,20.31051],[-90.052479,20.31035],[-90.053128,20.310054],[-90.053626,20.309817],[-90.054004,20.30964],[-90.054517,20.309409],[-90.057494,20.308013],[-90.059373,20.307172],[-90.059619,20.307065],[-90.059986,20.306875],[-90.060217,20.306747],[-90.060464,20.306592],[-90.06083,20.306333],[-90.060985,20.306334],[-90.061077,20.306346],[-90.061183,20.306383],[-90.061261,20.306426],[-90.061323,20.306469],[-90.06137,20.306529],[-90.061408,20.306584],[-90.061454,20.306665],[-90.061491,20.306743],[-90.061626,20.306654],[-90.062226,20.304814],[-90.062354,20.304473],[-90.062552,20.304528],[-90.062599,20.304536],[-90.062659,20.304534],[-90.062725,20.304511],[-90.062764,20.304486],[-90.062802,20.304444],[-90.062831,20.304391],[-90.063018,20.304021],[-90.064497,20.304469],[-90.06331,20.307736],[-90.062329,20.310118],[-90.062796,20.310237],[-90.06276,20.310371],[-90.062617,20.310899],[-90.063571,20.311059],[-90.064445,20.311209],[-90.064472,20.311218],[-90.064464,20.311238],[-90.064688,20.311298],[-90.064846,20.311327],[-90.064924,20.311316],[-90.065167,20.312817],[-90.06517,20.312832],[-90.065218,20.312863],[-90.065225,20.31287],[-90.065245,20.312891],[-90.065262,20.312939],[-90.065263,20.312945],[-90.065269,20.313],[-90.065272,20.313053],[-90.065281,20.313115],[-90.065301,20.31317],[-90.065341,20.313223],[-90.065351,20.313241],[-90.065373,20.313277],[-90.065384,20.313302],[-90.06539,20.313328],[-90.065392,20.313375],[-90.065392,20.31347],[-90.065435,20.313835],[-90.065456,20.314017],[-90.065489,20.3142],[-90.065531,20.314664],[-90.065698,20.315428],[-90.065781,20.315949],[-90.065826,20.316193],[-90.065851,20.316276],[-90.066633,20.317321],[-90.067452,20.318161],[-90.067356,20.318544],[-90.067299,20.318771],[-90.067171,20.31912],[-90.06705,20.319397],[-90.066987,20.320938],[-90.066982,20.320995],[-90.067351,20.32112],[-90.067466,20.321185],[-90.067599,20.321277],[-90.067779,20.321484],[-90.067806,20.322274],[-90.067771,20.322495],[-90.067701,20.322748],[-90.067691,20.323061],[-90.067642,20.323133],[-90.067559,20.323221],[-90.067424,20.323354],[-90.067393,20.323387],[-90.067381,20.323408],[-90.067381,20.323426],[-90.067387,20.323688],[-90.067394,20.323739],[-90.067533,20.324116],[-90.067489,20.324449],[-90.067454,20.324544],[-90.067341,20.324749],[-90.067055,20.325116],[-90.06691,20.325312],[-90.066754,20.325538],[-90.066727,20.32559],[-90.066681,20.325856],[-90.066601,20.326251],[-90.066525,20.326627],[-90.066479,20.326888],[-90.066426,20.327197],[-90.066374,20.327517],[-90.066353,20.327651],[-90.066335,20.327747],[-90.066235,20.327958],[-90.066125,20.32831],[-90.065947,20.328839],[-90.065902,20.329132],[-90.065818,20.329402],[-90.065729,20.329668],[-90.065481,20.330323],[-90.065345,20.330809],[-90.065106,20.331661],[-90.06493,20.332283],[-90.06476,20.332885],[-90.064602,20.333445],[-90.064415,20.334102],[-90.0642,20.334808],[-90.055926,20.334264],[-90.055881,20.334697],[-90.054834,20.334601],[-90.053941,20.334559],[-90.053188,20.334544],[-90.051264,20.334405],[-90.050845,20.334393],[-90.050487,20.334389],[-90.049896,20.33436],[-90.047524,20.334248],[-90.045679,20.334162]]],[[[-90.057472,20.341403],[-90.057574,20.340763],[-90.057622,20.340286],[-90.058018,20.340336],[-90.058487,20.340377],[-90.058929,20.340434],[-90.059384,20.340493],[-90.059213,20.341667],[-90.058789,20.341608],[-90.058324,20.341525],[-90.057879,20.341464],[-90.057845,20.341459],[-90.057472,20.341403]]]]}},{"type":"Feature","properties":{"CVEGEO":"040010008","NOM_MUN":"Calkiní","NOMGEO":"Nunkiní","POB1":6485.0,"POB8":1611.0,"POB12":4313.0,"POB24":561.0,"POB42":3245.0,"POB84":3240.0,"POB125_R":99.8,"POB126_R":50.4,"POB127_R":37.4,"POB128_R":13.0,"POB129_R":29.0,"OID":5,"denominacion_oficial":"C04_Loc_urb","modulo_asignado":"Mapa Base","instrumento_vigencia":"","fecha_actualizacion":"2026-07-29","fuente_custodio":"SCINCE_2020","responsable_institucional":"INEGI,2020","proyeccion_original":"EPSG:6372","proyeccion_actual":"EPSG:4326","cobertura_territorial":"Estatal","restricciones_uso":"Público"},"geometry":{"type":"MultiPolygon","coordinates":[[[[-90.15094,20.411242],[-90.150796,20.410556],[-90.150685,20.410209],[-90.150667,20.409901],[-90.150561,20.409503],[-90.150322,20.409195],[-90.150273,20.409074],[-90.15036,20.408433],[-90.150344,20.408255],[-90.150209,20.408191],[-90.150015,20.408092],[-90.14972,20.407938],[-90.149182,20.407905],[-90.147376,20.407265],[-90.147401,20.408078],[-90.147445,20.408454],[-90.147487,20.408984],[-90.147484,20.410147],[-90.14712,20.409954],[-90.146955,20.409835],[-90.146816,20.409751],[-90.146513,20.409647],[-90.145817,20.409428],[-90.140092,20.410554],[-90.139805,20.410611],[-90.139328,20.410362],[-90.138985,20.410183],[-90.138873,20.410107],[-90.138823,20.409957],[-90.138588,20.409908],[-90.136267,20.409191],[-90.135934,20.409506],[-90.135868,20.409514],[-90.134737,20.40823],[-90.134673,20.406826],[-90.135323,20.405213],[-90.135084,20.404258],[-90.133378,20.397736],[-90.132882,20.396019],[-90.133191,20.395799],[-90.133335,20.395893],[-90.133442,20.395953],[-90.133536,20.395995],[-90.133581,20.396007],[-90.133707,20.396007],[-90.133746,20.396004],[-90.133776,20.395999],[-90.133834,20.395981],[-90.133927,20.39598],[-90.133979,20.395988],[-90.134061,20.396011],[-90.13556,20.396436],[-90.135913,20.396538],[-90.136325,20.395375],[-90.138188,20.395907],[-90.138717,20.39465],[-90.139161,20.39479],[-90.139518,20.394944],[-90.139892,20.395182],[-90.14009,20.395355],[-90.140287,20.395542],[-90.140797,20.395966],[-90.141025,20.395976],[-90.141211,20.395989],[-90.141611,20.393964],[-90.142817,20.391733],[-90.143567,20.391885],[-90.143742,20.392002],[-90.14382,20.391603],[-90.14387,20.391567],[-90.143975,20.39155],[-90.14409,20.391489],[-90.144387,20.391218],[-90.144515,20.391088],[-90.144621,20.390831],[-90.144837,20.390841],[-90.145186,20.390915],[-90.145271,20.390935],[-90.14537,20.39094],[-90.145454,20.390875],[-90.145621,20.390849],[-90.14573,20.390859],[-90.145825,20.390921],[-90.145992,20.390958],[-90.146174,20.39096],[-90.146368,20.390902],[-90.146447,20.390878],[-90.146558,20.390815],[-90.146826,20.391052],[-90.147006,20.391276],[-90.14712,20.391396],[-90.14735,20.391592],[-90.147698,20.39176],[-90.147801,20.391889],[-90.147853,20.392006],[-90.147734,20.392123],[-90.147553,20.392314],[-90.147959,20.392413],[-90.148395,20.392567],[-90.14918,20.392695],[-90.149927,20.392842],[-90.150697,20.392977],[-90.150859,20.392743],[-90.151032,20.392774],[-90.1511,20.392701],[-90.15162,20.392841],[-90.152474,20.393102],[-90.153287,20.393345],[-90.153435,20.393239],[-90.153627,20.393139],[-90.153479,20.394226],[-90.153234,20.395104],[-90.153665,20.395322],[-90.153341,20.396402],[-90.15316,20.397024],[-90.15302,20.397921],[-90.153658,20.398371],[-90.155336,20.397449],[-90.156237,20.397325],[-90.157159,20.397399],[-90.157464,20.397311],[-90.15824,20.397224],[-90.158503,20.397262],[-90.159043,20.397234],[-90.159801,20.397295],[-90.160621,20.397408],[-90.161135,20.397662],[-90.160728,20.398899],[-90.160172,20.400288],[-90.159694,20.402735],[-90.159538,20.402711],[-90.159531,20.402815],[-90.159517,20.402872],[-90.159498,20.402915],[-90.15946,20.402973],[-90.159381,20.403074],[-90.15932,20.403168],[-90.159147,20.403543],[-90.158994,20.403837],[-90.158917,20.403984],[-90.158747,20.404298],[-90.158717,20.404336],[-90.158661,20.404377],[-90.158547,20.404424],[-90.15841,20.404429],[-90.158231,20.404411],[-90.158054,20.404513],[-90.158046,20.404668],[-90.158014,20.404759],[-90.157782,20.404936],[-90.156742,20.407022],[-90.155867,20.408044],[-90.155035,20.408765],[-90.154858,20.409013],[-90.154632,20.409356],[-90.155225,20.410326],[-90.155237,20.410516],[-90.15528,20.410597],[-90.155361,20.410644],[-90.15543,20.410725],[-90.155431,20.41087],[-90.155446,20.411235],[-90.155532,20.411399],[-90.15558,20.411486],[-90.155552,20.411601],[-90.155508,20.411626],[-90.155397,20.411633],[-90.155122,20.411661],[-90.154513,20.41162],[-90.154424,20.411478],[-90.154306,20.411402],[-90.154227,20.411418],[-90.154068,20.411459],[-90.153989,20.411498],[-90.1539,20.411516],[-90.153748,20.411516],[-90.153649,20.411499],[-90.153558,20.41136],[-90.153451,20.411131],[-90.153322,20.41104],[-90.153317,20.410887],[-90.153306,20.410791],[-90.153214,20.410784],[-90.152969,20.410918],[-90.152933,20.411038],[-90.152846,20.411224],[-90.152803,20.411295],[-90.152775,20.411495],[-90.152771,20.411573],[-90.152734,20.411607],[-90.15273,20.411608],[-90.152657,20.411616],[-90.152592,20.411595],[-90.152479,20.411662],[-90.152411,20.411664],[-90.152333,20.411626],[-90.152297,20.411553],[-90.152285,20.411479],[-90.152161,20.411445],[-90.152036,20.411404],[-90.151873,20.411342],[-90.15182,20.411314],[-90.151616,20.411293],[-90.151519,20.411304],[-90.151373,20.411333],[-90.151265,20.411386],[-90.151179,20.411512],[-90.151162,20.411527],[-90.151115,20.411568],[-90.151076,20.411513],[-90.15094,20.411242]]]]}},{"type":"Feature","properties":{"CVEGEO":"040020001","NOM_MUN":"Campeche","NOMGEO":"San Francisco de Campeche","POB1":249623.0,"POB8":55155.0,"POB12":172357.0,"POB24":21589.0,"POB42":130524.0,"POB84":119099.0,"POB125_R":91.2,"POB126_R":44.5,"POB127_R":32.0,"POB128_R":12.5,"POB129_R":32.0,"OID":6,"denominacion_oficial":"C04_Loc_urb","modulo_asignado":"Mapa Base","instrumento_vigencia":"","fecha_actualizacion":"2026-07-29","fuente_custodio":"SCINCE_2020","responsable_institucional":"INEGI,2020","proyeccion_original":"EPSG:6372","proyeccion_actual":"EPSG:4326","cobertura_territorial":"Estatal","restricciones_uso":"Público"},"geometry":{"type":"MultiPolygon","coordinates":[[[[-90.485235,19.865434],[-90.484831,19.865263],[-90.484689,19.865709],[-90.484005,19.865417],[-90.48408,19.865188],[-90.484285,19.864564],[-90.484455,19.864047],[-90.484394,19.864018],[-90.48388,19.86377],[-90.483582,19.863625],[-90.483793,19.862931],[-90.4835,19.862829],[-90.483034,19.862677],[-90.48275,19.862587],[-90.482776,19.862519],[-90.481858,19.862301],[-90.480725,19.862089],[-90.480646,19.862086],[-90.480552,19.862465],[-90.480449,19.862872],[-90.479275,19.862604],[-90.477583,19.862258],[-90.47775,19.861855],[-90.477867,19.861489],[-90.477892,19.861473],[-90.477925,19.86145],[-90.477991,19.861428],[-90.478072,19.861402],[-90.478115,19.861387],[-90.47817,19.861348],[-90.477658,19.86121],[-90.476923,19.860989],[-90.477014,19.860707],[-90.47715,19.860404],[-90.477202,19.86025],[-90.473858,19.859507],[-90.474254,19.858657],[-90.474268,19.858627],[-90.47879,19.859614],[-90.478806,19.859617],[-90.479141,19.858783],[-90.479276,19.858425],[-90.474643,19.857356],[-90.474702,19.857139],[-90.47471,19.857108],[-90.474803,19.857126],[-90.47482,19.857129],[-90.474968,19.856692],[-90.475169,19.856243],[-90.475244,19.855987],[-90.47759,19.856528],[-90.477474,19.856782],[-90.477295,19.857251],[-90.477239,19.857423],[-90.479455,19.857943],[-90.47947,19.857946],[-90.480141,19.85623],[-90.478977,19.855954],[-90.477668,19.855652],[-90.477849,19.855168],[-90.477812,19.855095],[-90.477807,19.855086],[-90.477907,19.855031],[-90.478061,19.854947],[-90.478399,19.854793],[-90.478421,19.854783],[-90.478529,19.854452],[-90.478599,19.854244],[-90.478649,19.854095],[-90.47866,19.854064],[-90.480774,19.854501],[-90.480789,19.854504],[-90.480845,19.854369],[-90.480981,19.854039],[-90.481107,19.853734],[-90.48073,19.853625],[-90.476906,19.852705],[-90.477085,19.85252],[-90.477104,19.8525],[-90.477448,19.852181],[-90.477473,19.852158],[-90.477492,19.85212],[-90.476764,19.85195],[-90.476894,19.85156],[-90.476905,19.851529],[-90.477829,19.851748],[-90.478437,19.851898],[-90.479531,19.85217],[-90.479544,19.852174],[-90.479866,19.851433],[-90.479918,19.851314],[-90.480013,19.851094],[-90.480242,19.850567],[-90.480177,19.850528],[-90.47965,19.850213],[-90.479354,19.850087],[-90.47915,19.85003],[-90.478846,19.850041],[-90.478511,19.850167],[-90.478343,19.850287],[-90.478092,19.850431],[-90.477925,19.850476],[-90.477694,19.850477],[-90.477515,19.850423],[-90.477363,19.850351],[-90.475666,19.849525],[-90.475602,19.849498],[-90.47506,19.849264],[-90.475059,19.849264],[-90.474767,19.849235],[-90.474543,19.849212],[-90.474577,19.847978],[-90.47479,19.847561],[-90.475309,19.8473],[-90.47588,19.847007],[-90.477277,19.844908],[-90.47736,19.844771],[-90.4778,19.844051],[-90.477352,19.843815],[-90.476951,19.843587],[-90.476548,19.843364],[-90.476168,19.843174],[-90.476896,19.841983],[-90.477495,19.841054],[-90.477495,19.841053],[-90.477799,19.840553],[-90.477797,19.840552],[-90.477436,19.840338],[-90.477644,19.839989],[-90.47802,19.840188],[-90.47837,19.840386],[-90.478822,19.840615],[-90.478956,19.840405],[-90.477982,19.839846],[-90.476801,19.839149],[-90.477154,19.838874],[-90.477511,19.838603],[-90.477904,19.838324],[-90.478247,19.838085],[-90.478324,19.838052],[-90.478821,19.837674],[-90.479183,19.837398],[-90.479168,19.837378],[-90.479147,19.837337],[-90.479132,19.837292],[-90.479125,19.837246],[-90.479125,19.8372],[-90.479133,19.837154],[-90.479148,19.83711],[-90.47917,19.837068],[-90.479193,19.837037],[-90.479198,19.83703],[-90.479232,19.836997],[-90.478217,19.835798],[-90.477907,19.835425],[-90.477602,19.835059],[-90.477303,19.8347],[-90.476208,19.833263],[-90.476169,19.833269],[-90.476129,19.83327],[-90.47609,19.833263],[-90.476052,19.833251],[-90.476018,19.833232],[-90.475987,19.833208],[-90.475961,19.833179],[-90.475941,19.833147],[-90.475927,19.833112],[-90.47592,19.833075],[-90.47592,19.833037],[-90.475926,19.833],[-90.475462,19.83249],[-90.475832,19.830676],[-90.477416,19.831204],[-90.477588,19.831349],[-90.477886,19.831374],[-90.478535,19.83158],[-90.478987,19.831759],[-90.479518,19.832152],[-90.480057,19.832383],[-90.480303,19.832388],[-90.480517,19.832613],[-90.480526,19.832622],[-90.480533,19.832652],[-90.480551,19.832726],[-90.480975,19.832111],[-90.481418,19.83147],[-90.481456,19.831414],[-90.481219,19.831296],[-90.482167,19.829978],[-90.482189,19.829947],[-90.482421,19.830107],[-90.482425,19.83011],[-90.482426,19.830111],[-90.48338,19.828729],[-90.483841,19.828081],[-90.483863,19.82805],[-90.484221,19.828282],[-90.484278,19.828319],[-90.484279,19.828319],[-90.484655,19.828568],[-90.485081,19.82883],[-90.485477,19.829075],[-90.48591,19.829379],[-90.486297,19.829626],[-90.486684,19.829862],[-90.487113,19.830158],[-90.487477,19.830375],[-90.487483,19.830379],[-90.487533,19.830418],[-90.487816,19.83064],[-90.487957,19.830722],[-90.488046,19.830774],[-90.48822,19.830875],[-90.488621,19.831126],[-90.489038,19.831414],[-90.489451,19.831652],[-90.489852,19.831895],[-90.489856,19.831897],[-90.490458,19.831115],[-90.490049,19.830339],[-90.490127,19.830318],[-90.491815,19.829872],[-90.492477,19.831687],[-90.492445,19.831699],[-90.492288,19.831758],[-90.491259,19.832095],[-90.491271,19.832109],[-90.491309,19.832155],[-90.491808,19.832728],[-90.491776,19.83275],[-90.491643,19.832844],[-90.491645,19.83285],[-90.491687,19.833009],[-90.491735,19.833113],[-90.491802,19.833201],[-90.491874,19.833296],[-90.491938,19.833366],[-90.49201,19.833421],[-90.492118,19.833474],[-90.492241,19.833531],[-90.492347,19.833559],[-90.492467,19.833576],[-90.49255,19.833578],[-90.492596,19.833583],[-90.494041,19.833074],[-90.494042,19.833404],[-90.494042,19.833425],[-90.494211,19.833127],[-90.494566,19.83264],[-90.494984,19.832087],[-90.496061,19.830674],[-90.496074,19.830655],[-90.496085,19.830635],[-90.496089,19.830626],[-90.495465,19.830143],[-90.495272,19.830002],[-90.494996,19.8298],[-90.494915,19.82974],[-90.494658,19.829556],[-90.494641,19.829544],[-90.494486,19.829385],[-90.494407,19.829281],[-90.494163,19.828699],[-90.49393,19.827862],[-90.493358,19.825856],[-90.493314,19.825694],[-90.493101,19.82492],[-90.492834,19.823536],[-90.492351,19.821623],[-90.49231,19.821467],[-90.492188,19.820984],[-90.49168,19.818936],[-90.491618,19.818685],[-90.491584,19.818477],[-90.491582,19.818244],[-90.491619,19.817981],[-90.491683,19.817741],[-90.491803,19.817471],[-90.492269,19.816838],[-90.492363,19.816711],[-90.492448,19.816596],[-90.493382,19.815357],[-90.493468,19.815241],[-90.493532,19.815118],[-90.491201,19.815842],[-90.491147,19.815809],[-90.491103,19.815509],[-90.490982,19.814441],[-90.49095,19.814128],[-90.490212,19.807753],[-90.49021,19.807733],[-90.490383,19.807693],[-90.490416,19.807686],[-90.49038,19.807571],[-90.490064,19.806356],[-90.489782,19.806413],[-90.489394,19.80647],[-90.489196,19.806419],[-90.488952,19.806356],[-90.488531,19.806204],[-90.488086,19.806281],[-90.487879,19.805393],[-90.487542,19.804049],[-90.487203,19.804118],[-90.487052,19.803733],[-90.4867,19.802414],[-90.486628,19.802118],[-90.48678,19.801614],[-90.486849,19.801381],[-90.486715,19.801224],[-90.486927,19.800694],[-90.487113,19.800267],[-90.487304,19.799833],[-90.487406,19.799584],[-90.487494,19.799379],[-90.487678,19.79899],[-90.487819,19.798667],[-90.488032,19.797978],[-90.488272,19.797427],[-90.488569,19.79675],[-90.488772,19.796294],[-90.488931,19.795969],[-90.489132,19.795669],[-90.489281,19.795455],[-90.489424,19.795266],[-90.489726,19.79489],[-90.489739,19.794874],[-90.489956,19.794703],[-90.490189,19.794528],[-90.490308,19.794453],[-90.490415,19.794385],[-90.490663,19.794264],[-90.490749,19.79422],[-90.491133,19.794069],[-90.49151,19.793984],[-90.496847,19.792725],[-90.497897,19.792545],[-90.49841,19.792523],[-90.499182,19.792549],[-90.499928,19.792642],[-90.500909,19.792825],[-90.501411,19.79293],[-90.501464,19.792942],[-90.501486,19.792947],[-90.502372,19.793115],[-90.503086,19.793261],[-90.504127,19.793481],[-90.505403,19.793739],[-90.50654,19.79394],[-90.508575,19.79433],[-90.509905,19.794568],[-90.511555,19.794879],[-90.512821,19.795113],[-90.513296,19.795204],[-90.513673,19.795317],[-90.513969,19.795391],[-90.514431,19.795522],[-90.514902,19.795694],[-90.515081,19.795773],[-90.515698,19.795893],[-90.516385,19.796122],[-90.516454,19.796145],[-90.517283,19.796439],[-90.518246,19.796779],[-90.518299,19.796797],[-90.518928,19.797004],[-90.519664,19.797108],[-90.520548,19.797175],[-90.521416,19.79722],[-90.521467,19.797223],[-90.521475,19.797223],[-90.521591,19.797059],[-90.521638,19.796992],[-90.523223,19.794932],[-90.523604,19.794438],[-90.523566,19.794269],[-90.52303,19.794008],[-90.521677,19.79335],[-90.521666,19.793344],[-90.521653,19.793334],[-90.521643,19.793322],[-90.521634,19.793307],[-90.521612,19.793261],[-90.521607,19.793248],[-90.521606,19.793244],[-90.521595,19.793196],[-90.521593,19.793185],[-90.521593,19.793169],[-90.521595,19.793153],[-90.521607,19.793112],[-90.521608,19.793108],[-90.521633,19.793031],[-90.521637,19.793019],[-90.521646,19.793004],[-90.521715,19.792913],[-90.521766,19.792839],[-90.521791,19.792766],[-90.521789,19.79272],[-90.521764,19.792653],[-90.521733,19.792605],[-90.521731,19.792601],[-90.521693,19.792534],[-90.521637,19.792432],[-90.521606,19.792381],[-90.521601,19.792374],[-90.521599,19.79237],[-90.521578,19.79232],[-90.521555,19.79227],[-90.521543,19.792245],[-90.521524,19.792209],[-90.521517,19.792193],[-90.521516,19.792188],[-90.521509,19.792154],[-90.521507,19.792144],[-90.521507,19.792129],[-90.521507,19.792126],[-90.521515,19.792061],[-90.521518,19.792048],[-90.521521,19.792038],[-90.521549,19.791969],[-90.521568,19.791897],[-90.521569,19.791831],[-90.521549,19.791767],[-90.521546,19.79175],[-90.521546,19.791735],[-90.521549,19.791719],[-90.52155,19.791716],[-90.521556,19.791698],[-90.52156,19.791687],[-90.521568,19.791673],[-90.521572,19.791668],[-90.521578,19.791662],[-90.521599,19.791641],[-90.521612,19.79163],[-90.521623,19.791624],[-90.521691,19.79159],[-90.521695,19.791589],[-90.52171,19.791583],[-90.521727,19.79158],[-90.521735,19.79158],[-90.521856,19.791579],[-90.521978,19.791549],[-90.522482,19.791345],[-90.522498,19.791332],[-90.522519,19.791313],[-90.522607,19.791185],[-90.522713,19.791028],[-90.522715,19.791025],[-90.522726,19.791013],[-90.522731,19.791008],[-90.522819,19.790935],[-90.522827,19.790929],[-90.522837,19.790923],[-90.522947,19.790868],[-90.522951,19.790866],[-90.522966,19.790861],[-90.522969,19.79086],[-90.523137,19.790822],[-90.523271,19.790774],[-90.523434,19.790712],[-90.523548,19.79065],[-90.52355,19.790647],[-90.523553,19.790645],[-90.523565,19.790634],[-90.523577,19.79062],[-90.52358,19.790617],[-90.523593,19.790607],[-90.523597,19.790604],[-90.52364,19.790579],[-90.52365,19.790574],[-90.523665,19.790568],[-90.523674,19.790566],[-90.523961,19.790518],[-90.524019,19.79049],[-90.524052,19.79047],[-90.524086,19.790435],[-90.524113,19.790408],[-90.524167,19.790327],[-90.524216,19.790239],[-90.524222,19.79023],[-90.524224,19.790227],[-90.524269,19.790171],[-90.524278,19.790162],[-90.524295,19.790146],[-90.524322,19.79012],[-90.524332,19.790112],[-90.524388,19.790071],[-90.524417,19.790045],[-90.524439,19.790026],[-90.524497,19.789945],[-90.524499,19.789941],[-90.524577,19.789844],[-90.52461,19.789791],[-90.524614,19.789787],[-90.524625,19.789774],[-90.524637,19.789764],[-90.524641,19.789761],[-90.5247,19.789725],[-90.524711,19.78972],[-90.524726,19.789714],[-90.524733,19.789713],[-90.524797,19.789701],[-90.524807,19.789699],[-90.524824,19.789699],[-90.524896,19.789705],[-90.524913,19.789707],[-90.524928,19.789713],[-90.524938,19.789718],[-90.525032,19.789772],[-90.525037,19.789774],[-90.525043,19.789779],[-90.525198,19.7899],[-90.525205,19.789905],[-90.52521,19.78991],[-90.525372,19.790084],[-90.525412,19.790121],[-90.525452,19.790134],[-90.525461,19.790137],[-90.525558,19.79018],[-90.525616,19.790204],[-90.525626,19.790209],[-90.525728,19.790266],[-90.525734,19.790269],[-90.525747,19.790279],[-90.525757,19.790291],[-90.525766,19.790305],[-90.525771,19.790317],[-90.525792,19.790383],[-90.525795,19.790398],[-90.525806,19.79049],[-90.525821,19.790555],[-90.525852,19.790572],[-90.525983,19.790588],[-90.525994,19.79059],[-90.52601,19.790596],[-90.52602,19.790601],[-90.526102,19.790648],[-90.526212,19.790705],[-90.52622,19.79071],[-90.526417,19.790838],[-90.526436,19.790851],[-90.526555,19.79093],[-90.526587,19.790944],[-90.526612,19.790955],[-90.526682,19.790974],[-90.526768,19.790971],[-90.526819,19.790967],[-90.526825,19.790967],[-90.526852,19.790969],[-90.526867,19.790975],[-90.52688,19.790981],[-90.527043,19.791082],[-90.527246,19.79121],[-90.527259,19.79122],[-90.52727,19.791232],[-90.527278,19.791246],[-90.527284,19.791261],[-90.527287,19.791276],[-90.527287,19.791292],[-90.527286,19.7913],[-90.526963,19.79307],[-90.526706,19.794481],[-90.526662,19.794719],[-90.52668,19.795018],[-90.52674,19.795229],[-90.527028,19.796246],[-90.527031,19.796261],[-90.527031,19.796277],[-90.527028,19.796293],[-90.526823,19.797041],[-90.526724,19.797404],[-90.526686,19.797546],[-90.527503,19.797558],[-90.52751,19.797558],[-90.527516,19.797558],[-90.527623,19.797565],[-90.528831,19.797634],[-90.530126,19.797728],[-90.530527,19.797744],[-90.532024,19.797791],[-90.533095,19.797854],[-90.533302,19.797861],[-90.534555,19.797909],[-90.535749,19.797956],[-90.53647,19.797984],[-90.53695,19.798002],[-90.539311,19.79812],[-90.542449,19.798273],[-90.544119,19.798353],[-90.545156,19.798393],[-90.546107,19.798325],[-90.546728,19.798281],[-90.546804,19.798276],[-90.548245,19.798111],[-90.548708,19.798058],[-90.548713,19.79809],[-90.548725,19.798173],[-90.548065,19.79837],[-90.547835,19.798432],[-90.547502,19.798529],[-90.547419,19.798542],[-90.547132,19.79859],[-90.547071,19.798614],[-90.54656,19.798819],[-90.546308,19.799109],[-90.546125,19.799485],[-90.545995,19.799733],[-90.545846,19.79996],[-90.545583,19.800191],[-90.545222,19.800609],[-90.545101,19.800788],[-90.544589,19.801123],[-90.544398,19.801248],[-90.544127,19.801425],[-90.54385,19.801823],[-90.543717,19.802012],[-90.543566,19.802184],[-90.543358,19.802501],[-90.543226,19.802828],[-90.543222,19.802836],[-90.543281,19.803219],[-90.543364,19.803686],[-90.543364,19.8037],[-90.543363,19.803768],[-90.54334,19.803847],[-90.543212,19.804164],[-90.543207,19.804574],[-90.543268,19.804681],[-90.543381,19.804819],[-90.54342,19.804865],[-90.543457,19.804909],[-90.543529,19.805003],[-90.543606,19.805136],[-90.543659,19.805287],[-90.543731,19.805471],[-90.543822,19.805708],[-90.543855,19.805818],[-90.543856,19.805821],[-90.543856,19.805823],[-90.54386,19.805835],[-90.54386,19.805941],[-90.54386,19.805948],[-90.54386,19.805964],[-90.54386,19.80603],[-90.543791,19.806228],[-90.543739,19.80665],[-90.543732,19.806915],[-90.54377,19.807102],[-90.543782,19.807162],[-90.543815,19.80727],[-90.543874,19.807402],[-90.543914,19.807401],[-90.544022,19.807398],[-90.544775,19.807378],[-90.54485,19.807376],[-90.547357,19.808075],[-90.547602,19.808143],[-90.547757,19.808186],[-90.548067,19.808273],[-90.548077,19.808276],[-90.548327,19.808406],[-90.550202,19.808405],[-90.550244,19.808056],[-90.550433,19.807755],[-90.550578,19.807643],[-90.550829,19.807527],[-90.55099,19.807523],[-90.551269,19.807573],[-90.551497,19.807665],[-90.552214,19.807398],[-90.552244,19.807262],[-90.552374,19.806675],[-90.551298,19.806959],[-90.551129,19.806434],[-90.552163,19.806148],[-90.552351,19.806618],[-90.55282,19.806523],[-90.552842,19.806519],[-90.553595,19.806268],[-90.554705,19.80597],[-90.554846,19.806692],[-90.554828,19.80727],[-90.554891,19.807445],[-90.554438,19.808474],[-90.554437,19.808476],[-90.555374,19.808796],[-90.555455,19.808824],[-90.555288,19.809235],[-90.553696,19.813154],[-90.553413,19.813778],[-90.553404,19.813797],[-90.553417,19.813804],[-90.553434,19.813855],[-90.553734,19.814091],[-90.554174,19.814298],[-90.55445,19.814378],[-90.554742,19.814469],[-90.554757,19.814474],[-90.554773,19.814478],[-90.554888,19.814507],[-90.555025,19.814029],[-90.555163,19.813609],[-90.55528,19.81319],[-90.555939,19.813364],[-90.555968,19.813279],[-90.556351,19.813387],[-90.556391,19.813399],[-90.556046,19.814774],[-90.556431,19.814852],[-90.557213,19.815021],[-90.556749,19.815906],[-90.5568,19.815917],[-90.556439,19.816841],[-90.556102,19.817577],[-90.556217,19.817674],[-90.556211,19.817697],[-90.5556,19.820124],[-90.555781,19.820229],[-90.555931,19.82037],[-90.556016,19.820485],[-90.556222,19.820782],[-90.556349,19.821079],[-90.556448,19.821197],[-90.556626,19.821268],[-90.556878,19.821281],[-90.557077,19.821235],[-90.557442,19.821145],[-90.557741,19.821116],[-90.558383,19.821046],[-90.55839,19.821045],[-90.558178,19.821611],[-90.558169,19.821635],[-90.558818,19.821948],[-90.559404,19.822194],[-90.559885,19.821345],[-90.56006,19.821036],[-90.560151,19.820851],[-90.560382,19.820383],[-90.56052,19.820104],[-90.560545,19.820102],[-90.560637,19.819154],[-90.560641,19.819116],[-90.561493,19.81967],[-90.561813,19.819637],[-90.56202,19.819452],[-90.562383,19.819616],[-90.562674,19.81979],[-90.563194,19.819678],[-90.56348,19.819732],[-90.563624,19.819822],[-90.563767,19.819941],[-90.563772,19.820201],[-90.564565,19.819632],[-90.564705,19.819666],[-90.565589,19.819094],[-90.566271,19.820311],[-90.566963,19.822828],[-90.567317,19.822746],[-90.567637,19.823608],[-90.567302,19.823774],[-90.56775,19.824762],[-90.567893,19.824624],[-90.568019,19.824533],[-90.568202,19.824434],[-90.568526,19.824299],[-90.568567,19.824282],[-90.568798,19.824197],[-90.568802,19.824196],[-90.568988,19.823993],[-90.569066,19.82392],[-90.569094,19.823893],[-90.569145,19.823841],[-90.569171,19.823814],[-90.569225,19.82378],[-90.569259,19.823758],[-90.569292,19.823737],[-90.569326,19.823716],[-90.569336,19.82371],[-90.569382,19.82369],[-90.569423,19.823669],[-90.569465,19.82365],[-90.569516,19.823638],[-90.56956,19.823629],[-90.569605,19.823622],[-90.56965,19.823617],[-90.569695,19.823615],[-90.569728,19.823616],[-90.569782,19.823621],[-90.569836,19.823628],[-90.569889,19.823637],[-90.569941,19.823649],[-90.569993,19.823664],[-90.570044,19.823682],[-90.570094,19.823702],[-90.570231,19.823709],[-90.570382,19.823699],[-90.570514,19.82366],[-90.570673,19.823575],[-90.570994,19.823398],[-90.571409,19.823182],[-90.572145,19.822777],[-90.57237,19.822652],[-90.572414,19.822633],[-90.572419,19.82264],[-90.572461,19.822614],[-90.572889,19.822361],[-90.573745,19.82195],[-90.574562,19.821548],[-90.574649,19.821507],[-90.575046,19.821311],[-90.575315,19.821179],[-90.575796,19.820917],[-90.575878,19.820872],[-90.575898,19.82086],[-90.57596,19.820823],[-90.57631,19.820613],[-90.576459,19.820521],[-90.576568,19.820452],[-90.576599,19.820428],[-90.576644,19.820393],[-90.576665,19.820374],[-90.576685,19.820355],[-90.576728,19.820302],[-90.576769,19.820254],[-90.576808,19.820203],[-90.576843,19.820149],[-90.576873,19.820092],[-90.576906,19.820024],[-90.576947,19.819959],[-90.576988,19.819905],[-90.57704,19.819846],[-90.57707,19.819818],[-90.577098,19.819791],[-90.577138,19.819764],[-90.577145,19.819757],[-90.577156,19.819748],[-90.577166,19.81974],[-90.577177,19.819732],[-90.577189,19.819725],[-90.577201,19.819719],[-90.577213,19.819713],[-90.577225,19.819707],[-90.577238,19.819703],[-90.577251,19.819698],[-90.577264,19.819695],[-90.577278,19.819692],[-90.577291,19.81969],[-90.577305,19.819689],[-90.577319,19.819688],[-90.577332,19.819688],[-90.577346,19.819689],[-90.57736,19.81969],[-90.577373,19.819692],[-90.577387,19.819695],[-90.5774,19.819698],[-90.577413,19.819702],[-90.577426,19.819706],[-90.577438,19.819712],[-90.577451,19.819717],[-90.577462,19.819724],[-90.577509,19.819753],[-90.577552,19.819785],[-90.577577,19.819809],[-90.577606,19.81985],[-90.577616,19.819867],[-90.577626,19.819883],[-90.577637,19.819899],[-90.577649,19.819915],[-90.577662,19.81993],[-90.577675,19.819944],[-90.57769,19.819957],[-90.577705,19.81997],[-90.577721,19.819982],[-90.577737,19.819993],[-90.577754,19.820003],[-90.577766,19.820011],[-90.577792,19.82002],[-90.577811,19.820027],[-90.577838,19.820037],[-90.577876,19.820048],[-90.577905,19.820054],[-90.577918,19.820104],[-90.577941,19.8201],[-90.577953,19.820097],[-90.577966,19.820093],[-90.578036,19.820067],[-90.578067,19.82005],[-90.578073,19.820046],[-90.578272,19.819909],[-90.578531,19.819731],[-90.578578,19.819699],[-90.578657,19.819641],[-90.578757,19.819571],[-90.57927,19.819224],[-90.580299,19.818548],[-90.580386,19.818492],[-90.580418,19.81847],[-90.581586,19.817715],[-90.582127,19.817366],[-90.582123,19.817362],[-90.582119,19.817357],[-90.582116,19.817353],[-90.582113,19.817348],[-90.582111,19.817343],[-90.582108,19.817338],[-90.582106,19.817333],[-90.582104,19.817328],[-90.582103,19.817323],[-90.582101,19.817317],[-90.5821,19.817312],[-90.5821,19.817307],[-90.582099,19.817301],[-90.582099,19.817296],[-90.5821,19.81729],[-90.5821,19.817285],[-90.582101,19.817279],[-90.582102,19.817274],[-90.582104,19.817269],[-90.582105,19.817264],[-90.582107,19.817259],[-90.58211,19.817253],[-90.582112,19.817249],[-90.582115,19.817244],[-90.582118,19.817239],[-90.582121,19.817235],[-90.582125,19.81723],[-90.582129,19.817226],[-90.582133,19.817222],[-90.582137,19.817219],[-90.582141,19.817215],[-90.582112,19.817182],[-90.582088,19.817155],[-90.58065,19.81554],[-90.580515,19.815387],[-90.580351,19.815196],[-90.580265,19.815058],[-90.580189,19.814926],[-90.580163,19.814882],[-90.580134,19.814835],[-90.580058,19.814666],[-90.579929,19.814257],[-90.579295,19.814474],[-90.577504,19.815079],[-90.577357,19.814832],[-90.577081,19.815085],[-90.576965,19.815282],[-90.577298,19.81568],[-90.577745,19.815947],[-90.577924,19.815972],[-90.578256,19.815677],[-90.578752,19.815799],[-90.578655,19.815919],[-90.578082,19.81623],[-90.578076,19.816489],[-90.577543,19.816393],[-90.577366,19.816091],[-90.57693,19.815932],[-90.57549,19.815004],[-90.575799,19.814593],[-90.575669,19.814036],[-90.575652,19.813865],[-90.575683,19.813796],[-90.575713,19.813607],[-90.575355,19.813533],[-90.575457,19.813342],[-90.575572,19.81323],[-90.575726,19.813103],[-90.575935,19.812948],[-90.57607,19.81288],[-90.576419,19.812705],[-90.5766,19.812639],[-90.576727,19.812593],[-90.576936,19.812566],[-90.577812,19.812615],[-90.57874,19.812685],[-90.578825,19.812686],[-90.578946,19.812689],[-90.578949,19.812675],[-90.578954,19.812661],[-90.578961,19.812649],[-90.578971,19.812638],[-90.578983,19.812628],[-90.578996,19.812621],[-90.57901,19.812616],[-90.579025,19.812614],[-90.57904,19.812614],[-90.579055,19.812616],[-90.579069,19.812621],[-90.579082,19.812628],[-90.579094,19.812637],[-90.579104,19.812648],[-90.579111,19.81266],[-90.579117,19.812674],[-90.579119,19.812688],[-90.579119,19.812702],[-90.579117,19.812713],[-90.579315,19.812724],[-90.57954,19.813015],[-90.579637,19.81323],[-90.579787,19.813385],[-90.579892,19.813471],[-90.580008,19.813566],[-90.580106,19.813627],[-90.580184,19.813685],[-90.580234,19.813707],[-90.58032,19.813746],[-90.580503,19.813789],[-90.580892,19.813842],[-90.581264,19.813875],[-90.581658,19.813914],[-90.581674,19.813916],[-90.581769,19.813941],[-90.58193,19.814024],[-90.581985,19.814064],[-90.58205,19.814126],[-90.582239,19.814319],[-90.582366,19.814502],[-90.582401,19.814566],[-90.582467,19.814714],[-90.582539,19.814886],[-90.582598,19.814994],[-90.582703,19.815185],[-90.582831,19.815321],[-90.582922,19.815413],[-90.582958,19.815449],[-90.583063,19.815529],[-90.583395,19.815735],[-90.584483,19.816419],[-90.584531,19.816441],[-90.584627,19.816487],[-90.584714,19.816528],[-90.584818,19.816544],[-90.584848,19.816548],[-90.584873,19.816547],[-90.584898,19.816549],[-90.584924,19.81655],[-90.585016,19.816543],[-90.585053,19.816534],[-90.585081,19.816527],[-90.585086,19.816525],[-90.585101,19.816519],[-90.585124,19.81651],[-90.585147,19.816499],[-90.585168,19.816488],[-90.585192,19.816475],[-90.585213,19.816459],[-90.585223,19.816454],[-90.585538,19.816182],[-90.585549,19.816173],[-90.585605,19.81611],[-90.585631,19.816082],[-90.585909,19.81635],[-90.585136,19.816883],[-90.585407,19.817206],[-90.585465,19.817165],[-90.585486,19.81719],[-90.585552,19.817143],[-90.585577,19.817171],[-90.585609,19.817149],[-90.585777,19.81735],[-90.58579,19.817343],[-90.58583,19.817332],[-90.586017,19.81756],[-90.586023,19.817569],[-90.586041,19.81759],[-90.586423,19.818058],[-90.586486,19.818135],[-90.586527,19.818184],[-90.586502,19.818201],[-90.586484,19.818213],[-90.586464,19.818226],[-90.586458,19.818218],[-90.586015,19.81767],[-90.585998,19.817687],[-90.585986,19.817697],[-90.585973,19.817683],[-90.585945,19.817653],[-90.585912,19.817619],[-90.585901,19.817607],[-90.585815,19.817654],[-90.585642,19.817465],[-90.585639,19.817466],[-90.585566,19.817478],[-90.585554,19.81748],[-90.585541,19.817482],[-90.585477,19.817466],[-90.585341,19.817486],[-90.585189,19.817593],[-90.58486,19.817773],[-90.584681,19.817852],[-90.584561,19.817808],[-90.584561,19.817808],[-90.584521,19.817849],[-90.584542,19.817888],[-90.584549,19.8179],[-90.584549,19.817901],[-90.584516,19.817925],[-90.584337,19.818059],[-90.584337,19.818059],[-90.584318,19.818082],[-90.584308,19.818097],[-90.584324,19.818123],[-90.584324,19.818123],[-90.584276,19.818166],[-90.584289,19.818216],[-90.584295,19.81824],[-90.584294,19.81824],[-90.584272,19.818256],[-90.584125,19.818358],[-90.584125,19.818358],[-90.584147,19.818406],[-90.584149,19.81841],[-90.584149,19.81841],[-90.584119,19.818435],[-90.58411,19.818443],[-90.584119,19.818495],[-90.584119,19.818495],[-90.583986,19.818603],[-90.58391,19.818636],[-90.583815,19.818656],[-90.583673,19.818725],[-90.583579,19.818735],[-90.583469,19.818746],[-90.583386,19.818773],[-90.583312,19.818797],[-90.58324,19.818811],[-90.583145,19.818856],[-90.583145,19.818856],[-90.583125,19.818874],[-90.583125,19.818874],[-90.583083,19.818914],[-90.583083,19.818914],[-90.58304,19.818937],[-90.582954,19.818981],[-90.582903,19.819057],[-90.5829,19.819062],[-90.582899,19.819062],[-90.582897,19.819064],[-90.582897,19.819065],[-90.582866,19.819088],[-90.582773,19.819157],[-90.582711,19.819202],[-90.58268,19.819225],[-90.582676,19.819227],[-90.582675,19.819227],[-90.582633,19.819213],[-90.582596,19.819264],[-90.582596,19.819264],[-90.582596,19.819264],[-90.582485,19.819413],[-90.582485,19.819413],[-90.582442,19.819444],[-90.582417,19.819462],[-90.582399,19.819467],[-90.582245,19.819512],[-90.582138,19.819576],[-90.582114,19.81959],[-90.582065,19.819587],[-90.582025,19.819584],[-90.581954,19.819579],[-90.581823,19.819596],[-90.581651,19.819607],[-90.581473,19.819674],[-90.581471,19.819675],[-90.581303,19.819812],[-90.581189,19.819871],[-90.581189,19.819871],[-90.581,19.819984],[-90.58086,19.820032],[-90.580503,19.820207],[-90.580361,19.820296],[-90.580272,19.820354],[-90.580226,19.820363],[-90.580113,19.820434],[-90.579796,19.820577],[-90.579744,19.820604],[-90.579716,19.820623],[-90.579683,19.820636],[-90.579018,19.820983],[-90.579008,19.820983],[-90.578919,19.821037],[-90.578919,19.821037],[-90.57887,19.821093],[-90.57887,19.821093],[-90.578771,19.821157],[-90.578572,19.821288],[-90.578534,19.821313],[-90.578557,19.821361],[-90.578567,19.821382],[-90.578588,19.821426],[-90.578613,19.821479],[-90.578579,19.821496],[-90.577691,19.821964],[-90.577449,19.822121],[-90.577368,19.822129],[-90.577368,19.822129],[-90.577355,19.822176],[-90.577363,19.822198],[-90.577369,19.822218],[-90.577351,19.822227],[-90.576529,19.822629],[-90.576454,19.822522],[-90.576286,19.822624],[-90.576287,19.822627],[-90.576312,19.822673],[-90.576425,19.822878],[-90.576431,19.822889],[-90.576394,19.822908],[-90.576169,19.823029],[-90.575551,19.823351],[-90.575506,19.823374],[-90.575497,19.823358],[-90.575437,19.823258],[-90.575427,19.823263],[-90.57541,19.82327],[-90.575192,19.823372],[-90.575098,19.823418],[-90.575128,19.823469],[-90.575159,19.823522],[-90.575121,19.823542],[-90.574918,19.823654],[-90.574913,19.823635],[-90.574857,19.823662],[-90.574822,19.823595],[-90.574748,19.823627],[-90.574669,19.823495],[-90.574643,19.823462],[-90.574501,19.823465],[-90.574391,19.823507],[-90.574393,19.823512],[-90.574415,19.823564],[-90.574424,19.823588],[-90.574394,19.823605],[-90.574304,19.823656],[-90.574228,19.823606],[-90.573975,19.82371],[-90.573297,19.823977],[-90.573322,19.824033],[-90.573336,19.824063],[-90.573319,19.824115],[-90.573304,19.824159],[-90.572773,19.824426],[-90.572788,19.824484],[-90.5728,19.82453],[-90.572776,19.824543],[-90.572619,19.824628],[-90.5726,19.824637],[-90.572538,19.824666],[-90.572527,19.824671],[-90.57248,19.824602],[-90.572417,19.824605],[-90.572048,19.824817],[-90.572026,19.824874],[-90.571973,19.824914],[-90.57163,19.825118],[-90.571629,19.82512],[-90.571629,19.82512],[-90.571577,19.82518],[-90.571521,19.825244],[-90.571522,19.825246],[-90.571543,19.825278],[-90.571754,19.825595],[-90.571796,19.825659],[-90.571783,19.825723],[-90.571763,19.82582],[-90.571765,19.825823],[-90.571767,19.825826],[-90.572415,19.826903],[-90.572426,19.826922],[-90.572429,19.826927],[-90.57247,19.826893],[-90.572566,19.826831],[-90.572576,19.826834],[-90.572579,19.826834],[-90.572592,19.826838],[-90.572611,19.826854],[-90.572617,19.826877],[-90.57261,19.826901],[-90.57261,19.826902],[-90.572594,19.826916],[-90.572547,19.826958],[-90.572547,19.826958],[-90.572487,19.827012],[-90.572488,19.827018],[-90.572488,19.827055],[-90.572482,19.827079],[-90.57248,19.827085],[-90.572479,19.827086],[-90.572454,19.827113],[-90.572454,19.827113],[-90.572411,19.827125],[-90.572377,19.82712],[-90.572344,19.827094],[-90.572309,19.827044],[-90.572283,19.826992],[-90.572259,19.826907],[-90.572251,19.826877],[-90.572179,19.826726],[-90.571977,19.82639],[-90.571757,19.826058],[-90.57168,19.825893],[-90.571653,19.825848],[-90.571648,19.82584],[-90.571648,19.825812],[-90.571648,19.825761],[-90.571687,19.825676],[-90.571696,19.825656],[-90.57171,19.825627],[-90.57152,19.825339],[-90.571474,19.825289],[-90.571419,19.82523],[-90.57141,19.825219],[-90.571372,19.825242],[-90.571238,19.825321],[-90.571267,19.825368],[-90.57138,19.825552],[-90.571359,19.825592],[-90.571354,19.825594],[-90.57112,19.82571],[-90.571101,19.825722],[-90.571101,19.825722],[-90.571087,19.825763],[-90.571087,19.825763],[-90.570922,19.825824],[-90.570894,19.825787],[-90.570791,19.825853],[-90.570791,19.825854],[-90.570792,19.825862],[-90.570792,19.825885],[-90.570804,19.825909],[-90.570805,19.825911],[-90.570783,19.825945],[-90.570781,19.825948],[-90.570791,19.825987],[-90.570808,19.826049],[-90.571475,19.827199],[-90.571619,19.827122],[-90.571671,19.827094],[-90.571673,19.827097],[-90.57169,19.827123],[-90.571709,19.827155],[-90.57167,19.827176],[-90.571535,19.827251],[-90.571565,19.827299],[-90.571615,19.827377],[-90.571586,19.827388],[-90.571572,19.827394],[-90.571552,19.827402],[-90.571493,19.827309],[-90.571467,19.827268],[-90.571441,19.827228],[-90.570703,19.826068],[-90.570648,19.82603],[-90.570611,19.825995],[-90.570603,19.825988],[-90.57058,19.825969],[-90.570541,19.825937],[-90.570536,19.825933],[-90.570441,19.825905],[-90.570275,19.825903],[-90.570157,19.825933],[-90.570046,19.82598],[-90.570042,19.825981],[-90.570051,19.825998],[-90.57007,19.826035],[-90.570077,19.826047],[-90.570051,19.826063],[-90.570042,19.826069],[-90.569501,19.826409],[-90.5695,19.826407],[-90.569453,19.826337],[-90.569411,19.826369],[-90.569387,19.826388],[-90.569385,19.82639],[-90.569387,19.826393],[-90.569393,19.826402],[-90.569415,19.826429],[-90.569428,19.826446],[-90.569391,19.82646],[-90.569385,19.826452],[-90.569357,19.826415],[-90.569355,19.826411],[-90.56935,19.826404],[-90.569324,19.826417],[-90.569316,19.826421],[-90.569148,19.826504],[-90.569128,19.826518],[-90.569124,19.826521],[-90.569065,19.826562],[-90.569061,19.826564],[-90.569057,19.826567],[-90.56906,19.826572],[-90.569062,19.826575],[-90.569075,19.8266],[-90.569052,19.82662],[-90.569049,19.826622],[-90.569018,19.826649],[-90.569015,19.826651],[-90.569018,19.826656],[-90.56902,19.826659],[-90.569041,19.826691],[-90.56909,19.826768],[-90.569117,19.826809],[-90.569091,19.826836],[-90.569091,19.826836],[-90.569083,19.826841],[-90.569071,19.82685],[-90.569009,19.826761],[-90.569005,19.826756],[-90.568945,19.826665],[-90.568849,19.826726],[-90.568716,19.826809],[-90.568597,19.826856],[-90.568549,19.826875],[-90.568333,19.827005],[-90.568278,19.827055],[-90.568232,19.827097],[-90.568223,19.827106],[-90.568161,19.827162],[-90.56816,19.827163],[-90.568094,19.827203],[-90.568088,19.827207],[-90.567949,19.827291],[-90.567862,19.827344],[-90.567752,19.827411],[-90.56775,19.827412],[-90.567649,19.827473],[-90.567585,19.82751],[-90.567403,19.827614],[-90.567395,19.827619],[-90.567399,19.827625],[-90.567427,19.827665],[-90.567442,19.827686],[-90.567466,19.82772],[-90.567434,19.827733],[-90.567394,19.827683],[-90.567391,19.82768],[-90.56739,19.827678],[-90.567323,19.827709],[-90.567284,19.827738],[-90.567235,19.827775],[-90.567171,19.827839],[-90.567149,19.827861],[-90.567145,19.827863],[-90.56706,19.827899],[-90.566797,19.828034],[-90.566682,19.828094],[-90.566651,19.82811],[-90.56661,19.828131],[-90.566603,19.828134],[-90.566586,19.828143],[-90.566413,19.828223],[-90.56642,19.828239],[-90.566421,19.828241],[-90.566426,19.828252],[-90.566389,19.828275],[-90.566388,19.828276],[-90.566288,19.828335],[-90.566235,19.82826],[-90.566209,19.828277],[-90.566166,19.828303],[-90.566102,19.828342],[-90.566117,19.828364],[-90.566092,19.828379],[-90.56609,19.828381],[-90.566062,19.828398],[-90.566036,19.828364],[-90.566022,19.828371],[-90.566018,19.828374],[-90.565983,19.828394],[-90.565869,19.828461],[-90.565869,19.828461],[-90.565889,19.828494],[-90.565859,19.828509],[-90.565855,19.828511],[-90.565833,19.828523],[-90.565801,19.82849],[-90.565752,19.828523],[-90.565536,19.828669],[-90.56545,19.828802],[-90.565427,19.828825],[-90.565446,19.828864],[-90.565456,19.828883],[-90.565443,19.828901],[-90.565439,19.828906],[-90.565427,19.828914],[-90.56541,19.828926],[-90.56541,19.828926],[-90.565438,19.828964],[-90.565446,19.828974],[-90.565404,19.828999],[-90.565377,19.829015],[-90.565331,19.828953],[-90.565307,19.828963],[-90.565274,19.828909],[-90.565269,19.8289],[-90.56518,19.82894],[-90.565154,19.828899],[-90.565057,19.828953],[-90.565041,19.828963],[-90.565048,19.828975],[-90.56505,19.82898],[-90.565056,19.828989],[-90.565069,19.829012],[-90.565084,19.829038],[-90.565071,19.829047],[-90.565048,19.829062],[-90.565014,19.829084],[-90.565037,19.829119],[-90.564986,19.82914],[-90.564985,19.829139],[-90.564904,19.829012],[-90.564728,19.829115],[-90.564726,19.829116],[-90.564728,19.82912],[-90.564739,19.829137],[-90.564746,19.82915],[-90.564755,19.829164],[-90.564756,19.829167],[-90.564731,19.829189],[-90.564728,19.829192],[-90.564723,19.829196],[-90.564719,19.8292],[-90.564714,19.829204],[-90.56472,19.829216],[-90.56473,19.829236],[-90.564735,19.829247],[-90.564737,19.829251],[-90.564744,19.829267],[-90.564737,19.829297],[-90.564733,19.829314],[-90.564729,19.829316],[-90.564726,19.829317],[-90.564701,19.829329],[-90.564676,19.829331],[-90.564653,19.82932],[-90.564605,19.829231],[-90.564573,19.829195],[-90.564503,19.829232],[-90.564397,19.82927],[-90.564392,19.829271],[-90.564401,19.829292],[-90.564403,19.829297],[-90.564403,19.829298],[-90.564412,19.829317],[-90.564392,19.82933],[-90.564385,19.829335],[-90.564199,19.829459],[-90.563839,19.829655],[-90.563622,19.829771],[-90.56362,19.829772],[-90.563626,19.829788],[-90.563628,19.829793],[-90.563593,19.829813],[-90.563512,19.82986],[-90.563408,19.829923],[-90.563339,19.829965],[-90.563032,19.830196],[-90.562978,19.830238],[-90.562856,19.830305],[-90.562818,19.830325],[-90.562847,19.830368],[-90.56285,19.830373],[-90.562878,19.830415],[-90.562839,19.83044],[-90.562836,19.830442],[-90.562815,19.830414],[-90.562699,19.830484],[-90.562682,19.830494],[-90.562663,19.830505],[-90.562694,19.830551],[-90.562743,19.830627],[-90.562716,19.83064],[-90.562696,19.830638],[-90.56257,19.830625],[-90.562474,19.830645],[-90.562374,19.830698],[-90.562327,19.830708],[-90.562278,19.830742],[-90.562145,19.830551],[-90.562163,19.830597],[-90.562115,19.830611],[-90.562074,19.830577],[-90.562039,19.830569],[-90.561996,19.830567],[-90.561907,19.8306],[-90.561644,19.830719],[-90.561557,19.830765],[-90.561524,19.830782],[-90.561554,19.830831],[-90.561577,19.830869],[-90.561609,19.830922],[-90.561569,19.83094],[-90.561554,19.830947],[-90.561176,19.831118],[-90.561144,19.83104],[-90.560809,19.83124],[-90.560794,19.831248],[-90.560805,19.831269],[-90.560808,19.831276],[-90.56081,19.83128],[-90.560819,19.831298],[-90.560819,19.831299],[-90.560805,19.831308],[-90.5608,19.831311],[-90.560786,19.83132],[-90.560413,19.831554],[-90.560368,19.831583],[-90.560391,19.831624],[-90.560367,19.831639],[-90.560348,19.83164],[-90.56033,19.831635],[-90.560318,19.831626],[-90.560302,19.831604],[-90.560115,19.831319],[-90.560095,19.831316],[-90.560023,19.831354],[-90.559967,19.83139],[-90.559953,19.831409],[-90.559942,19.831431],[-90.559929,19.831454],[-90.559929,19.831455],[-90.559921,19.831482],[-90.559922,19.831521],[-90.559922,19.831532],[-90.559927,19.831564],[-90.559937,19.831586],[-90.559963,19.831631],[-90.559976,19.831662],[-90.559984,19.83168],[-90.559988,19.831698],[-90.559985,19.831713],[-90.559976,19.831727],[-90.559968,19.831733],[-90.55996,19.831739],[-90.559936,19.831746],[-90.559917,19.831742],[-90.559905,19.831733],[-90.559882,19.83171],[-90.559865,19.831687],[-90.559816,19.831717],[-90.559824,19.831733],[-90.559824,19.83174],[-90.55982,19.831747],[-90.559813,19.83175],[-90.559806,19.83175],[-90.559802,19.831747],[-90.559794,19.831731],[-90.5597,19.831788],[-90.559649,19.831719],[-90.559466,19.831837],[-90.559436,19.831856],[-90.559468,19.831899],[-90.559522,19.831971],[-90.559565,19.832029],[-90.559521,19.832053],[-90.559272,19.832187],[-90.559268,19.832179],[-90.559201,19.832057],[-90.559172,19.832084],[-90.559156,19.8321],[-90.559121,19.832135],[-90.559101,19.832154],[-90.559176,19.832258],[-90.559293,19.832352],[-90.559368,19.832382],[-90.55945,19.832476],[-90.559465,19.832573],[-90.559454,19.832684],[-90.559425,19.832825],[-90.559361,19.832892],[-90.559162,19.833002],[-90.558841,19.83318],[-90.558677,19.833267],[-90.558413,19.833418],[-90.558213,19.833526],[-90.557921,19.833636],[-90.557821,19.833666],[-90.55775,19.83365],[-90.557497,19.833422],[-90.55744,19.833391],[-90.557383,19.833398],[-90.557318,19.833432],[-90.557293,19.833485],[-90.557322,19.833562],[-90.557368,19.833666],[-90.557386,19.833743],[-90.557347,19.833817],[-90.557169,19.833894],[-90.556969,19.833975],[-90.556604,19.834087],[-90.556593,19.83409],[-90.556545,19.834105],[-90.556541,19.834106],[-90.556542,19.834107],[-90.556561,19.834122],[-90.556595,19.834148],[-90.556794,19.834307],[-90.556862,19.834297],[-90.556926,19.834347],[-90.556944,19.834401],[-90.556951,19.834491],[-90.557087,19.834629],[-90.557283,19.834753],[-90.557343,19.834766],[-90.557397,19.83482],[-90.557365,19.834867],[-90.557361,19.834874],[-90.557293,19.834894],[-90.557243,19.834857],[-90.556837,19.834511],[-90.556784,19.834535],[-90.556684,19.834518],[-90.556591,19.834448],[-90.556566,19.83431],[-90.556468,19.834214],[-90.556466,19.834213],[-90.556385,19.834166],[-90.556256,19.834092],[-90.556167,19.834069],[-90.556078,19.834045],[-90.55601,19.834062],[-90.555857,19.834173],[-90.555557,19.834377],[-90.555336,19.834515],[-90.555236,19.834569],[-90.55514,19.834599],[-90.555076,19.834602],[-90.554997,19.834619],[-90.554912,19.834676],[-90.55483,19.834743],[-90.554808,19.834833],[-90.554784,19.834931],[-90.554744,19.835004],[-90.554669,19.835085],[-90.554602,19.835122],[-90.554516,19.835159],[-90.554459,19.835176],[-90.554363,19.835186],[-90.554259,19.835202],[-90.554145,19.835222],[-90.553956,19.835296],[-90.553792,19.835383],[-90.553578,19.835541],[-90.553429,19.835702],[-90.553268,19.835913],[-90.553172,19.836007],[-90.553058,19.836135],[-90.55289,19.836286],[-90.552701,19.836413],[-90.552523,19.836507],[-90.552388,19.836577],[-90.552259,19.836631],[-90.552088,19.836705],[-90.551981,19.836775],[-90.551871,19.836862],[-90.551834,19.836896],[-90.551707,19.83701],[-90.551532,19.837401],[-90.5514,19.837622],[-90.551306,19.837756],[-90.551263,19.837819],[-90.551262,19.837819],[-90.551002,19.837976],[-90.550843,19.838032],[-90.550581,19.838137],[-90.550452,19.838171],[-90.550441,19.838174],[-90.550353,19.838232],[-90.550259,19.838289],[-90.550183,19.838351],[-90.550139,19.838383],[-90.550057,19.838434],[-90.549978,19.838483],[-90.549755,19.83864],[-90.549741,19.838651],[-90.549741,19.838651],[-90.549743,19.838674],[-90.549754,19.838705],[-90.549768,19.838744],[-90.549768,19.838745],[-90.549772,19.838769],[-90.549773,19.838791],[-90.549771,19.838809],[-90.549763,19.838836],[-90.549762,19.83884],[-90.549697,19.83895],[-90.549666,19.839003],[-90.549691,19.839014],[-90.549748,19.839038],[-90.549736,19.839072],[-90.550156,19.839237],[-90.550459,19.838965],[-90.550459,19.838965],[-90.550479,19.83899],[-90.550512,19.839032],[-90.550512,19.839032],[-90.550475,19.839067],[-90.550199,19.839327],[-90.550198,19.839327],[-90.550176,19.839348],[-90.549614,19.839118],[-90.549594,19.83911],[-90.549474,19.839074],[-90.549409,19.839061],[-90.549359,19.839056],[-90.549312,19.839055],[-90.549266,19.839059],[-90.54923,19.839064],[-90.549191,19.839073],[-90.549151,19.83909],[-90.549078,19.839148],[-90.549078,19.839148],[-90.54901,19.839211],[-90.548937,19.839268],[-90.548857,19.839323],[-90.548785,19.839377],[-90.548717,19.839435],[-90.548682,19.839458],[-90.548682,19.839458],[-90.548648,19.839496],[-90.548622,19.83953],[-90.5486,19.839581],[-90.548577,19.839657],[-90.548545,19.839764],[-90.548525,19.839836],[-90.54848,19.839912],[-90.548425,19.839992],[-90.548361,19.840067],[-90.548302,19.840135],[-90.548302,19.840135],[-90.548242,19.840181],[-90.548154,19.840237],[-90.548071,19.840276],[-90.547983,19.840309],[-90.547884,19.840334],[-90.547804,19.840357],[-90.547795,19.84036],[-90.547756,19.840369],[-90.547692,19.840384],[-90.54769,19.840385],[-90.547644,19.840415],[-90.547613,19.840435],[-90.547542,19.840487],[-90.547469,19.840548],[-90.547469,19.840548],[-90.547398,19.840611],[-90.547339,19.840682],[-90.547274,19.840752],[-90.547252,19.840776],[-90.547252,19.840777],[-90.547252,19.840777],[-90.547237,19.840791],[-90.547236,19.840791],[-90.547144,19.840878],[-90.547144,19.840878],[-90.547075,19.840941],[-90.547001,19.840998],[-90.546929,19.841057],[-90.546929,19.841057],[-90.546861,19.841118],[-90.54686,19.841118],[-90.546791,19.841184],[-90.546729,19.841249],[-90.546729,19.84125],[-90.546662,19.841316],[-90.546602,19.841385],[-90.546544,19.841462],[-90.546494,19.841538],[-90.546449,19.841617],[-90.546406,19.841713],[-90.546372,19.841812],[-90.54634,19.841912],[-90.546294,19.842005],[-90.546228,19.842085],[-90.546228,19.842085],[-90.546162,19.842152],[-90.546092,19.842212],[-90.546006,19.842262],[-90.545919,19.842299],[-90.545831,19.842328],[-90.545742,19.842363],[-90.545657,19.8424],[-90.545572,19.84244],[-90.545488,19.842487],[-90.545411,19.842529],[-90.545333,19.842584],[-90.545262,19.842642],[-90.545261,19.842642],[-90.544982,19.842886],[-90.544982,19.842886],[-90.544848,19.843017],[-90.544723,19.843154],[-90.544654,19.843225],[-90.544654,19.843225],[-90.544654,19.843225],[-90.544517,19.84335],[-90.544517,19.84335],[-90.54431,19.843529],[-90.544309,19.843529],[-90.544309,19.843529],[-90.544242,19.843593],[-90.544242,19.843594],[-90.544221,19.843612],[-90.544221,19.843613],[-90.544179,19.843652],[-90.544179,19.843652],[-90.544143,19.843688],[-90.544102,19.843732],[-90.544061,19.843774],[-90.544025,19.843815],[-90.544025,19.843815],[-90.544025,19.843815],[-90.544007,19.843831],[-90.544006,19.843831],[-90.543983,19.843852],[-90.543947,19.843894],[-90.543915,19.843955],[-90.543899,19.844012],[-90.54389,19.844065],[-90.543871,19.844125],[-90.543854,19.844175],[-90.543829,19.844231],[-90.543801,19.844281],[-90.543775,19.844336],[-90.543742,19.844378],[-90.543705,19.84442],[-90.543677,19.844453],[-90.543676,19.844453],[-90.543662,19.844468],[-90.543662,19.844468],[-90.543634,19.844497],[-90.543586,19.844531],[-90.543535,19.844556],[-90.543482,19.844579],[-90.543423,19.844601],[-90.543375,19.844613],[-90.543353,19.844617],[-90.543299,19.844626],[-90.54324,19.844638],[-90.543185,19.844654],[-90.543136,19.844677],[-90.543085,19.844706],[-90.543043,19.844737],[-90.542998,19.844774],[-90.542998,19.844774],[-90.542954,19.844815],[-90.542908,19.844852],[-90.542907,19.844853],[-90.542865,19.844892],[-90.542865,19.844892],[-90.542821,19.844933],[-90.542776,19.84498],[-90.542776,19.84498],[-90.542732,19.845022],[-90.54269,19.845066],[-90.542647,19.845111],[-90.542603,19.845159],[-90.54256,19.845204],[-90.542559,19.845205],[-90.542516,19.845248],[-90.542515,19.845248],[-90.542467,19.845291],[-90.542467,19.845291],[-90.542421,19.845335],[-90.54242,19.845335],[-90.542373,19.845377],[-90.542324,19.845417],[-90.542324,19.845417],[-90.542254,19.845478],[-90.542254,19.845478],[-90.542233,19.845498],[-90.542186,19.845535],[-90.54214,19.845575],[-90.54214,19.845575],[-90.542156,19.845601],[-90.542137,19.845639],[-90.542133,19.845648],[-90.542122,19.84567],[-90.542103,19.845699],[-90.542094,19.84575],[-90.542092,19.845782],[-90.542084,19.845902],[-90.542075,19.84601],[-90.542071,19.846022],[-90.542051,19.846081],[-90.542037,19.846164],[-90.542001,19.846262],[-90.541973,19.846334],[-90.541925,19.846408],[-90.541887,19.84647],[-90.541842,19.846526],[-90.541804,19.84658],[-90.541756,19.846645],[-90.541687,19.846714],[-90.541628,19.846761],[-90.541578,19.846812],[-90.541523,19.846857],[-90.541473,19.846893],[-90.541405,19.846929],[-90.541343,19.846951],[-90.54125,19.846982],[-90.541205,19.846998],[-90.541143,19.847018],[-90.541069,19.847034],[-90.541,19.847058],[-90.540901,19.847083],[-90.540817,19.847099],[-90.540753,19.847107],[-90.540694,19.84713],[-90.540634,19.847143],[-90.540566,19.847163],[-90.540525,19.847181],[-90.540485,19.847195],[-90.540442,19.847215],[-90.540431,19.847223],[-90.540409,19.847239],[-90.540382,19.847266],[-90.540361,19.847287],[-90.540361,19.847287],[-90.540315,19.84733],[-90.540216,19.847412],[-90.540165,19.847456],[-90.540164,19.847456],[-90.540115,19.8475],[-90.540115,19.8475],[-90.540066,19.847543],[-90.540014,19.847556],[-90.539922,19.847626],[-90.539885,19.847676],[-90.539853,19.847733],[-90.539811,19.847799],[-90.539764,19.847863],[-90.539723,19.847919],[-90.539648,19.848018],[-90.539666,19.848052],[-90.53967,19.848058],[-90.539683,19.848082],[-90.53971,19.848142],[-90.539741,19.848199],[-90.539765,19.848225],[-90.539791,19.848239],[-90.539816,19.84824],[-90.539838,19.848243],[-90.539866,19.848255],[-90.5399,19.848277],[-90.539922,19.848305],[-90.539943,19.848337],[-90.539951,19.848371],[-90.539949,19.848407],[-90.53994,19.848433],[-90.539938,19.848441],[-90.539915,19.848479],[-90.539892,19.848502],[-90.539856,19.84852],[-90.539813,19.84853],[-90.539777,19.84853],[-90.53974,19.848524],[-90.539695,19.848494],[-90.539672,19.848462],[-90.539651,19.848431],[-90.539644,19.848405],[-90.539642,19.848398],[-90.539642,19.848367],[-90.539653,19.848335],[-90.53966,19.848319],[-90.539667,19.848302],[-90.539675,19.848261],[-90.539665,19.848243],[-90.539612,19.848123],[-90.539612,19.848124],[-90.539589,19.848105],[-90.539514,19.848205],[-90.539467,19.848253],[-90.53942,19.848301],[-90.539392,19.848329],[-90.539369,19.848359],[-90.539334,19.848391],[-90.5393,19.848416],[-90.539262,19.848454],[-90.539234,19.848476],[-90.539187,19.848518],[-90.539134,19.848558],[-90.539078,19.848604],[-90.539059,19.848659],[-90.539031,19.848703],[-90.539001,19.848737],[-90.538976,19.848757],[-90.538909,19.848827],[-90.538882,19.848847],[-90.53885,19.848888],[-90.538842,19.848895],[-90.538801,19.848936],[-90.538757,19.848979],[-90.538705,19.849013],[-90.538651,19.849044],[-90.538599,19.849073],[-90.538546,19.849099],[-90.538495,19.849125],[-90.538443,19.849153],[-90.53839,19.849184],[-90.538335,19.849217],[-90.538215,19.849284],[-90.538053,19.84941],[-90.538053,19.84941],[-90.537982,19.849488],[-90.537937,19.849549],[-90.537875,19.84962],[-90.537875,19.849621],[-90.537423,19.850052],[-90.537423,19.850052],[-90.537379,19.850093],[-90.537379,19.850093],[-90.537328,19.850138],[-90.537271,19.850206],[-90.537237,19.850257],[-90.537194,19.850352],[-90.537087,19.850657],[-90.537059,19.850708],[-90.537059,19.850708],[-90.537059,19.850708],[-90.537021,19.850742],[-90.536954,19.850769],[-90.536898,19.850798],[-90.536844,19.850829],[-90.536788,19.850861],[-90.536732,19.850893],[-90.536677,19.850924],[-90.536625,19.850956],[-90.536569,19.85099],[-90.53651,19.851023],[-90.536461,19.851054],[-90.536404,19.85109],[-90.536352,19.851122],[-90.536303,19.851152],[-90.536246,19.851189],[-90.536201,19.851219],[-90.536152,19.851253],[-90.536097,19.851299],[-90.536041,19.851342],[-90.536041,19.851343],[-90.536041,19.851343],[-90.535996,19.851387],[-90.535996,19.851388],[-90.535947,19.851436],[-90.535894,19.851493],[-90.535804,19.851596],[-90.535804,19.851596],[-90.535754,19.851643],[-90.535754,19.851643],[-90.535706,19.85169],[-90.535706,19.851691],[-90.535657,19.851737],[-90.535657,19.851737],[-90.535607,19.851783],[-90.535607,19.851783],[-90.535558,19.851829],[-90.535558,19.85183],[-90.535509,19.851875],[-90.535509,19.851875],[-90.535458,19.85192],[-90.535458,19.85192],[-90.535406,19.851966],[-90.535405,19.851966],[-90.535354,19.852011],[-90.535354,19.852011],[-90.535298,19.852063],[-90.535248,19.852105],[-90.535182,19.852158],[-90.535032,19.852283],[-90.535031,19.852283],[-90.535031,19.852283],[-90.534912,19.852399],[-90.534775,19.852547],[-90.534717,19.852616],[-90.534653,19.852694],[-90.534647,19.852712],[-90.534637,19.852743],[-90.534644,19.852764],[-90.534648,19.852776],[-90.534671,19.852819],[-90.534691,19.852871],[-90.534692,19.852875],[-90.534698,19.852932],[-90.534686,19.852976],[-90.534684,19.852983],[-90.534665,19.853034],[-90.534652,19.853052],[-90.534651,19.853052],[-90.534651,19.853052],[-90.534605,19.853095],[-90.534585,19.853111],[-90.534568,19.853122],[-90.534562,19.853126],[-90.534518,19.853142],[-90.534504,19.853146],[-90.534497,19.853147],[-90.534489,19.853148],[-90.534431,19.85315],[-90.534364,19.853139],[-90.534302,19.853109],[-90.534288,19.853107],[-90.534287,19.853107],[-90.534266,19.853109],[-90.534155,19.853203],[-90.534126,19.853222],[-90.533933,19.8534],[-90.533662,19.853586],[-90.533412,19.853786],[-90.533019,19.854021],[-90.532638,19.85425],[-90.532063,19.854514],[-90.531725,19.854669],[-90.531406,19.854785],[-90.531247,19.85486],[-90.530994,19.854978],[-90.530728,19.855068],[-90.530532,19.855117],[-90.530475,19.855136],[-90.530395,19.855157],[-90.530269,19.855211],[-90.530167,19.855242],[-90.530025,19.855285],[-90.529818,19.855362],[-90.529601,19.855443],[-90.529462,19.855495],[-90.529445,19.855505],[-90.529315,19.855543],[-90.528957,19.855696],[-90.528567,19.855829],[-90.528297,19.855893],[-90.527954,19.856058],[-90.527773,19.856136],[-90.527655,19.8562],[-90.527611,19.856233],[-90.527499,19.856301],[-90.527374,19.856366],[-90.527299,19.856429],[-90.527241,19.856467],[-90.527181,19.856468],[-90.527181,19.856468],[-90.527158,19.856481],[-90.527117,19.856486],[-90.527074,19.85648],[-90.527023,19.85647],[-90.526921,19.856432],[-90.526848,19.856411],[-90.526847,19.856411],[-90.526656,19.8564],[-90.526551,19.856389],[-90.526474,19.856393],[-90.526404,19.856426],[-90.526219,19.85649],[-90.526015,19.856547],[-90.525701,19.856656],[-90.525595,19.856693],[-90.525395,19.856739],[-90.525394,19.856739],[-90.525216,19.856779],[-90.524823,19.856933],[-90.52482,19.856934],[-90.523974,19.857264],[-90.523645,19.857421],[-90.52331,19.857582],[-90.52301,19.857757],[-90.522814,19.857885],[-90.522585,19.85801],[-90.522389,19.858146],[-90.522146,19.858267],[-90.522046,19.858349],[-90.521957,19.858499],[-90.522,19.858482],[-90.522116,19.858436],[-90.522985,19.859247],[-90.523822,19.858489],[-90.524688,19.859321],[-90.52573,19.860321],[-90.525688,19.860359],[-90.524716,19.861245],[-90.524748,19.861277],[-90.527996,19.864419],[-90.530201,19.862305],[-90.530201,19.862305],[-90.530201,19.862304],[-90.530201,19.862304],[-90.530268,19.86225],[-90.530308,19.862254],[-90.530307,19.862254],[-90.530343,19.862257],[-90.530439,19.862302],[-90.531164,19.863037],[-90.531165,19.863038],[-90.531166,19.863039],[-90.531166,19.863039],[-90.53129,19.863165],[-90.53129,19.863165],[-90.531245,19.863198],[-90.531221,19.863216],[-90.531167,19.863261],[-90.530722,19.862807],[-90.530674,19.862851],[-90.530673,19.862851],[-90.5287,19.864613],[-90.528659,19.86465],[-90.528691,19.864682],[-90.528965,19.864956],[-90.5294,19.865392],[-90.529432,19.865424],[-90.531418,19.863594],[-90.531418,19.863594],[-90.531418,19.863594],[-90.531784,19.863214],[-90.531785,19.863214],[-90.531832,19.863267],[-90.531832,19.863267],[-90.53187,19.86331],[-90.53187,19.863311],[-90.531833,19.863348],[-90.53151,19.863673],[-90.531509,19.863674],[-90.529142,19.865849],[-90.522643,19.859476],[-90.522582,19.859491],[-90.522524,19.859484],[-90.522461,19.859476],[-90.522448,19.859464],[-90.522413,19.859434],[-90.522178,19.859234],[-90.521598,19.858741],[-90.521545,19.858705],[-90.521488,19.858688],[-90.521425,19.858688],[-90.521359,19.858703],[-90.521181,19.85877],[-90.521181,19.85877],[-90.521102,19.858816],[-90.521037,19.858854],[-90.521037,19.858854],[-90.520886,19.858947],[-90.520884,19.858948],[-90.520029,19.859467],[-90.51968,19.859678],[-90.519225,19.859949],[-90.518849,19.860184],[-90.518849,19.860185],[-90.518813,19.860235],[-90.518669,19.860425],[-90.518517,19.860595],[-90.518419,19.860696],[-90.518419,19.860696],[-90.518241,19.86085],[-90.518013,19.861005],[-90.517992,19.86102],[-90.517992,19.86102],[-90.51802,19.861064],[-90.518134,19.861245],[-90.518159,19.861234],[-90.518374,19.861137],[-90.518584,19.86106],[-90.518686,19.861031],[-90.518777,19.861019],[-90.518805,19.861031],[-90.518814,19.861039],[-90.518824,19.861047],[-90.518831,19.86106],[-90.518836,19.861067],[-90.51884,19.86109],[-90.518837,19.86112],[-90.518827,19.861136],[-90.51882,19.861146],[-90.51882,19.861146],[-90.518792,19.861169],[-90.518753,19.861181],[-90.518637,19.861197],[-90.518417,19.861257],[-90.518215,19.861351],[-90.518175,19.861375],[-90.518107,19.861413],[-90.518093,19.861421],[-90.518085,19.861426],[-90.517967,19.861518],[-90.517967,19.861518],[-90.517754,19.861705],[-90.517754,19.861705],[-90.517616,19.86184],[-90.517585,19.861853],[-90.517583,19.861852],[-90.51756,19.861844],[-90.517537,19.861824],[-90.517534,19.861816],[-90.517526,19.861794],[-90.517537,19.861756],[-90.517549,19.861736],[-90.517551,19.861731],[-90.517767,19.861517],[-90.517767,19.861517],[-90.517767,19.861517],[-90.51791,19.861398],[-90.517983,19.861337],[-90.518021,19.861306],[-90.518021,19.861306],[-90.518,19.861278],[-90.5179,19.861143],[-90.5179,19.861143],[-90.51783,19.86119],[-90.517586,19.861294],[-90.517271,19.861416],[-90.517087,19.861479],[-90.516941,19.861538],[-90.516789,19.861628],[-90.516602,19.861729],[-90.516513,19.861785],[-90.516465,19.861836],[-90.516346,19.861886],[-90.516328,19.861928],[-90.516293,19.861934],[-90.516192,19.862005],[-90.516108,19.86205],[-90.51611,19.862107],[-90.516028,19.862101],[-90.515912,19.862157],[-90.515852,19.862225],[-90.515778,19.862246],[-90.515609,19.862321],[-90.51538,19.86246],[-90.515335,19.862517],[-90.515201,19.862556],[-90.515067,19.862621],[-90.514945,19.862707],[-90.514672,19.862862],[-90.514389,19.863073],[-90.514145,19.863249],[-90.514044,19.863308],[-90.513891,19.863403],[-90.513753,19.863529],[-90.513548,19.863675],[-90.513319,19.863773],[-90.513126,19.863851],[-90.513013,19.86388],[-90.512915,19.863964],[-90.512897,19.86405],[-90.51287,19.86409],[-90.51284,19.864136],[-90.5124,19.864428],[-90.511889,19.864749],[-90.51154,19.864993],[-90.51116,19.865213],[-90.510958,19.865344],[-90.510904,19.86539],[-90.5108,19.865407],[-90.510797,19.865406],[-90.510796,19.865406],[-90.510795,19.865406],[-90.510724,19.865405],[-90.510671,19.865387],[-90.510615,19.865353],[-90.510615,19.865353],[-90.510586,19.865359],[-90.510532,19.865418],[-90.510473,19.865424],[-90.510437,19.865391],[-90.51044,19.865376],[-90.51044,19.865375],[-90.510439,19.865375],[-90.510415,19.865365],[-90.510375,19.865315],[-90.510342,19.865274],[-90.510327,19.865254],[-90.509096,19.865877],[-90.508765,19.866012],[-90.507868,19.866378],[-90.506835,19.8668],[-90.505985,19.867171],[-90.505306,19.867442],[-90.504766,19.867655],[-90.50391,19.868016],[-90.503246,19.868307],[-90.502351,19.868684],[-90.500771,19.869358],[-90.500036,19.86968],[-90.499683,19.869848],[-90.499284,19.870091],[-90.49803,19.870907],[-90.496838,19.871689],[-90.496053,19.872223],[-90.496039,19.872241],[-90.495898,19.87243],[-90.495873,19.872455],[-90.495871,19.872457],[-90.495644,19.872678],[-90.495617,19.872704],[-90.495345,19.872968],[-90.494675,19.873344],[-90.494266,19.873497],[-90.493865,19.873647],[-90.493634,19.87373],[-90.493407,19.873872],[-90.492833,19.874251],[-90.492641,19.874382],[-90.492103,19.874724],[-90.491846,19.874872],[-90.491737,19.874928],[-90.491385,19.875089],[-90.491072,19.875216],[-90.490647,19.875361],[-90.489794,19.875621],[-90.489061,19.875855],[-90.488718,19.876006],[-90.488391,19.876167],[-90.488203,19.876271],[-90.488023,19.876372],[-90.487967,19.876272],[-90.487962,19.876263],[-90.488274,19.876086],[-90.488412,19.875934],[-90.488541,19.875812],[-90.488773,19.875606],[-90.488934,19.875465],[-90.489727,19.874768],[-90.491148,19.873533],[-90.487624,19.868209],[-90.487892,19.867939],[-90.488093,19.867717],[-90.488094,19.867716],[-90.488094,19.867715],[-90.485851,19.866726],[-90.485851,19.866723],[-90.485853,19.866711],[-90.485858,19.866683],[-90.486012,19.8658],[-90.486018,19.865761],[-90.486016,19.86576],[-90.485973,19.865746],[-90.485667,19.865617],[-90.485235,19.865434]]]]}},{"type":"Feature","properties":{"CVEGEO":"040020077","NOM_MUN":"Campeche","NOMGEO":"Chiná","POB1":6295.0,"POB8":1696.0,"POB12":4161.0,"POB24":437.0,"POB42":3219.0,"POB84":3076.0,"POB125_R":95.6,"POB126_R":51.3,"POB127_R":40.8,"POB128_R":10.5,"POB129_R":28.0,"OID":7,"denominacion_oficial":"C04_Loc_urb","modulo_asignado":"Mapa Base","instrumento_vigencia":"","fecha_actualizacion":"2026-07-29","fuente_custodio":"SCINCE_2020","responsable_institucional":"INEGI,2020","proyeccion_original":"EPSG:6372","proyeccion_actual":"EPSG:4326","cobertura_territorial":"Estatal","restricciones_uso":"Público"},"geometry":{"type":"MultiPolygon","coordinates":[[[[-90.499384,19.784337],[-90.499137,19.783331],[-90.499049,19.783345],[-90.496642,19.783718],[-90.496293,19.781463],[-90.495645,19.781574],[-90.49563,19.781503],[-90.494978,19.781587],[-90.494614,19.779977],[-90.494739,19.779923],[-90.494891,19.779866],[-90.495252,19.779779],[-90.495373,19.77977],[-90.495474,19.77976],[-90.49561,19.779732],[-90.495741,19.779684],[-90.495931,19.77958],[-90.49619,19.7794],[-90.496339,19.779325],[-90.496632,19.779277],[-90.496691,19.778782],[-90.496328,19.778403],[-90.496667,19.778219],[-90.496582,19.778045],[-90.495665,19.777348],[-90.495517,19.776712],[-90.495338,19.776676],[-90.495025,19.776614],[-90.494949,19.776152],[-90.494977,19.775639],[-90.494982,19.775545],[-90.494951,19.775563],[-90.49426,19.775955],[-90.49415,19.775943],[-90.493986,19.775881],[-90.493775,19.775759],[-90.493565,19.775642],[-90.493334,19.775474],[-90.493158,19.775059],[-90.492949,19.774613],[-90.492665,19.774832],[-90.491916,19.774723],[-90.491097,19.774578],[-90.491087,19.774576],[-90.491085,19.774576],[-90.491154,19.773964],[-90.491158,19.773931],[-90.491245,19.773163],[-90.491257,19.773052],[-90.490618,19.77286],[-90.490492,19.772828],[-90.490965,19.771997],[-90.491145,19.771615],[-90.490937,19.771528],[-90.490872,19.771419],[-90.490827,19.771361],[-90.490734,19.771289],[-90.490725,19.771233],[-90.490773,19.771198],[-90.490858,19.77116],[-90.4909,19.771147],[-90.490781,19.770838],[-90.490101,19.769697],[-90.489269,19.768305],[-90.488567,19.767097],[-90.487325,19.764983],[-90.486053,19.762824],[-90.485903,19.762629],[-90.485757,19.762209],[-90.485754,19.762129],[-90.485781,19.762062],[-90.485861,19.762015],[-90.485939,19.761997],[-90.486027,19.761992],[-90.486078,19.761973],[-90.486157,19.761893],[-90.486208,19.761781],[-90.486271,19.761699],[-90.486355,19.761616],[-90.486446,19.761562],[-90.486524,19.761525],[-90.486715,19.761462],[-90.487699,19.761721],[-90.488571,19.761917],[-90.488794,19.760178],[-90.488722,19.758046],[-90.489179,19.758034],[-90.490623,19.757984],[-90.493188,19.757893],[-90.493233,19.757924],[-90.492812,19.755156],[-90.495855,19.755736],[-90.497665,19.756122],[-90.497577,19.756356],[-90.497555,19.756414],[-90.497209,19.757148],[-90.496815,19.75783],[-90.496779,19.757892],[-90.496783,19.757959],[-90.496698,19.759193],[-90.496764,19.759194],[-90.496764,19.759194],[-90.497907,19.759218],[-90.498548,19.759236],[-90.499236,19.759268],[-90.499474,19.759283],[-90.499779,19.759301],[-90.500382,19.759335],[-90.500665,19.759346],[-90.500809,19.759351],[-90.500843,19.75937],[-90.50097,19.759453],[-90.501034,19.759494],[-90.501101,19.759531],[-90.50117,19.759566],[-90.501241,19.759596],[-90.501314,19.759624],[-90.501387,19.759647],[-90.501462,19.759667],[-90.501538,19.759683],[-90.501615,19.759696],[-90.501692,19.759704],[-90.50177,19.759709],[-90.501848,19.75971],[-90.501926,19.759707],[-90.502003,19.7597],[-90.50208,19.75969],[-90.502157,19.759675],[-90.502232,19.759657],[-90.502308,19.759637],[-90.50238,19.75961],[-90.502451,19.75958],[-90.502521,19.759548],[-90.502625,19.759509],[-90.503,19.75968],[-90.502807,19.758747],[-90.504252,19.758441],[-90.504375,19.758847],[-90.505487,19.758519],[-90.505313,19.758256],[-90.505624,19.757881],[-90.506509,19.757373],[-90.506467,19.757811],[-90.506468,19.758093],[-90.506455,19.758274],[-90.50643,19.758362],[-90.506367,19.758457],[-90.505947,19.758879],[-90.505632,19.759216],[-90.505903,19.759517],[-90.505994,19.759846],[-90.506068,19.760045],[-90.50493,19.760391],[-90.505486,19.761453],[-90.505729,19.761723],[-90.505712,19.763008],[-90.505672,19.76657],[-90.505671,19.766608],[-90.505279,19.767661],[-90.505863,19.769002],[-90.506172,19.769563],[-90.504915,19.77042],[-90.504139,19.770736],[-90.503642,19.7709],[-90.50353,19.771902],[-90.502631,19.773549],[-90.503036,19.774615],[-90.502366,19.775628],[-90.502197,19.775514],[-90.501974,19.776337],[-90.500856,19.777773],[-90.500606,19.778686],[-90.500064,19.77926],[-90.501416,19.780728],[-90.503251,19.782765],[-90.503976,19.783557],[-90.507524,19.787575],[-90.500548,19.788747],[-90.499384,19.784337]]]]}},{"type":"Feature","properties":{"CVEGEO":"040020087","NOM_MUN":"Campeche","NOMGEO":"Lerma","POB1":8971.0,"POB8":1941.0,"POB12":6073.0,"POB24":954.0,"POB42":4587.0,"POB84":4384.0,"POB125_R":95.6,"POB126_R":47.7,"POB127_R":32.0,"POB128_R":15.7,"POB129_R":34.0,"OID":8,"denominacion_oficial":"C04_Loc_urb","modulo_asignado":"Mapa Base","instrumento_vigencia":"","fecha_actualizacion":"2026-07-29","fuente_custodio":"SCINCE_2020","responsable_institucional":"INEGI,2020","proyeccion_original":"EPSG:6372","proyeccion_actual":"EPSG:4326","cobertura_territorial":"Estatal","restricciones_uso":"Público"},"geometry":{"type":"MultiPolygon","coordinates":[[[[-90.585777,19.81735],[-90.585609,19.817149],[-90.585577,19.817171],[-90.585552,19.817143],[-90.585486,19.81719],[-90.585465,19.817165],[-90.585407,19.817206],[-90.585136,19.816883],[-90.585909,19.81635],[-90.585631,19.816082],[-90.585532,19.815986],[-90.585643,19.815866],[-90.585177,19.815188],[-90.584369,19.81423],[-90.58502,19.813761],[-90.585043,19.813622],[-90.584996,19.813615],[-90.58494,19.813592],[-90.584902,19.813551],[-90.58489,19.813505],[-90.584898,19.813455],[-90.584913,19.81341],[-90.584949,19.813332],[-90.584992,19.813276],[-90.585035,19.81324],[-90.58512,19.81321],[-90.585382,19.813207],[-90.585605,19.813227],[-90.585684,19.813221],[-90.585724,19.81321],[-90.585762,19.813178],[-90.585834,19.813114],[-90.586199,19.812731],[-90.586269,19.812669],[-90.586366,19.812627],[-90.586585,19.812546],[-90.586703,19.812504],[-90.586827,19.812461],[-90.586863,19.812449],[-90.586933,19.81243],[-90.587015,19.812408],[-90.587094,19.812393],[-90.58718,19.812376],[-90.587342,19.81201],[-90.586726,19.811098],[-90.587295,19.810712],[-90.587405,19.810082],[-90.587471,19.809709],[-90.587556,19.809524],[-90.587703,19.809277],[-90.588723,19.808636],[-90.590239,19.807817],[-90.590301,19.807781],[-90.59115,19.807282],[-90.591865,19.806853],[-90.592714,19.806337],[-90.593053,19.80609],[-90.593288,19.80598],[-90.593469,19.805851],[-90.595722,19.797923],[-90.595748,19.79785],[-90.595769,19.797776],[-90.595051,19.797638],[-90.594994,19.79651],[-90.596527,19.796149],[-90.596852,19.796073],[-90.597684,19.795247],[-90.59816,19.794984],[-90.598712,19.794664],[-90.599199,19.79399],[-90.59901,19.793738],[-90.598827,19.79348],[-90.598061,19.793379],[-90.598458,19.792908],[-90.599456,19.791676],[-90.600162,19.790848],[-90.600989,19.789984],[-90.601005,19.789977],[-90.602992,19.789114],[-90.604577,19.788415],[-90.604692,19.788436],[-90.604614,19.788382],[-90.604436,19.787461],[-90.604402,19.787192],[-90.604396,19.787079],[-90.604395,19.786948],[-90.604411,19.786891],[-90.604443,19.786842],[-90.604503,19.786812],[-90.604579,19.786783],[-90.604656,19.786761],[-90.604745,19.786747],[-90.60491,19.786748],[-90.605077,19.786761],[-90.605138,19.786766],[-90.605208,19.786757],[-90.605315,19.786701],[-90.605396,19.786627],[-90.605461,19.786524],[-90.605485,19.786466],[-90.605504,19.786406],[-90.605634,19.785761],[-90.605662,19.78567],[-90.605695,19.785586],[-90.605739,19.785531],[-90.605851,19.785434],[-90.605916,19.785392],[-90.606417,19.7852],[-90.60941,19.78466],[-90.609463,19.784648],[-90.609522,19.784641],[-90.609597,19.784654],[-90.609644,19.78468],[-90.60968,19.784711],[-90.609721,19.784767],[-90.609752,19.784892],[-90.609825,19.785234],[-90.610477,19.786449],[-90.612023,19.789347],[-90.612863,19.790976],[-90.613436,19.790832],[-90.613845,19.790726],[-90.61444,19.790621],[-90.616158,19.790484],[-90.615828,19.790146],[-90.615243,19.789502],[-90.615,19.788748],[-90.614199,19.788156],[-90.614276,19.787158],[-90.614802,19.786801],[-90.615552,19.786228],[-90.615837,19.785659],[-90.616127,19.784822],[-90.616507,19.783565],[-90.616692,19.783274],[-90.616884,19.783333],[-90.617115,19.783368],[-90.617162,19.783266],[-90.617377,19.783092],[-90.617489,19.783033],[-90.617587,19.78301],[-90.617694,19.783005],[-90.617778,19.783023],[-90.617892,19.783092],[-90.617997,19.783122],[-90.618099,19.783121],[-90.618186,19.783101],[-90.618268,19.783067],[-90.618369,19.782983],[-90.618551,19.782756],[-90.61867,19.782847],[-90.618848,19.782947],[-90.619061,19.783019],[-90.619208,19.783039],[-90.619355,19.783052],[-90.619656,19.783028],[-90.619938,19.783003],[-90.62019,19.782971],[-90.620344,19.78292],[-90.620502,19.782826],[-90.620773,19.782534],[-90.620932,19.78243],[-90.621179,19.782389],[-90.621354,19.782428],[-90.62154,19.782543],[-90.62166,19.782718],[-90.621716,19.782831],[-90.621834,19.783003],[-90.622016,19.783166],[-90.622152,19.783241],[-90.622268,19.783344],[-90.622363,19.783507],[-90.622551,19.78404],[-90.62296,19.783636],[-90.623785,19.782828],[-90.624376,19.782235],[-90.624491,19.782121],[-90.624637,19.781858],[-90.624682,19.781614],[-90.624646,19.781141],[-90.624697,19.780951],[-90.624741,19.780856],[-90.624839,19.780731],[-90.624982,19.780635],[-90.625119,19.780571],[-90.625249,19.780478],[-90.625338,19.780381],[-90.625425,19.780192],[-90.625476,19.779997],[-90.625518,19.779744],[-90.625584,19.779616],[-90.625746,19.779402],[-90.625718,19.77938],[-90.625694,19.779353],[-90.625675,19.779323],[-90.625662,19.779291],[-90.625656,19.779256],[-90.625655,19.779222],[-90.625661,19.779187],[-90.625674,19.779155],[-90.625692,19.779124],[-90.625715,19.779097],[-90.625743,19.779075],[-90.625744,19.779074],[-90.625775,19.779057],[-90.625809,19.779045],[-90.625845,19.779039],[-90.625882,19.779039],[-90.625918,19.779044],[-90.625953,19.779056],[-90.625984,19.779073],[-90.625985,19.779073],[-90.625995,19.779081],[-90.626013,19.779095],[-90.626037,19.779122],[-90.626056,19.779152],[-90.626069,19.779184],[-90.626069,19.779189],[-90.626075,19.779218],[-90.626075,19.779253],[-90.626069,19.779287],[-90.626057,19.77932],[-90.626039,19.77935],[-90.626016,19.779377],[-90.625988,19.7794],[-90.625956,19.779417],[-90.625922,19.77943],[-90.62579,19.779943],[-90.625775,19.780163],[-90.625841,19.780432],[-90.626038,19.780654],[-90.626206,19.780839],[-90.626273,19.780912],[-90.626457,19.781119],[-90.626607,19.781233],[-90.626818,19.7813],[-90.626874,19.781309],[-90.626986,19.781327],[-90.627971,19.78143],[-90.628306,19.781567],[-90.628532,19.781876],[-90.628958,19.782067],[-90.629407,19.78213],[-90.62964,19.782216],[-90.629769,19.782496],[-90.62964,19.782804],[-90.62928,19.783318],[-90.628956,19.784549],[-90.628503,19.785634],[-90.628036,19.786194],[-90.627803,19.786691],[-90.628536,19.787138],[-90.629081,19.787503],[-90.628638,19.787834],[-90.628536,19.788274],[-90.628213,19.788311],[-90.627993,19.788302],[-90.627755,19.78814],[-90.626846,19.789283],[-90.625868,19.790027],[-90.624813,19.791035],[-90.624512,19.791172],[-90.624349,19.791188],[-90.624122,19.791086],[-90.624095,19.79088],[-90.624229,19.790493],[-90.624408,19.79041],[-90.624461,19.790306],[-90.624421,19.790177],[-90.624312,19.790114],[-90.624129,19.790124],[-90.624127,19.790124],[-90.623867,19.789967],[-90.623575,19.789355],[-90.623611,19.789099],[-90.622977,19.789741],[-90.622362,19.789982],[-90.621517,19.789976],[-90.621077,19.789797],[-90.619579,19.791493],[-90.619161,19.791926],[-90.618364,19.792772],[-90.618283,19.792831],[-90.61829,19.792834],[-90.618294,19.792836],[-90.618299,19.792838],[-90.618303,19.79284],[-90.618307,19.792843],[-90.618312,19.792846],[-90.618316,19.792849],[-90.618319,19.792852],[-90.618323,19.792855],[-90.618326,19.792859],[-90.618329,19.792862],[-90.618332,19.792866],[-90.618335,19.79287],[-90.618338,19.792874],[-90.61834,19.792878],[-90.618342,19.792883],[-90.618344,19.792887],[-90.618346,19.792892],[-90.618347,19.792896],[-90.618348,19.792901],[-90.618349,19.792905],[-90.61835,19.79291],[-90.61835,19.792915],[-90.61835,19.79292],[-90.61835,19.792924],[-90.618349,19.792929],[-90.618349,19.792934],[-90.618348,19.792939],[-90.618346,19.792943],[-90.618345,19.792948],[-90.618343,19.792952],[-90.618341,19.792956],[-90.618339,19.792961],[-90.618336,19.792965],[-90.618546,19.793035],[-90.619496,19.793393],[-90.619781,19.793506],[-90.619907,19.793492],[-90.61998,19.793527],[-90.620087,19.793464],[-90.620432,19.793299],[-90.620554,19.793237],[-90.620729,19.793173],[-90.620821,19.79315],[-90.620924,19.793137],[-90.621657,19.793125],[-90.621904,19.793138],[-90.622139,19.793167],[-90.622533,19.793275],[-90.622833,19.793427],[-90.623188,19.793644],[-90.623063,19.79372],[-90.623008,19.79374],[-90.622851,19.793796],[-90.622585,19.793881],[-90.622229,19.793966],[-90.622153,19.793912],[-90.622134,19.793925],[-90.622001,19.794021],[-90.62189,19.794059],[-90.621587,19.794136],[-90.620494,19.794556],[-90.620475,19.794537],[-90.620441,19.794503],[-90.619828,19.794757],[-90.619682,19.794835],[-90.6195,19.794932],[-90.61921,19.795048],[-90.618706,19.795232],[-90.618231,19.795402],[-90.617889,19.795554],[-90.617442,19.795711],[-90.617186,19.79583],[-90.617085,19.795877],[-90.616829,19.796044],[-90.616562,19.796313],[-90.616862,19.796579],[-90.616859,19.796602],[-90.616856,19.796634],[-90.616841,19.79679],[-90.616836,19.79683],[-90.61678,19.796902],[-90.616405,19.796529],[-90.616132,19.796257],[-90.61584,19.796422],[-90.615471,19.79657],[-90.615196,19.796708],[-90.614924,19.796838],[-90.614687,19.796972],[-90.614542,19.79706],[-90.614499,19.797147],[-90.614427,19.797245],[-90.614424,19.797261],[-90.614421,19.797285],[-90.614413,19.797338],[-90.614307,19.797442],[-90.614335,19.798527],[-90.614329,19.798804],[-90.614374,19.798846],[-90.614356,19.798863],[-90.614356,19.798863],[-90.614347,19.798871],[-90.614301,19.798822],[-90.614291,19.798515],[-90.61424,19.797249],[-90.61421,19.79721],[-90.614193,19.797188],[-90.614188,19.797182],[-90.614182,19.797176],[-90.614176,19.79717],[-90.614169,19.797165],[-90.614163,19.79716],[-90.614156,19.797155],[-90.614145,19.797149],[-90.614141,19.797146],[-90.614133,19.797143],[-90.614125,19.797139],[-90.614117,19.797137],[-90.6141,19.797132],[-90.614092,19.79713],[-90.614083,19.797129],[-90.614075,19.797128],[-90.614066,19.797128],[-90.614057,19.797128],[-90.614052,19.797128],[-90.614049,19.797128],[-90.61404,19.797129],[-90.614032,19.797131],[-90.614023,19.797132],[-90.614015,19.797135],[-90.613998,19.79714],[-90.613991,19.797144],[-90.613983,19.797147],[-90.613983,19.797147],[-90.613968,19.797156],[-90.613961,19.797161],[-90.613955,19.797166],[-90.613954,19.797166],[-90.613949,19.797172],[-90.613944,19.797183],[-90.613935,19.797255],[-90.613923,19.797452],[-90.613964,19.79868],[-90.61396,19.798818],[-90.613971,19.79891],[-90.613997,19.798967],[-90.614021,19.799004],[-90.614061,19.799045],[-90.614098,19.799077],[-90.61414,19.79911],[-90.614189,19.799127],[-90.614227,19.79914],[-90.614261,19.799146],[-90.614297,19.799152],[-90.614329,19.799151],[-90.614374,19.799148],[-90.614405,19.799142],[-90.614416,19.79914],[-90.614459,19.799121],[-90.614492,19.799107],[-90.61468,19.798966],[-90.614691,19.798958],[-90.614699,19.798953],[-90.614703,19.798953],[-90.614703,19.798953],[-90.614704,19.798953],[-90.614708,19.798954],[-90.614712,19.798955],[-90.614715,19.798956],[-90.614715,19.798957],[-90.614718,19.798959],[-90.61472,19.798961],[-90.614722,19.798963],[-90.614724,19.798967],[-90.614725,19.79897],[-90.614726,19.798973],[-90.614726,19.798976],[-90.614726,19.798978],[-90.614725,19.798981],[-90.614724,19.798984],[-90.614723,19.798987],[-90.614723,19.798987],[-90.614686,19.799016],[-90.614547,19.799114],[-90.614506,19.799143],[-90.614474,19.799158],[-90.614427,19.799177],[-90.614389,19.799184],[-90.614356,19.799187],[-90.614322,19.79919],[-90.614291,19.799189],[-90.614255,19.799189],[-90.614215,19.799179],[-90.614173,19.799163],[-90.61412,19.799143],[-90.614064,19.799113],[-90.614007,19.799077],[-90.613975,19.799036],[-90.613952,19.799],[-90.613927,19.798943],[-90.613917,19.798915],[-90.613907,19.798825],[-90.613884,19.798301],[-90.613869,19.797878],[-90.61387,19.79777],[-90.613835,19.797675],[-90.613795,19.797634],[-90.613741,19.797609],[-90.613622,19.7976],[-90.613534,19.797589],[-90.613466,19.797567],[-90.61321,19.797693],[-90.612949,19.797831],[-90.612692,19.797994],[-90.612251,19.798246],[-90.612112,19.798399],[-90.612044,19.798479],[-90.612002,19.798528],[-90.611855,19.798634],[-90.61185,19.7987],[-90.611895,19.79873],[-90.612062,19.798783],[-90.612048,19.798803],[-90.611885,19.798764],[-90.611829,19.798728],[-90.611747,19.798699],[-90.611731,19.798694],[-90.611717,19.798689],[-90.611673,19.798728],[-90.611618,19.798778],[-90.611519,19.798866],[-90.611496,19.798886],[-90.611459,19.798932],[-90.611431,19.798968],[-90.611434,19.798974],[-90.611444,19.798994],[-90.611516,19.799146],[-90.611501,19.799174],[-90.611488,19.799187],[-90.611467,19.799208],[-90.611278,19.79939],[-90.611281,19.799394],[-90.611643,19.799796],[-90.611717,19.799869],[-90.611831,19.799862],[-90.613245,19.799398],[-90.613258,19.799394],[-90.613376,19.799353],[-90.613419,19.799339],[-90.613479,19.799353],[-90.613498,19.799431],[-90.613483,19.799449],[-90.613468,19.799469],[-90.613426,19.799503],[-90.613378,19.799506],[-90.613241,19.799523],[-90.612268,19.799835],[-90.611874,19.799987],[-90.611779,19.800013],[-90.611702,19.800018],[-90.611649,19.799998],[-90.611328,19.79966],[-90.611283,19.799722],[-90.611205,19.799694],[-90.611194,19.799722],[-90.61119,19.799732],[-90.611174,19.799733],[-90.611142,19.799736],[-90.610987,19.799938],[-90.610905,19.800008],[-90.610759,19.800142],[-90.610762,19.800172],[-90.610757,19.800197],[-90.610742,19.800222],[-90.610721,19.800233],[-90.610693,19.800229],[-90.610664,19.800214],[-90.610573,19.800317],[-90.610473,19.800402],[-90.61049,19.800429],[-90.610492,19.800432],[-90.610505,19.800453],[-90.610462,19.800485],[-90.610449,19.800494],[-90.610443,19.800499],[-90.610411,19.800485],[-90.610308,19.800569],[-90.610334,19.800635],[-90.610335,19.800638],[-90.61034,19.800651],[-90.610297,19.800715],[-90.610121,19.800791],[-90.610049,19.800821],[-90.610038,19.800821],[-90.609969,19.800824],[-90.609929,19.800784],[-90.609759,19.800867],[-90.609639,19.800932],[-90.609288,19.801114],[-90.609185,19.80118],[-90.609155,19.801137],[-90.608756,19.80141],[-90.608724,19.801432],[-90.608722,19.801434],[-90.608722,19.801434],[-90.608647,19.801508],[-90.608647,19.801508],[-90.608629,19.801526],[-90.608629,19.801526],[-90.608569,19.801586],[-90.608569,19.801586],[-90.608562,19.801586],[-90.608523,19.80159],[-90.608486,19.801601],[-90.608335,19.801626],[-90.60814,19.801701],[-90.608105,19.801666],[-90.607924,19.801759],[-90.60762,19.801922],[-90.60754,19.801983],[-90.60755,19.802008],[-90.607508,19.802075],[-90.607405,19.802155],[-90.607348,19.802124],[-90.60716,19.802257],[-90.606844,19.802446],[-90.606911,19.802524],[-90.606942,19.802562],[-90.606937,19.802565],[-90.606124,19.803103],[-90.605973,19.80319],[-90.605935,19.803212],[-90.605638,19.803436],[-90.605253,19.803694],[-90.605253,19.803694],[-90.605137,19.803805],[-90.605137,19.803806],[-90.604936,19.803998],[-90.604935,19.803998],[-90.604895,19.804036],[-90.604895,19.804037],[-90.604889,19.804043],[-90.604863,19.804092],[-90.604837,19.804136],[-90.604819,19.804167],[-90.604718,19.804242],[-90.604733,19.804278],[-90.604572,19.804415],[-90.604576,19.804455],[-90.604315,19.804562],[-90.604292,19.804629],[-90.604287,19.804641],[-90.60419,19.804706],[-90.604189,19.804707],[-90.604189,19.804707],[-90.604135,19.804768],[-90.604154,19.804886],[-90.60417,19.804981],[-90.604171,19.805078],[-90.60417,19.805183],[-90.60417,19.805199],[-90.604168,19.805268],[-90.604165,19.80533],[-90.604221,19.805388],[-90.604224,19.80539],[-90.604522,19.805243],[-90.604538,19.805235],[-90.604566,19.80528],[-90.604547,19.805288],[-90.60419,19.805479],[-90.604187,19.805473],[-90.603935,19.805033],[-90.603878,19.804958],[-90.603796,19.804925],[-90.603522,19.804997],[-90.603085,19.80519],[-90.602817,19.805322],[-90.602756,19.805356],[-90.602589,19.805503],[-90.602584,19.805507],[-90.602571,19.805518],[-90.602557,19.80553],[-90.602552,19.805535],[-90.602487,19.805591],[-90.602436,19.805634],[-90.602393,19.805686],[-90.602412,19.805728],[-90.602417,19.805739],[-90.602411,19.805744],[-90.602109,19.80597],[-90.602133,19.80601],[-90.60214,19.806021],[-90.602146,19.806031],[-90.602123,19.80605],[-90.602113,19.80606],[-90.602096,19.806074],[-90.601982,19.806145],[-90.601921,19.806113],[-90.601788,19.806219],[-90.601547,19.80639],[-90.601563,19.806408],[-90.601572,19.806419],[-90.60163,19.806482],[-90.601623,19.806496],[-90.601623,19.806496],[-90.601134,19.80687],[-90.601131,19.806867],[-90.601084,19.806818],[-90.601058,19.806838],[-90.601044,19.806849],[-90.600973,19.806905],[-90.600965,19.80691],[-90.600735,19.807052],[-90.600726,19.807058],[-90.600653,19.807103],[-90.60052,19.807186],[-90.600519,19.807186],[-90.600513,19.807193],[-90.600513,19.807193],[-90.600477,19.807224],[-90.600477,19.807224],[-90.600477,19.807224],[-90.600458,19.807243],[-90.600481,19.80728],[-90.600481,19.80728],[-90.60046,19.807299],[-90.60046,19.807299],[-90.60021,19.807527],[-90.599715,19.807729],[-90.59959,19.807787],[-90.599546,19.807808],[-90.599513,19.807831],[-90.599219,19.807998],[-90.598966,19.808131],[-90.598966,19.808131],[-90.598874,19.808181],[-90.598873,19.808181],[-90.598549,19.808395],[-90.598549,19.808396],[-90.59851,19.808499],[-90.598533,19.808545],[-90.598903,19.809154],[-90.598912,19.809206],[-90.598915,19.809221],[-90.598887,19.809266],[-90.59852,19.809498],[-90.598253,19.809666],[-90.59819,19.809725],[-90.598073,19.809826],[-90.597992,19.80992],[-90.597948,19.810011],[-90.598016,19.81017],[-90.598079,19.810315],[-90.598085,19.81033],[-90.598115,19.81037],[-90.598337,19.810674],[-90.59846,19.810842],[-90.598485,19.810908],[-90.59854,19.811047],[-90.598488,19.811089],[-90.598457,19.811114],[-90.598417,19.811192],[-90.598385,19.811232],[-90.59833,19.811302],[-90.598268,19.811496],[-90.598048,19.811633],[-90.597372,19.812056],[-90.59734,19.812076],[-90.597321,19.812088],[-90.596553,19.811017],[-90.596522,19.810974],[-90.59488,19.812],[-90.595394,19.812748],[-90.59566,19.813137],[-90.595767,19.813172],[-90.598011,19.81266],[-90.598107,19.813011],[-90.598087,19.813016],[-90.597146,19.813233],[-90.597086,19.813016],[-90.595692,19.813341],[-90.595649,19.813351],[-90.595355,19.812925],[-90.595353,19.812922],[-90.595107,19.812567],[-90.595071,19.812574],[-90.59507,19.812575],[-90.595013,19.812587],[-90.594688,19.812781],[-90.594667,19.812769],[-90.594667,19.812769],[-90.594648,19.812764],[-90.594619,19.812756],[-90.594599,19.812749],[-90.594567,19.812738],[-90.594538,19.812735],[-90.594498,19.81273],[-90.594322,19.812808],[-90.59365,19.813163],[-90.593522,19.813262],[-90.593471,19.813339],[-90.593466,19.813346],[-90.593447,19.813382],[-90.593411,19.813446],[-90.593485,19.813568],[-90.593475,19.813574],[-90.59346,19.813583],[-90.592897,19.813923],[-90.592753,19.81401],[-90.592746,19.814004],[-90.592683,19.813943],[-90.592674,19.813952],[-90.592652,19.81397],[-90.592355,19.814231],[-90.592336,19.814275],[-90.592336,19.814275],[-90.592148,19.814377],[-90.591909,19.814478],[-90.59166,19.814522],[-90.591619,19.814529],[-90.591611,19.814538],[-90.591475,19.814692],[-90.591467,19.814701],[-90.591442,19.81473],[-90.591788,19.815236],[-90.591832,19.815219],[-90.591842,19.815215],[-90.591876,19.815259],[-90.591876,19.81526],[-90.591919,19.81532],[-90.592203,19.815627],[-90.592597,19.816173],[-90.592841,19.816526],[-90.593226,19.817061],[-90.593115,19.817133],[-90.593087,19.817151],[-90.593081,19.817155],[-90.593079,19.817152],[-90.59277,19.816713],[-90.592604,19.816804],[-90.592253,19.816326],[-90.59227,19.816298],[-90.592196,19.816039],[-90.5919,19.815617],[-90.591861,19.815634],[-90.591864,19.815656],[-90.591866,19.815669],[-90.591814,19.815695],[-90.591785,19.815654],[-90.591841,19.815623],[-90.591841,19.815623],[-90.591852,19.815614],[-90.59188,19.815595],[-90.591767,19.815426],[-90.591724,19.815454],[-90.591712,19.815462],[-90.591729,19.815482],[-90.591681,19.815512],[-90.591645,19.81546],[-90.591706,19.81543],[-90.591706,19.81543],[-90.591701,19.815422],[-90.591641,19.815329],[-90.591698,19.815282],[-90.591232,19.814623],[-90.590889,19.81414],[-90.590876,19.814119],[-90.590834,19.814055],[-90.590779,19.814102],[-90.59075,19.814127],[-90.590589,19.814002],[-90.590461,19.813966],[-90.59039,19.813951],[-90.590214,19.813971],[-90.590051,19.814016],[-90.589975,19.814059],[-90.589807,19.814159],[-90.589805,19.81416],[-90.589804,19.814161],[-90.58969,19.81422],[-90.589634,19.814262],[-90.589633,19.814262],[-90.589633,19.814263],[-90.589579,19.814295],[-90.589425,19.81442],[-90.589421,19.814424],[-90.589421,19.814425],[-90.58929,19.814571],[-90.58929,19.814571],[-90.58929,19.814571],[-90.589221,19.814627],[-90.589043,19.814746],[-90.588692,19.814983],[-90.588562,19.815052],[-90.587365,19.81569],[-90.586936,19.815943],[-90.586801,19.816035],[-90.586739,19.816077],[-90.586642,19.81616],[-90.586582,19.816215],[-90.586582,19.816217],[-90.586594,19.816268],[-90.586594,19.81627],[-90.586575,19.816329],[-90.586549,19.816376],[-90.58653,19.816407],[-90.586428,19.816418],[-90.586394,19.816433],[-90.586371,19.816443],[-90.586266,19.816524],[-90.586187,19.816604],[-90.586157,19.816634],[-90.586079,19.816721],[-90.586043,19.816739],[-90.586034,19.816743],[-90.585937,19.81683],[-90.585918,19.816855],[-90.585885,19.816896],[-90.585936,19.817035],[-90.585922,19.817122],[-90.5859,19.817182],[-90.585891,19.817207],[-90.58583,19.817332],[-90.58579,19.817343],[-90.585777,19.81735]]]]}},{"type":"Feature","properties":{"CVEGEO":"040020465","NOM_MUN":"Campeche","NOMGEO":"Los Laureles","POB1":2669.0,"POB8":836.0,"POB12":1687.0,"POB24":146.0,"POB42":1300.0,"POB84":1369.0,"POB125_R":105.3,"POB126_R":58.2,"POB127_R":49.6,"POB128_R":8.7,"POB129_R":24.0,"OID":9,"denominacion_oficial":"C04_Loc_urb","modulo_asignado":"Mapa Base","instrumento_vigencia":"","fecha_actualizacion":"2026-07-29","fuente_custodio":"SCINCE_2020","responsable_institucional":"INEGI,2020","proyeccion_original":"EPSG:6372","proyeccion_actual":"EPSG:4326","cobertura_territorial":"Estatal","restricciones_uso":"Público"},"geometry":{"type":"MultiPolygon","coordinates":[[[[-89.997149,19.490498],[-89.995652,19.489868],[-89.99561,19.490066],[-89.995548,19.490415],[-89.995108,19.490228],[-89.994845,19.490114],[-89.994349,19.489902],[-89.993979,19.489753],[-89.993966,19.489747],[-89.993938,19.49016],[-89.993924,19.490379],[-89.992802,19.490377],[-89.992252,19.490381],[-89.992197,19.489685],[-89.990394,19.489701],[-89.990335,19.489547],[-89.990375,19.489374],[-89.98924,19.489429],[-89.988142,19.489503],[-89.986671,19.489592],[-89.986617,19.489595],[-89.985029,19.489692],[-89.984624,19.489716],[-89.983919,19.489757],[-89.983233,19.489792],[-89.983057,19.488512],[-89.982954,19.487828],[-89.982851,19.487092],[-89.98273,19.486318],[-89.982626,19.485545],[-89.982519,19.484827],[-89.982449,19.484076],[-89.98379,19.484154],[-89.985281,19.4842],[-89.985346,19.483466],[-89.986912,19.483491],[-89.987631,19.483517],[-89.988173,19.483549],[-89.988189,19.48355],[-89.988197,19.482976],[-89.988213,19.482437],[-89.98835,19.482245],[-89.988359,19.482246],[-89.989576,19.482329],[-89.990396,19.482359],[-89.991104,19.482379],[-89.991303,19.482389],[-89.991351,19.481965],[-89.991383,19.481502],[-89.992083,19.481537],[-89.992644,19.481562],[-89.992628,19.481889],[-89.992615,19.482205],[-89.993017,19.482215],[-89.993339,19.482233],[-89.99372,19.482258],[-89.993822,19.482263],[-89.994333,19.482291],[-89.994392,19.481314],[-89.994524,19.481436],[-89.994591,19.481589],[-89.996144,19.481699],[-89.997313,19.481754],[-89.997241,19.48272],[-89.996114,19.48268],[-89.996109,19.482837],[-89.997082,19.483347],[-89.997597,19.483653],[-89.999043,19.484415],[-89.999526,19.484683],[-89.999968,19.484983],[-90.00028,19.485345],[-90.000475,19.485729],[-90.00055,19.48598],[-90.000596,19.486258],[-90.000559,19.48665],[-90.00047,19.486994],[-90.000057,19.487876],[-89.999896,19.488212],[-89.999711,19.488574],[-89.999419,19.489214],[-89.999295,19.489532],[-89.99925,19.489712],[-89.999217,19.489813],[-89.999209,19.489919],[-89.999193,19.490293],[-89.999217,19.490455],[-89.999244,19.490617],[-89.999319,19.490769],[-89.99936,19.490915],[-89.999499,19.491143],[-89.999689,19.491381],[-89.999861,19.49156],[-89.999826,19.491636],[-89.999322,19.491419],[-89.997949,19.49084],[-89.997326,19.490579],[-89.997149,19.490498]]]]}},{"type":"Feature","properties":{"CVEGEO":"040040001","NOM_MUN":"Champotón","NOMGEO":"Champotón","POB1":35799.0,"POB8":10012.0,"POB12":23330.0,"POB24":2419.0,"POB42":18291.0,"POB84":17508.0,"POB125_R":95.7,"POB126_R":53.3,"POB127_R":42.9,"POB128_R":10.4,"POB129_R":28.0,"OID":10,"denominacion_oficial":"C04_Loc_urb","modulo_asignado":"Mapa Base","instrumento_vigencia":"","fecha_actualizacion":"2026-07-29","fuente_custodio":"SCINCE_2020","responsable_institucional":"INEGI,2020","proyeccion_original":"EPSG:6372","proyeccion_actual":"EPSG:4326","cobertura_territorial":"Estatal","restricciones_uso":"Público"},"geometry":{"type":"MultiPolygon","coordinates":[[[[-90.715976,19.369647],[-90.717212,19.366387],[-90.717988,19.364986],[-90.716893,19.363965],[-90.716419,19.363524],[-90.716545,19.363457],[-90.716793,19.363345],[-90.717028,19.363204],[-90.717278,19.363058],[-90.717505,19.362895],[-90.7177,19.362697],[-90.717795,19.362596],[-90.717876,19.362484],[-90.717453,19.362168],[-90.717269,19.362019],[-90.717144,19.361874],[-90.717096,19.361768],[-90.717076,19.361651],[-90.717079,19.361552],[-90.717106,19.361437],[-90.71714,19.361364],[-90.717093,19.361346],[-90.716673,19.361184],[-90.714468,19.360379],[-90.714098,19.361012],[-90.713469,19.362062],[-90.713239,19.361688],[-90.712983,19.361372],[-90.712669,19.361094],[-90.712606,19.361138],[-90.712453,19.361283],[-90.712202,19.36111],[-90.712117,19.361253],[-90.711272,19.361015],[-90.71045,19.360791],[-90.710546,19.360416],[-90.710488,19.360461],[-90.710327,19.360449],[-90.71012,19.360366],[-90.708393,19.359747],[-90.70758,19.359456],[-90.704522,19.358317],[-90.707432,19.356346],[-90.70757,19.355749],[-90.708382,19.355906],[-90.708407,19.355688],[-90.708597,19.355741],[-90.708944,19.35465],[-90.70919,19.354713],[-90.709218,19.354572],[-90.709683,19.353288],[-90.709833,19.353444],[-90.710409,19.35244],[-90.710523,19.35231],[-90.710659,19.352434],[-90.71108,19.351968],[-90.711294,19.351356],[-90.711568,19.350607],[-90.711005,19.350383],[-90.710873,19.350675],[-90.706129,19.349118],[-90.708633,19.346322],[-90.70865,19.346264],[-90.70884,19.345855],[-90.709104,19.345284],[-90.709478,19.344827],[-90.709485,19.344818],[-90.709811,19.344374],[-90.710458,19.343539],[-90.71021,19.34346],[-90.709934,19.34325],[-90.709771,19.343078],[-90.709049,19.342399],[-90.708616,19.341997],[-90.708571,19.341843],[-90.708808,19.341573],[-90.708876,19.341424],[-90.709092,19.341319],[-90.709125,19.341346],[-90.709655,19.34177],[-90.710107,19.342143],[-90.71029,19.342363],[-90.710291,19.342363],[-90.710507,19.342064],[-90.710719,19.341831],[-90.711446,19.34103],[-90.712192,19.341428],[-90.713407,19.33991],[-90.713828,19.339478],[-90.714997,19.340054],[-90.714645,19.339064],[-90.714368,19.33889],[-90.714293,19.338746],[-90.713912,19.338557],[-90.715452,19.336598],[-90.71405,19.335862],[-90.713636,19.335861],[-90.715848,19.33365],[-90.716383,19.334357],[-90.716871,19.33474],[-90.717321,19.335143],[-90.71802,19.334191],[-90.717478,19.333969],[-90.71689,19.333729],[-90.717422,19.333083],[-90.717377,19.333071],[-90.716959,19.332947],[-90.717564,19.332074],[-90.717212,19.331731],[-90.71587,19.330426],[-90.717129,19.328981],[-90.717195,19.328823],[-90.717142,19.328756],[-90.716883,19.328606],[-90.71652,19.328486],[-90.715569,19.328224],[-90.71547,19.327958],[-90.71544,19.327796],[-90.715388,19.327624],[-90.715276,19.327556],[-90.71491,19.327344],[-90.714435,19.327088],[-90.714351,19.327043],[-90.714524,19.326782],[-90.714712,19.326496],[-90.715053,19.325999],[-90.715324,19.3255],[-90.715321,19.3255],[-90.71481,19.325374],[-90.714794,19.32537],[-90.715139,19.324865],[-90.715617,19.324958],[-90.716744,19.325211],[-90.71691,19.325248],[-90.717044,19.325278],[-90.717327,19.325171],[-90.717876,19.324964],[-90.718254,19.325568],[-90.718403,19.325807],[-90.718564,19.325873],[-90.718875,19.325922],[-90.718951,19.325935],[-90.719288,19.326106],[-90.719324,19.326138],[-90.719443,19.326243],[-90.719457,19.326196],[-90.7196,19.325901],[-90.719757,19.325546],[-90.719757,19.325453],[-90.719819,19.325231],[-90.720187,19.324506],[-90.720602,19.323725],[-90.720722,19.323837],[-90.721035,19.323277],[-90.721543,19.323508],[-90.721858,19.323652],[-90.722291,19.323177],[-90.722947,19.322468],[-90.723124,19.322604],[-90.723332,19.322453],[-90.723585,19.322342],[-90.724146,19.32213],[-90.724756,19.321947],[-90.728428,19.322419],[-90.728671,19.320669],[-90.728657,19.320665],[-90.728645,19.32066],[-90.728633,19.320652],[-90.728624,19.320642],[-90.728617,19.32063],[-90.728612,19.320617],[-90.728611,19.320603],[-90.728612,19.320594],[-90.728615,19.320583],[-90.728621,19.320571],[-90.728629,19.32056],[-90.72864,19.320551],[-90.728653,19.320545],[-90.728666,19.320541],[-90.728679,19.320539],[-90.729292,19.316081],[-90.731921,19.316514],[-90.733781,19.317078],[-90.736116,19.318024],[-90.735655,19.31881],[-90.735698,19.318909],[-90.735415,19.319402],[-90.735245,19.31965],[-90.735048,19.319848],[-90.73493,19.32004],[-90.734473,19.320283],[-90.734365,19.320539],[-90.733978,19.321001],[-90.733962,19.321182],[-90.733185,19.322229],[-90.733398,19.322348],[-90.734659,19.323056],[-90.735698,19.32356],[-90.738184,19.324799],[-90.739118,19.325244],[-90.739629,19.325511],[-90.740446,19.324181],[-90.740841,19.324395],[-90.741076,19.324038],[-90.741103,19.324055],[-90.741531,19.324324],[-90.741937,19.32458],[-90.741937,19.324579],[-90.742013,19.324462],[-90.742404,19.323855],[-90.742526,19.322711],[-90.742806,19.322577],[-90.743553,19.322566],[-90.743577,19.322297],[-90.744196,19.322377],[-90.744161,19.322705],[-90.743679,19.323188],[-90.743555,19.323184],[-90.743558,19.323399],[-90.744527,19.324112],[-90.743922,19.324906],[-90.74348,19.325467],[-90.742313,19.326948],[-90.741336,19.328128],[-90.740995,19.328571],[-90.741215,19.328745],[-90.741153,19.328834],[-90.741035,19.32898],[-90.740767,19.329311],[-90.740623,19.329457],[-90.7405,19.329584],[-90.740413,19.329721],[-90.740343,19.329832],[-90.740299,19.32995],[-90.740188,19.330153],[-90.740089,19.330336],[-90.740003,19.330493],[-90.739856,19.330703],[-90.73977,19.330849],[-90.739689,19.330988],[-90.739594,19.331151],[-90.739496,19.33126],[-90.739406,19.331395],[-90.739379,19.331425],[-90.739324,19.331509],[-90.739198,19.331707],[-90.739147,19.331778],[-90.739142,19.331784],[-90.738999,19.331942],[-90.738935,19.332066],[-90.738865,19.332203],[-90.738778,19.332281],[-90.738725,19.332388],[-90.738653,19.332505],[-90.738568,19.332623],[-90.738518,19.33272],[-90.738488,19.332776],[-90.738432,19.33278],[-90.738364,19.332805],[-90.738353,19.332859],[-90.738321,19.332891],[-90.738319,19.332894],[-90.738317,19.332895],[-90.738436,19.332987],[-90.737896,19.333797],[-90.737771,19.333974],[-90.737527,19.33439],[-90.737486,19.334505],[-90.737385,19.334672],[-90.737299,19.334818],[-90.737223,19.334911],[-90.737145,19.335036],[-90.737088,19.335119],[-90.737023,19.335167],[-90.736978,19.33521],[-90.736947,19.335237],[-90.736906,19.335275],[-90.736902,19.335334],[-90.736879,19.335383],[-90.736868,19.335431],[-90.736869,19.335432],[-90.736826,19.335521],[-90.736825,19.335523],[-90.736738,19.335707],[-90.736645,19.335824],[-90.736607,19.335881],[-90.736529,19.335971],[-90.736493,19.336034],[-90.736411,19.336197],[-90.736337,19.336316],[-90.736276,19.336452],[-90.736187,19.336612],[-90.736124,19.336759],[-90.736048,19.336917],[-90.736025,19.336983],[-90.73598,19.337128],[-90.735923,19.337304],[-90.735827,19.337437],[-90.735516,19.337893],[-90.735371,19.33813],[-90.735297,19.338237],[-90.735297,19.338237],[-90.735208,19.338383],[-90.735092,19.338601],[-90.735063,19.338723],[-90.734863,19.339055],[-90.734709,19.339398],[-90.73454,19.339732],[-90.734476,19.339865],[-90.734417,19.339988],[-90.734373,19.340087],[-90.734329,19.340178],[-90.734358,19.340211],[-90.734316,19.340247],[-90.73423,19.340406],[-90.734183,19.340516],[-90.7342,19.340591],[-90.734263,19.340631],[-90.734373,19.340677],[-90.734351,19.340701],[-90.734346,19.340699],[-90.734183,19.340625],[-90.734178,19.340625],[-90.734137,19.340627],[-90.734134,19.34063],[-90.734103,19.340667],[-90.734078,19.340695],[-90.734048,19.340745],[-90.734004,19.340826],[-90.733937,19.340928],[-90.73389,19.341011],[-90.733804,19.341146],[-90.733717,19.341246],[-90.73365,19.341384],[-90.733561,19.341551],[-90.733449,19.341752],[-90.733394,19.34186],[-90.733329,19.34198],[-90.733242,19.342161],[-90.733181,19.342305],[-90.733154,19.342351],[-90.733156,19.342432],[-90.733107,19.342466],[-90.733084,19.342561],[-90.733051,19.342692],[-90.732975,19.342794],[-90.732869,19.342974],[-90.732772,19.343124],[-90.732713,19.343246],[-90.732643,19.343333],[-90.732605,19.343471],[-90.732513,19.343645],[-90.732452,19.343788],[-90.732399,19.343864],[-90.732348,19.343991],[-90.732316,19.344082],[-90.732283,19.34414],[-90.732255,19.344203],[-90.732241,19.344242],[-90.732297,19.344271],[-90.732319,19.344289],[-90.732348,19.344328],[-90.732357,19.344361],[-90.732357,19.344387],[-90.732346,19.344416],[-90.73231,19.344495],[-90.732213,19.344449],[-90.732171,19.34454],[-90.732131,19.344572],[-90.73212,19.344588],[-90.732055,19.344682],[-90.731971,19.3448],[-90.731968,19.344806],[-90.731899,19.344922],[-90.731829,19.345089],[-90.731823,19.345088],[-90.731798,19.345082],[-90.731798,19.345083],[-90.731722,19.345261],[-90.731717,19.345259],[-90.731701,19.345254],[-90.731701,19.345256],[-90.731602,19.345496],[-90.731574,19.345523],[-90.73149,19.345751],[-90.73146,19.345829],[-90.731424,19.345896],[-90.731348,19.346113],[-90.731315,19.346207],[-90.7313,19.346265],[-90.731279,19.346326],[-90.731246,19.346417],[-90.7312,19.34651],[-90.731159,19.346626],[-90.731107,19.346772],[-90.731021,19.346959],[-90.731008,19.34701],[-90.730987,19.347103],[-90.730939,19.347193],[-90.730876,19.347262],[-90.730829,19.347375],[-90.730774,19.347496],[-90.730743,19.347574],[-90.730783,19.347624],[-90.730689,19.347736],[-90.730632,19.347791],[-90.730602,19.347849],[-90.730534,19.347992],[-90.730502,19.34807],[-90.730468,19.348139],[-90.730419,19.348238],[-90.730352,19.348392],[-90.730305,19.348524],[-90.73043,19.348579],[-90.730424,19.348599],[-90.730418,19.348597],[-90.730294,19.348545],[-90.730293,19.348547],[-90.730258,19.348597],[-90.730235,19.348629],[-90.730195,19.348722],[-90.730134,19.348885],[-90.730075,19.348997],[-90.730066,19.349107],[-90.730005,19.349254],[-90.729915,19.34937],[-90.729845,19.349498],[-90.729793,19.349612],[-90.729719,19.349719],[-90.729689,19.349841],[-90.729663,19.349876],[-90.729601,19.349969],[-90.729557,19.350053],[-90.729481,19.350215],[-90.729425,19.350304],[-90.729381,19.350386],[-90.729322,19.350507],[-90.72927,19.350608],[-90.729228,19.350686],[-90.729168,19.350806],[-90.729096,19.350947],[-90.729065,19.351018],[-90.729012,19.351113],[-90.728926,19.351335],[-90.728842,19.351459],[-90.728821,19.351541],[-90.728703,19.351745],[-90.728708,19.351792],[-90.728658,19.351893],[-90.728595,19.351981],[-90.728588,19.352028],[-90.728648,19.352044],[-90.728649,19.352064],[-90.728643,19.352063],[-90.728578,19.35205],[-90.728578,19.352051],[-90.728546,19.352167],[-90.728624,19.352222],[-90.728611,19.352253],[-90.728606,19.35225],[-90.728532,19.352203],[-90.72853,19.352205],[-90.728449,19.352322],[-90.728397,19.352417],[-90.728351,19.352485],[-90.728304,19.352611],[-90.72823,19.352754],[-90.728131,19.352915],[-90.728064,19.35308],[-90.728128,19.353113],[-90.728117,19.35315],[-90.728171,19.353172],[-90.728176,19.353174],[-90.728197,19.353129],[-90.728198,19.353127],[-90.728238,19.353147],[-90.728222,19.353194],[-90.728305,19.353228],[-90.728311,19.35323],[-90.728339,19.353187],[-90.72834,19.353185],[-90.728403,19.353209],[-90.728384,19.353257],[-90.728545,19.353331],[-90.728551,19.353333],[-90.728558,19.353317],[-90.728559,19.353315],[-90.728602,19.353331],[-90.728571,19.353391],[-90.728565,19.353389],[-90.728542,19.353381],[-90.728547,19.353362],[-90.728364,19.353286],[-90.728364,19.353288],[-90.728348,19.353333],[-90.728342,19.353331],[-90.728286,19.353306],[-90.7283,19.353258],[-90.728037,19.353144],[-90.728036,19.353145],[-90.727901,19.35339],[-90.727837,19.353505],[-90.72781,19.35355],[-90.727806,19.353556],[-90.727806,19.353556],[-90.727804,19.353559],[-90.727788,19.353586],[-90.727714,19.353713],[-90.727665,19.353806],[-90.727596,19.353895],[-90.727529,19.35401],[-90.727429,19.354149],[-90.727353,19.354296],[-90.727696,19.354499],[-90.727412,19.354933],[-90.727408,19.35493],[-90.727382,19.354914],[-90.727375,19.354909],[-90.727624,19.354539],[-90.727639,19.354517],[-90.727327,19.354322],[-90.727325,19.354324],[-90.727298,19.354359],[-90.72727,19.354395],[-90.727268,19.354397],[-90.727268,19.354398],[-90.727245,19.354434],[-90.727245,19.354434],[-90.726979,19.354852],[-90.727228,19.355018],[-90.727268,19.355045],[-90.727284,19.355056],[-90.727289,19.355059],[-90.727339,19.354988],[-90.72734,19.354987],[-90.727371,19.354999],[-90.727297,19.355105],[-90.727292,19.355102],[-90.727251,19.355075],[-90.727211,19.355049],[-90.726961,19.354887],[-90.726959,19.354889],[-90.726943,19.354907],[-90.726917,19.354937],[-90.726894,19.354963],[-90.72675,19.355167],[-90.726596,19.355385],[-90.726503,19.355521],[-90.726377,19.355734],[-90.726249,19.355957],[-90.726168,19.356092],[-90.726223,19.356133],[-90.726237,19.3562],[-90.726213,19.356266],[-90.726431,19.356375],[-90.726412,19.356406],[-90.726407,19.356404],[-90.726179,19.356293],[-90.726176,19.356295],[-90.726056,19.356385],[-90.726038,19.356413],[-90.725987,19.356498],[-90.725973,19.356721],[-90.726167,19.356842],[-90.726171,19.356845],[-90.726377,19.356565],[-90.726455,19.356484],[-90.726458,19.35648],[-90.726479,19.35651],[-90.726394,19.356595],[-90.726181,19.356883],[-90.726177,19.35688],[-90.725912,19.356732],[-90.72591,19.356734],[-90.725772,19.356862],[-90.725694,19.356994],[-90.725597,19.357161],[-90.725499,19.357287],[-90.725419,19.357396],[-90.725335,19.357481],[-90.725295,19.35755],[-90.725242,19.357637],[-90.725214,19.357731],[-90.725251,19.357758],[-90.7253,19.357785],[-90.725313,19.357876],[-90.725337,19.357927],[-90.725298,19.358011],[-90.725258,19.358027],[-90.725237,19.358036],[-90.725233,19.35805],[-90.725178,19.358081],[-90.725122,19.358098],[-90.725042,19.358112],[-90.725039,19.358111],[-90.724938,19.358075],[-90.724936,19.358076],[-90.724825,19.35814],[-90.724729,19.358233],[-90.724686,19.358303],[-90.724638,19.358329],[-90.724638,19.358329],[-90.724634,19.358327],[-90.724602,19.358313],[-90.724597,19.358314],[-90.724563,19.358316],[-90.724501,19.358316],[-90.724406,19.358311],[-90.724405,19.358311],[-90.724269,19.358269],[-90.723922,19.358148],[-90.723547,19.358117],[-90.723547,19.358117],[-90.723553,19.358156],[-90.723307,19.358159],[-90.723303,19.358159],[-90.722869,19.358095],[-90.722867,19.358095],[-90.722703,19.358108],[-90.72213,19.35807],[-90.72213,19.358069],[-90.721652,19.357985],[-90.721426,19.357938],[-90.721423,19.357938],[-90.721241,19.357949],[-90.721044,19.357983],[-90.721047,19.358022],[-90.721049,19.358044],[-90.721069,19.358296],[-90.721092,19.358644],[-90.721092,19.358646],[-90.721092,19.358646],[-90.721258,19.358603],[-90.721501,19.358574],[-90.721756,19.358574],[-90.721758,19.358574],[-90.721758,19.358574],[-90.721996,19.358603],[-90.72212,19.358631],[-90.722296,19.358684],[-90.72241,19.358731],[-90.722539,19.358841],[-90.722663,19.358914],[-90.722724,19.359073],[-90.722724,19.359074],[-90.72271,19.359221],[-90.722679,19.359321],[-90.722656,19.359345],[-90.722616,19.359411],[-90.722587,19.359457],[-90.72259,19.359607],[-90.72258,19.359689],[-90.722565,19.359825],[-90.722563,19.35991],[-90.722562,19.359932],[-90.722562,19.35996],[-90.722557,19.360125],[-90.722565,19.36025],[-90.722551,19.360406],[-90.722549,19.360514],[-90.722533,19.360635],[-90.72253,19.360785],[-90.722529,19.360863],[-90.722528,19.360974],[-90.722526,19.361092],[-90.722511,19.361227],[-90.722504,19.36132],[-90.722483,19.361452],[-90.722472,19.361588],[-90.722463,19.361703],[-90.722465,19.361799],[-90.722462,19.361838],[-90.722454,19.361941],[-90.722443,19.36208],[-90.722389,19.362105],[-90.722394,19.362281],[-90.722382,19.362339],[-90.722382,19.36249],[-90.722352,19.362686],[-90.72235,19.362837],[-90.722328,19.363019],[-90.722275,19.363176],[-90.722264,19.363272],[-90.722255,19.363349],[-90.722222,19.363465],[-90.722189,19.363604],[-90.72218,19.363696],[-90.722176,19.363733],[-90.722166,19.363827],[-90.722132,19.363965],[-90.722096,19.364093],[-90.722071,19.36425],[-90.722052,19.364371],[-90.722043,19.364507],[-90.72204,19.364554],[-90.722034,19.364636],[-90.722026,19.364754],[-90.722029,19.364904],[-90.722031,19.365057],[-90.722032,19.365089],[-90.722034,19.365175],[-90.722036,19.365303],[-90.722057,19.365432],[-90.722114,19.365536],[-90.722148,19.36559],[-90.722171,19.365624],[-90.722268,19.36565],[-90.722359,19.365736],[-90.72237,19.365905],[-90.722373,19.365964],[-90.722362,19.366158],[-90.722361,19.366445],[-90.722356,19.366477],[-90.722362,19.366704],[-90.722371,19.366778],[-90.722362,19.367078],[-90.722376,19.367277],[-90.722372,19.367355],[-90.722378,19.367391],[-90.722393,19.367481],[-90.722418,19.367584],[-90.722423,19.367638],[-90.722458,19.367731],[-90.722474,19.367826],[-90.722491,19.367951],[-90.7225,19.368016],[-90.722504,19.36807],[-90.722504,19.368108],[-90.722506,19.368115],[-90.722508,19.36817],[-90.722523,19.36822],[-90.722533,19.368391],[-90.722528,19.368448],[-90.722534,19.368604],[-90.722544,19.368687],[-90.722564,19.368752],[-90.722559,19.368848],[-90.722553,19.369002],[-90.722568,19.369136],[-90.722562,19.369228],[-90.722556,19.369339],[-90.72255,19.369485],[-90.722575,19.369608],[-90.722682,19.369625],[-90.722685,19.369625],[-90.723811,19.36962],[-90.723817,19.36962],[-90.723796,19.369677],[-90.722584,19.369695],[-90.722582,19.369729],[-90.722582,19.369729],[-90.722583,19.369797],[-90.722583,19.369797],[-90.722591,19.369797],[-90.723298,19.369782],[-90.723303,19.369782],[-90.723357,19.369824],[-90.723378,19.369866],[-90.723286,19.369942],[-90.72322,19.369908],[-90.722739,19.3699],[-90.722598,19.369929],[-90.722614,19.369997],[-90.72262,19.370025],[-90.722621,19.370025],[-90.722629,19.370025],[-90.722991,19.369978],[-90.72307,19.369957],[-90.723072,19.369956],[-90.723173,19.369981],[-90.723193,19.370043],[-90.72314,19.370099],[-90.723136,19.370096],[-90.723093,19.370071],[-90.723088,19.370072],[-90.722795,19.370093],[-90.722749,19.370135],[-90.722705,19.370304],[-90.722707,19.370364],[-90.722816,19.370385],[-90.722873,19.370391],[-90.72284,19.371044],[-90.722824,19.371217],[-90.722817,19.371287],[-90.722832,19.371423],[-90.721562,19.371387],[-90.720079,19.371365],[-90.719482,19.371359],[-90.719237,19.371379],[-90.71892,19.371442],[-90.718482,19.371586],[-90.716159,19.372834],[-90.716087,19.372721],[-90.716027,19.372597],[-90.716001,19.371961],[-90.716037,19.370957],[-90.715978,19.369676],[-90.715976,19.369647]]]]}},{"type":"Feature","properties":{"CVEGEO":"040040036","NOM_MUN":"Champotón","NOMGEO":"Sihochac","POB1":2756.0,"POB8":643.0,"POB12":1798.0,"POB24":311.0,"POB42":1403.0,"POB84":1353.0,"POB125_R":96.4,"POB126_R":53.1,"POB127_R":35.8,"POB128_R":17.3,"POB129_R":33.0,"OID":11,"denominacion_oficial":"C04_Loc_urb","modulo_asignado":"Mapa Base","instrumento_vigencia":"","fecha_actualizacion":"2026-07-29","fuente_custodio":"SCINCE_2020","responsable_institucional":"INEGI,2020","proyeccion_original":"EPSG:6372","proyeccion_actual":"EPSG:4326","cobertura_territorial":"Estatal","restricciones_uso":"Público"},"geometry":{"type":"MultiPolygon","coordinates":[[[[-90.585925,19.507752],[-90.585653,19.507321],[-90.583243,19.507316],[-90.583174,19.507527],[-90.582542,19.507465],[-90.581409,19.507145],[-90.580392,19.506959],[-90.580337,19.506575],[-90.578813,19.506434],[-90.577536,19.506254],[-90.577961,19.505325],[-90.577677,19.505404],[-90.577715,19.504137],[-90.577286,19.503892],[-90.577216,19.504024],[-90.576396,19.503744],[-90.575141,19.503311],[-90.575506,19.502661],[-90.575549,19.502595],[-90.575625,19.502314],[-90.575618,19.502009],[-90.575606,19.50196],[-90.575548,19.501696],[-90.575463,19.501393],[-90.575947,19.501194],[-90.576268,19.501139],[-90.576427,19.501112],[-90.576976,19.50115],[-90.577258,19.501263],[-90.577515,19.501385],[-90.577723,19.499913],[-90.577782,19.499546],[-90.579492,19.499145],[-90.580234,19.496866],[-90.580294,19.496158],[-90.580352,19.495501],[-90.58127,19.495922],[-90.581303,19.495934],[-90.581456,19.49562],[-90.581615,19.495272],[-90.581762,19.494902],[-90.581927,19.494543],[-90.581978,19.494496],[-90.584558,19.494732],[-90.584424,19.495141],[-90.58542,19.495448],[-90.58592,19.495336],[-90.585661,19.496248],[-90.585557,19.496661],[-90.588395,19.496687],[-90.588247,19.497977],[-90.588736,19.498027],[-90.589041,19.498171],[-90.588851,19.499169],[-90.589851,19.499183],[-90.590738,19.499103],[-90.590789,19.499203],[-90.590738,19.499994],[-90.591343,19.499904],[-90.591393,19.500278],[-90.593205,19.499972],[-90.592853,19.500169],[-90.592434,19.500446],[-90.592091,19.500753],[-90.591709,19.501099],[-90.59077,19.501917],[-90.591083,19.502219],[-90.590335,19.502897],[-90.590012,19.502606],[-90.588949,19.503594],[-90.588674,19.503858],[-90.588799,19.504003],[-90.588435,19.504644],[-90.588343,19.504719],[-90.588206,19.504747],[-90.587915,19.504766],[-90.585925,19.507752]]]]}},{"type":"Feature","properties":{"CVEGEO":"040040091","NOM_MUN":"Champotón","NOMGEO":"Ley Federal de Reforma Agraria","POB1":2896.0,"POB8":927.0,"POB12":1730.0,"POB24":239.0,"POB42":1445.0,"POB84":1451.0,"POB125_R":100.4,"POB126_R":67.4,"POB127_R":53.6,"POB128_R":13.8,"POB129_R":26.0,"OID":12,"denominacion_oficial":"C04_Loc_urb","modulo_asignado":"Mapa Base","instrumento_vigencia":"","fecha_actualizacion":"2026-07-29","fuente_custodio":"SCINCE_2020","responsable_institucional":"INEGI,2020","proyeccion_original":"EPSG:6372","proyeccion_actual":"EPSG:4326","cobertura_territorial":"Estatal","restricciones_uso":"Público"},"geometry":{"type":"MultiPolygon","coordinates":[[[[-90.802569,19.070439],[-90.802567,19.069859],[-90.802565,19.069399],[-90.802561,19.068401],[-90.802499,19.067409],[-90.802479,19.066381],[-90.802444,19.065367],[-90.802423,19.064378],[-90.802422,19.063309],[-90.801501,19.063337],[-90.801445,19.062268],[-90.802364,19.062234],[-90.802358,19.061269],[-90.80234,19.060192],[-90.802312,19.059216],[-90.802316,19.058215],[-90.802264,19.057167],[-90.802246,19.056156],[-90.802205,19.055152],[-90.802187,19.054153],[-90.802116,19.053554],[-90.801987,19.052166],[-90.804156,19.05216],[-90.805499,19.052126],[-90.80556,19.052238],[-90.807308,19.052259],[-90.808581,19.052264],[-90.810747,19.052298],[-90.811992,19.052317],[-90.81194,19.053951],[-90.811936,19.054918],[-90.811963,19.055966],[-90.812045,19.056994],[-90.81206,19.057624],[-90.812056,19.057937],[-90.812046,19.058552],[-90.812012,19.058968],[-90.812007,19.060018],[-90.811978,19.060997],[-90.81219,19.060994],[-90.812167,19.062011],[-90.812089,19.063033],[-90.812187,19.063632],[-90.812205,19.064164],[-90.812207,19.065159],[-90.813215,19.065163],[-90.813209,19.06615],[-90.812215,19.066168],[-90.812214,19.067212],[-90.812262,19.068178],[-90.812333,19.069173],[-90.812298,19.06929],[-90.812213,19.069389],[-90.812086,19.069587],[-90.811849,19.069711],[-90.811708,19.069754],[-90.811325,19.069827],[-90.810448,19.070244],[-90.810166,19.070434],[-90.810114,19.070836],[-90.808098,19.070768],[-90.807917,19.070682],[-90.807779,19.070616],[-90.807539,19.070527],[-90.807316,19.070445],[-90.807115,19.070304],[-90.806847,19.070232],[-90.806813,19.07023],[-90.806455,19.070207],[-90.80626,19.070074],[-90.806094,19.070009],[-90.805883,19.070021],[-90.805778,19.070071],[-90.80562,19.070156],[-90.805436,19.070319],[-90.805123,19.070344],[-90.80482,19.070366],[-90.804764,19.070354],[-90.804736,19.07042],[-90.804753,19.071594],[-90.803742,19.071587],[-90.803707,19.071587],[-90.803704,19.07217],[-90.803704,19.072275],[-90.803703,19.072334],[-90.803684,19.072334],[-90.802617,19.072343],[-90.802616,19.072296],[-90.802615,19.072133],[-90.802609,19.071601],[-90.802569,19.070439]]]]}},{"type":"Feature","properties":{"CVEGEO":"040040432","NOM_MUN":"Champotón","NOMGEO":"Carrillo Puerto","POB1":2934.0,"POB8":816.0,"POB12":1879.0,"POB24":239.0,"POB42":1458.0,"POB84":1476.0,"POB125_R":101.2,"POB126_R":56.1,"POB127_R":43.4,"POB128_R":12.7,"POB129_R":28.0,"OID":13,"denominacion_oficial":"C04_Loc_urb","modulo_asignado":"Mapa Base","instrumento_vigencia":"","fecha_actualizacion":"2026-07-29","fuente_custodio":"SCINCE_2020","responsable_institucional":"INEGI,2020","proyeccion_original":"EPSG:6372","proyeccion_actual":"EPSG:4326","cobertura_territorial":"Estatal","restricciones_uso":"Público"},"geometry":{"type":"MultiPolygon","coordinates":[[[[-90.517338,19.101219],[-90.516992,19.100887],[-90.516664,19.101331],[-90.515653,19.100358],[-90.514907,19.099587],[-90.515561,19.099315],[-90.515107,19.098504],[-90.514323,19.097178],[-90.516295,19.096207],[-90.516903,19.095917],[-90.516487,19.095504],[-90.516294,19.095397],[-90.516055,19.095114],[-90.515479,19.094571],[-90.514583,19.093707],[-90.51393,19.093053],[-90.515053,19.09237],[-90.514622,19.091751],[-90.514124,19.091079],[-90.514914,19.090695],[-90.514437,19.090054],[-90.513963,19.089381],[-90.513608,19.088975],[-90.512879,19.0882],[-90.513151,19.087806],[-90.514484,19.088735],[-90.51474,19.088372],[-90.514855,19.088209],[-90.515118,19.088007],[-90.515302,19.08793],[-90.51543,19.087877],[-90.515526,19.087865],[-90.515659,19.087862],[-90.51574,19.087828],[-90.515808,19.087772],[-90.515873,19.087663],[-90.516254,19.086995],[-90.516609,19.086481],[-90.517066,19.086076],[-90.517514,19.085506],[-90.517769,19.085179],[-90.517788,19.085155],[-90.519003,19.08597],[-90.519457,19.085157],[-90.519861,19.084436],[-90.519873,19.084413],[-90.520624,19.086147],[-90.520641,19.086186],[-90.524285,19.086495],[-90.525909,19.08864],[-90.526646,19.088308],[-90.528119,19.090689],[-90.528411,19.090547],[-90.528706,19.090984],[-90.528871,19.091284],[-90.528648,19.091386],[-90.529012,19.092074],[-90.528528,19.092291],[-90.529294,19.093918],[-90.529588,19.094473],[-90.52976,19.094783],[-90.528998,19.095131],[-90.528661,19.095282],[-90.529048,19.09603],[-90.529788,19.096087],[-90.530595,19.097854],[-90.528814,19.098647],[-90.528644,19.098726],[-90.529037,19.099405],[-90.52845,19.099686],[-90.527586,19.100082],[-90.527206,19.099416],[-90.527094,19.099464],[-90.527045,19.099368],[-90.527042,19.09937],[-90.526228,19.099736],[-90.525831,19.099012],[-90.52543,19.098233],[-90.525079,19.097549],[-90.525015,19.097405],[-90.523311,19.098201],[-90.523443,19.098455],[-90.522589,19.098868],[-90.52181,19.099248],[-90.520895,19.099691],[-90.521075,19.099995],[-90.521271,19.100326],[-90.521336,19.100437],[-90.520545,19.100868],[-90.519811,19.101268],[-90.519469,19.101453],[-90.519031,19.101701],[-90.518584,19.101077],[-90.517686,19.101668],[-90.517338,19.101219]]]]}},{"type":"Feature","properties":{"CVEGEO":"040040564","NOM_MUN":"Champotón","NOMGEO":"Santo Domingo Kesté","POB1":4461.0,"POB8":1491.0,"POB12":2726.0,"POB24":244.0,"POB42":2219.0,"POB84":2242.0,"POB125_R":101.0,"POB126_R":63.6,"POB127_R":54.7,"POB128_R":9.0,"POB129_R":22.0,"OID":14,"denominacion_oficial":"C04_Loc_urb","modulo_asignado":"Mapa Base","instrumento_vigencia":"","fecha_actualizacion":"2026-07-29","fuente_custodio":"SCINCE_2020","responsable_institucional":"INEGI,2020","proyeccion_original":"EPSG:6372","proyeccion_actual":"EPSG:4326","cobertura_territorial":"Estatal","restricciones_uso":"Público"},"geometry":{"type":"MultiPolygon","coordinates":[[[[-90.507531,19.504623],[-90.507067,19.503322],[-90.506827,19.502666],[-90.506585,19.501982],[-90.506121,19.500672],[-90.504741,19.501089],[-90.504489,19.500431],[-90.504235,19.499748],[-90.503935,19.499118],[-90.503623,19.498455],[-90.503319,19.49781],[-90.504538,19.497387],[-90.504372,19.497323],[-90.504321,19.497297],[-90.504197,19.497269],[-90.504036,19.497212],[-90.503881,19.497104],[-90.503025,19.496714],[-90.502572,19.493797],[-90.50449,19.493229],[-90.507957,19.492196],[-90.508568,19.492014],[-90.508607,19.492001],[-90.508315,19.491145],[-90.508047,19.490359],[-90.507785,19.489557],[-90.508684,19.489296],[-90.509426,19.491664],[-90.509736,19.493519],[-90.509927,19.49442],[-90.510927,19.49413],[-90.511078,19.494555],[-90.512442,19.494111],[-90.512269,19.493644],[-90.513713,19.493273],[-90.5135,19.492726],[-90.515333,19.492187],[-90.515737,19.493056],[-90.515895,19.493697],[-90.516158,19.494369],[-90.516347,19.495043],[-90.516596,19.495703],[-90.516725,19.496009],[-90.516873,19.496359],[-90.51715,19.497066],[-90.517283,19.497417],[-90.517399,19.497722],[-90.517647,19.498395],[-90.517909,19.499077],[-90.518134,19.499714],[-90.518385,19.500423],[-90.518388,19.50043],[-90.518664,19.501057],[-90.518936,19.501761],[-90.519618,19.503673],[-90.518232,19.503735],[-90.514571,19.5038],[-90.513886,19.503813],[-90.514037,19.504201],[-90.513004,19.504248],[-90.513144,19.504682],[-90.512434,19.504922],[-90.512408,19.504931],[-90.512067,19.50394],[-90.51207,19.503903],[-90.510494,19.504426],[-90.509765,19.504657],[-90.509931,19.505061],[-90.509158,19.505262],[-90.508672,19.505388],[-90.508103,19.505549],[-90.507907,19.505604],[-90.507645,19.505263],[-90.507531,19.504623]]]]}},{"type":"Feature","properties":{"CVEGEO":"040050001","NOM_MUN":"Hecelchakán","NOMGEO":"Hecelchakán","POB1":11419.0,"POB8":2709.0,"POB12":7594.0,"POB24":1116.0,"POB42":5930.0,"POB84":5489.0,"POB125_R":92.6,"POB126_R":50.4,"POB127_R":35.7,"POB128_R":14.7,"POB129_R":31.0,"OID":15,"denominacion_oficial":"C04_Loc_urb","modulo_asignado":"Mapa Base","instrumento_vigencia":"","fecha_actualizacion":"2026-07-29","fuente_custodio":"SCINCE_2020","responsable_institucional":"INEGI,2020","proyeccion_original":"EPSG:6372","proyeccion_actual":"EPSG:4326","cobertura_territorial":"Estatal","restricciones_uso":"Público"},"geometry":{"type":"MultiPolygon","coordinates":[[[[-90.124752,20.190135],[-90.122843,20.188441],[-90.122039,20.188151],[-90.122065,20.188088],[-90.121207,20.187705],[-90.12028,20.187233],[-90.120679,20.186464],[-90.120612,20.186439],[-90.121002,20.185841],[-90.121942,20.184448],[-90.122487,20.183301],[-90.123492,20.181457],[-90.12473,20.179368],[-90.125373,20.178392],[-90.125988,20.177418],[-90.126783,20.176134],[-90.127372,20.174938],[-90.127549,20.174355],[-90.127553,20.174333],[-90.127642,20.173813],[-90.12782,20.173207],[-90.128134,20.172142],[-90.12847,20.17135],[-90.128572,20.171181],[-90.128821,20.170954],[-90.128984,20.170845],[-90.129201,20.170747],[-90.129649,20.170607],[-90.131237,20.170308],[-90.132654,20.170047],[-90.133719,20.16985],[-90.133709,20.169156],[-90.134738,20.168505],[-90.136831,20.167054],[-90.141101,20.163755],[-90.141375,20.163911],[-90.142371,20.165341],[-90.143765,20.164432],[-90.14442,20.164054],[-90.145063,20.163804],[-90.145583,20.163715],[-90.146547,20.163621],[-90.147596,20.163531],[-90.147794,20.163514],[-90.147643,20.16398],[-90.147553,20.164192],[-90.147423,20.164411],[-90.147272,20.164668],[-90.147505,20.164516],[-90.148137,20.163987],[-90.148408,20.16381],[-90.149444,20.165097],[-90.148461,20.16577],[-90.148729,20.166131],[-90.148743,20.166151],[-90.149272,20.17012],[-90.149446,20.171424],[-90.149852,20.172443],[-90.149744,20.175636],[-90.150546,20.175789],[-90.150478,20.176465],[-90.150681,20.176512],[-90.148715,20.178794],[-90.148614,20.178911],[-90.147893,20.178751],[-90.147771,20.178713],[-90.147823,20.178807],[-90.148231,20.179524],[-90.148282,20.179613],[-90.14857,20.180114],[-90.148591,20.180146],[-90.148602,20.180164],[-90.147243,20.180037],[-90.145237,20.183126],[-90.144424,20.184349],[-90.144569,20.184554],[-90.144994,20.185151],[-90.144355,20.185442],[-90.144353,20.185443],[-90.144354,20.185445],[-90.144401,20.185522],[-90.144401,20.185695],[-90.144401,20.186192],[-90.1444,20.186788],[-90.144132,20.186707],[-90.14356,20.186615],[-90.143047,20.186459],[-90.14294,20.186418],[-90.142613,20.186347],[-90.142511,20.186547],[-90.142313,20.18652],[-90.142163,20.186391],[-90.141962,20.186213],[-90.141513,20.185905],[-90.140983,20.186649],[-90.140905,20.186736],[-90.140655,20.187018],[-90.141735,20.18767],[-90.135316,20.193065],[-90.135131,20.193102],[-90.133089,20.192773],[-90.132384,20.19224],[-90.132125,20.192045],[-90.132245,20.191818],[-90.132258,20.191805],[-90.13159,20.191358],[-90.130886,20.19085],[-90.130727,20.190168],[-90.130664,20.190135],[-90.129792,20.192],[-90.129276,20.193013],[-90.129141,20.193222],[-90.128405,20.192802],[-90.126461,20.191693],[-90.126527,20.191452],[-90.126385,20.191347],[-90.125885,20.191004],[-90.124752,20.190135]]]]}},{"type":"Feature","properties":{"CVEGEO":"040050007","NOM_MUN":"Hecelchakán","NOMGEO":"Pomuch","POB1":9607.0,"POB8":2432.0,"POB12":6361.0,"POB24":814.0,"POB42":4856.0,"POB84":4751.0,"POB125_R":97.8,"POB126_R":51.0,"POB127_R":38.2,"POB128_R":12.8,"POB129_R":30.0,"OID":16,"denominacion_oficial":"C04_Loc_urb","modulo_asignado":"Mapa Base","instrumento_vigencia":"","fecha_actualizacion":"2026-07-29","fuente_custodio":"SCINCE_2020","responsable_institucional":"INEGI,2020","proyeccion_original":"EPSG:6372","proyeccion_actual":"EPSG:4326","cobertura_territorial":"Estatal","restricciones_uso":"Público"},"geometry":{"type":"MultiPolygon","coordinates":[[[[-90.175051,20.148854],[-90.174706,20.148633],[-90.174323,20.149276],[-90.173807,20.150321],[-90.172933,20.149892],[-90.1729,20.149879],[-90.173336,20.148902],[-90.173349,20.148873],[-90.173029,20.148725],[-90.172493,20.148488],[-90.171527,20.148062],[-90.171228,20.148483],[-90.170227,20.148061],[-90.169555,20.149376],[-90.165265,20.147185],[-90.165364,20.147078],[-90.165533,20.146633],[-90.165665,20.146306],[-90.164987,20.145953],[-90.164741,20.145815],[-90.164451,20.145597],[-90.163702,20.146087],[-90.162514,20.145345],[-90.162767,20.145095],[-90.163111,20.144784],[-90.16336,20.144533],[-90.163473,20.144425],[-90.16367,20.144234],[-90.163894,20.144031],[-90.163397,20.143792],[-90.162534,20.14331],[-90.163122,20.142516],[-90.162093,20.141946],[-90.16295,20.140915],[-90.162527,20.140614],[-90.160154,20.138816],[-90.159534,20.138321],[-90.161377,20.136123],[-90.161021,20.135847],[-90.160783,20.135677],[-90.1607,20.135618],[-90.159664,20.134832],[-90.159935,20.134593],[-90.16043,20.134179],[-90.160656,20.133972],[-90.160831,20.133873],[-90.161756,20.133142],[-90.162076,20.132836],[-90.162422,20.132513],[-90.162962,20.132048],[-90.163263,20.1318],[-90.163526,20.131588],[-90.163837,20.131356],[-90.164384,20.130905],[-90.164989,20.130433],[-90.165195,20.130592],[-90.165613,20.1308],[-90.165905,20.130841],[-90.166248,20.130864],[-90.16647,20.130903],[-90.166768,20.130958],[-90.167309,20.131035],[-90.167666,20.131081],[-90.168183,20.131165],[-90.168474,20.131167],[-90.168634,20.131212],[-90.16873,20.131304],[-90.169107,20.130563],[-90.169492,20.129825],[-90.169495,20.12982],[-90.169881,20.129072],[-90.171742,20.125471],[-90.172167,20.124775],[-90.172346,20.124558],[-90.17253,20.12434],[-90.172898,20.123984],[-90.173592,20.123455],[-90.173876,20.123287],[-90.174143,20.123146],[-90.174494,20.123005],[-90.175616,20.122633],[-90.176992,20.122337],[-90.182688,20.121],[-90.183682,20.120794],[-90.183848,20.120738],[-90.183983,20.120684],[-90.184142,20.1206],[-90.184416,20.120438],[-90.184591,20.120309],[-90.184732,20.120182],[-90.185067,20.119858],[-90.185562,20.120117],[-90.185299,20.12061],[-90.184954,20.121311],[-90.184654,20.121899],[-90.183917,20.124014],[-90.184653,20.124182],[-90.18541,20.124349],[-90.185453,20.124353],[-90.185634,20.124404],[-90.185752,20.124453],[-90.185852,20.124509],[-90.186114,20.124694],[-90.186858,20.125131],[-90.185994,20.126989],[-90.185687,20.127593],[-90.185757,20.12763],[-90.185472,20.128156],[-90.183921,20.127647],[-90.183736,20.128149],[-90.185108,20.128615],[-90.186496,20.129048],[-90.186515,20.129056],[-90.187176,20.129313],[-90.187194,20.12932],[-90.186363,20.131127],[-90.186003,20.132321],[-90.185177,20.131947],[-90.184726,20.132865],[-90.185825,20.133304],[-90.186476,20.133652],[-90.186106,20.134504],[-90.1857,20.135594],[-90.185636,20.135627],[-90.185341,20.136678],[-90.18554,20.136763],[-90.185663,20.13689],[-90.185579,20.138179],[-90.18493,20.138168],[-90.184556,20.138029],[-90.184208,20.137908],[-90.183752,20.138227],[-90.183285,20.138548],[-90.182735,20.138979],[-90.182448,20.139197],[-90.182112,20.139448],[-90.181515,20.139883],[-90.182324,20.140412],[-90.18206,20.140695],[-90.185611,20.142564],[-90.187162,20.143453],[-90.188002,20.143839],[-90.188931,20.144352],[-90.190227,20.145069],[-90.189435,20.146243],[-90.18902,20.145913],[-90.188794,20.146247],[-90.188329,20.146994],[-90.187581,20.148047],[-90.186688,20.147428],[-90.18648,20.147285],[-90.18648,20.147285],[-90.183534,20.152218],[-90.178834,20.150426],[-90.175706,20.149247],[-90.175051,20.148854]]]]}},{"type":"Feature","properties":{"CVEGEO":"040060001","NOM_MUN":"Hopelchén","NOMGEO":"Hopelchén","POB1":8048.0,"POB8":2149.0,"POB12":5172.0,"POB24":684.0,"POB42":4151.0,"POB84":3897.0,"POB125_R":93.9,"POB126_R":54.8,"POB127_R":41.6,"POB128_R":13.2,"POB129_R":29.0,"OID":17,"denominacion_oficial":"C04_Loc_urb","modulo_asignado":"Mapa Base","instrumento_vigencia":"","fecha_actualizacion":"2026-07-29","fuente_custodio":"SCINCE_2020","responsable_institucional":"INEGI,2020","proyeccion_original":"EPSG:6372","proyeccion_actual":"EPSG:4326","cobertura_territorial":"Estatal","restricciones_uso":"Público"},"geometry":{"type":"MultiPolygon","coordinates":[[[[-89.838198,19.758575],[-89.837765,19.758346],[-89.837765,19.758345],[-89.837613,19.75652],[-89.836886,19.756125],[-89.837032,19.755242],[-89.835151,19.754332],[-89.836004,19.753476],[-89.835279,19.753204],[-89.835664,19.752471],[-89.835849,19.752118],[-89.836117,19.751606],[-89.835362,19.7513],[-89.83479,19.751017],[-89.835344,19.750064],[-89.835349,19.750055],[-89.83404,19.749485],[-89.834751,19.748899],[-89.83391,19.748372],[-89.833242,19.749296],[-89.831412,19.748507],[-89.832542,19.746411],[-89.832206,19.746292],[-89.83237,19.745979],[-89.831949,19.745886],[-89.831853,19.745364],[-89.83215,19.7453],[-89.832219,19.745285],[-89.832545,19.745316],[-89.832599,19.745323],[-89.83311,19.745387],[-89.833239,19.745395],[-89.833348,19.745355],[-89.83343,19.74528],[-89.833531,19.745157],[-89.833422,19.745102],[-89.833247,19.744914],[-89.832733,19.744268],[-89.836621,19.737098],[-89.838247,19.738286],[-89.838786,19.737396],[-89.838136,19.73631],[-89.837987,19.735927],[-89.837431,19.733383],[-89.836965,19.731248],[-89.837834,19.731652],[-89.841961,19.733],[-89.842858,19.733448],[-89.844331,19.734285],[-89.844616,19.734383],[-89.844891,19.734416],[-89.845338,19.734423],[-89.846139,19.734402],[-89.846531,19.734451],[-89.846983,19.734562],[-89.849297,19.735277],[-89.852453,19.736247],[-89.857091,19.737692],[-89.857614,19.73807],[-89.857915,19.738479],[-89.858125,19.739022],[-89.858197,19.73953],[-89.858052,19.740002],[-89.856824,19.742907],[-89.855878,19.74468],[-89.855187,19.745988],[-89.854665,19.746978],[-89.854447,19.747706],[-89.85443,19.747823],[-89.8542,19.749347],[-89.854196,19.749558],[-89.854231,19.749762],[-89.854264,19.750177],[-89.854293,19.750543],[-89.854377,19.751619],[-89.85441,19.751992],[-89.854704,19.755346],[-89.849901,19.756112],[-89.849236,19.758302],[-89.846835,19.758114],[-89.844092,19.757899],[-89.844076,19.757897],[-89.843975,19.758371],[-89.84324,19.758037],[-89.842198,19.757635],[-89.841933,19.758194],[-89.841911,19.758238],[-89.841729,19.758623],[-89.840949,19.758281],[-89.840595,19.758171],[-89.840591,19.75817],[-89.840325,19.758088],[-89.840033,19.758881],[-89.839584,19.758571],[-89.839396,19.75895],[-89.838267,19.758586],[-89.838264,19.758586],[-89.838198,19.758575]]]]}},{"type":"Feature","properties":{"CVEGEO":"040060003","NOM_MUN":"Hopelchén","NOMGEO":"Bolonchén de Rejón","POB1":4234.0,"POB8":1152.0,"POB12":2679.0,"POB24":403.0,"POB42":2036.0,"POB84":2198.0,"POB125_R":108.0,"POB126_R":58.0,"POB127_R":43.0,"POB128_R":15.0,"POB129_R":29.0,"OID":18,"denominacion_oficial":"C04_Loc_urb","modulo_asignado":"Mapa Base","instrumento_vigencia":"","fecha_actualizacion":"2026-07-29","fuente_custodio":"SCINCE_2020","responsable_institucional":"INEGI,2020","proyeccion_original":"EPSG:6372","proyeccion_actual":"EPSG:4326","cobertura_territorial":"Estatal","restricciones_uso":"Público"},"geometry":{"type":"MultiPolygon","coordinates":[[[[-89.734812,20.009011],[-89.734626,20.008958],[-89.734428,20.009392],[-89.734012,20.009425],[-89.735461,20.001828],[-89.73557,20.001256],[-89.735615,20.001017],[-89.735833,19.999848],[-89.743144,19.999251],[-89.743182,19.999248],[-89.743161,19.999266],[-89.743148,19.999278],[-89.74318,19.999283],[-89.743917,19.999389],[-89.745385,19.999601],[-89.74566,19.999641],[-89.745962,19.999545],[-89.746556,19.999356],[-89.746615,19.999332],[-89.746804,19.998939],[-89.747104,19.998316],[-89.747075,19.99815],[-89.746967,19.997902],[-89.747056,19.996658],[-89.748156,19.997012],[-89.74912,19.997317],[-89.749414,19.995908],[-89.749957,19.996106],[-89.750136,19.995507],[-89.751158,19.995725],[-89.752337,19.996695],[-89.752677,19.99696],[-89.755617,19.999256],[-89.755694,19.999312],[-89.756229,19.998927],[-89.757074,19.99976],[-89.757095,19.999803],[-89.757065,20.000777],[-89.755853,20.003393],[-89.755902,20.003411],[-89.755715,20.00383],[-89.755497,20.004375],[-89.754801,20.004145],[-89.754097,20.003961],[-89.754197,20.004363],[-89.754166,20.004483],[-89.753583,20.004947],[-89.753531,20.005059],[-89.753181,20.006666],[-89.753406,20.007224],[-89.753135,20.008081],[-89.753213,20.008183],[-89.749965,20.009638],[-89.746686,20.01131],[-89.746668,20.011179],[-89.746024,20.010904],[-89.74508,20.010132],[-89.745067,20.009763],[-89.745017,20.009584],[-89.744955,20.00964],[-89.744854,20.009682],[-89.744736,20.009712],[-89.744465,20.009653],[-89.744363,20.009616],[-89.741173,20.010257],[-89.739914,20.010509],[-89.738296,20.010637],[-89.734225,20.010716],[-89.734218,20.010716],[-89.734358,20.010212],[-89.73457,20.009572],[-89.734812,20.009011]]]]}},{"type":"Feature","properties":{"CVEGEO":"040060023","NOM_MUN":"Hopelchén","NOMGEO":"Vicente Guerrero","POB1":3570.0,"POB8":995.0,"POB12":2242.0,"POB24":322.0,"POB42":1711.0,"POB84":1859.0,"POB125_R":108.6,"POB126_R":58.7,"POB127_R":44.4,"POB128_R":14.4,"POB129_R":27.0,"OID":19,"denominacion_oficial":"C04_Loc_urb","modulo_asignado":"Mapa Base","instrumento_vigencia":"","fecha_actualizacion":"2026-07-29","fuente_custodio":"SCINCE_2020","responsable_institucional":"INEGI,2020","proyeccion_original":"EPSG:6372","proyeccion_actual":"EPSG:4326","cobertura_territorial":"Estatal","restricciones_uso":"Público"},"geometry":{"type":"MultiPolygon","coordinates":[[[[-89.596356,19.585013],[-89.595901,19.584866],[-89.595894,19.584927],[-89.595804,19.585184],[-89.595587,19.585807],[-89.594354,19.585453],[-89.593191,19.585125],[-89.593502,19.584212],[-89.593585,19.58399],[-89.593812,19.583386],[-89.59422,19.582117],[-89.594374,19.581369],[-89.594568,19.581107],[-89.595338,19.58021],[-89.595956,19.579452],[-89.596165,19.579486],[-89.596353,19.576722],[-89.596218,19.576679],[-89.596698,19.575524],[-89.596952,19.575624],[-89.59756,19.57477],[-89.597561,19.574766],[-89.597759,19.5742],[-89.597784,19.574117],[-89.598106,19.573053],[-89.598537,19.571912],[-89.599446,19.572157],[-89.599449,19.571145],[-89.600584,19.571481],[-89.600912,19.570315],[-89.60197,19.570533],[-89.602325,19.569293],[-89.602897,19.567296],[-89.603263,19.566849],[-89.604312,19.567794],[-89.604772,19.565165],[-89.607206,19.56796],[-89.607009,19.568152],[-89.606418,19.568731],[-89.605907,19.56923],[-89.605047,19.570308],[-89.605039,19.570317],[-89.605514,19.570508],[-89.605951,19.570684],[-89.606297,19.570823],[-89.606689,19.571194],[-89.607753,19.571558],[-89.607471,19.57225],[-89.607268,19.572942],[-89.606805,19.572818],[-89.606703,19.573254],[-89.606895,19.574319],[-89.606819,19.574302],[-89.606859,19.57522],[-89.607657,19.575409],[-89.607699,19.57648],[-89.607699,19.576481],[-89.607554,19.577186],[-89.607553,19.577193],[-89.607882,19.579685],[-89.607807,19.579776],[-89.607113,19.580495],[-89.607165,19.58137],[-89.606933,19.581328],[-89.607292,19.582458],[-89.60643,19.584035],[-89.605392,19.583826],[-89.605168,19.58458],[-89.603928,19.584063],[-89.60357,19.585226],[-89.603151,19.586486],[-89.602535,19.588435],[-89.601504,19.588108],[-89.600252,19.587712],[-89.599082,19.587286],[-89.597662,19.586827],[-89.596853,19.586531],[-89.597101,19.586225],[-89.596934,19.586056],[-89.59682,19.585906],[-89.596801,19.585771],[-89.596905,19.585495],[-89.597012,19.585212],[-89.596985,19.585165],[-89.596767,19.585098],[-89.596356,19.585013]]]]}},{"type":"Feature","properties":{"CVEGEO":"040070001","NOM_MUN":"Palizada","NOMGEO":"Palizada","POB1":3485.0,"POB8":949.0,"POB12":2177.0,"POB24":359.0,"POB42":1786.0,"POB84":1699.0,"POB125_R":95.1,"POB126_R":60.1,"POB127_R":43.6,"POB128_R":16.5,"POB129_R":32.0,"OID":20,"denominacion_oficial":"C04_Loc_urb","modulo_asignado":"Mapa Base","instrumento_vigencia":"","fecha_actualizacion":"2026-07-29","fuente_custodio":"SCINCE_2020","responsable_institucional":"INEGI,2020","proyeccion_original":"EPSG:6372","proyeccion_actual":"EPSG:4326","cobertura_territorial":"Estatal","restricciones_uso":"Público"},"geometry":{"type":"MultiPolygon","coordinates":[[[[-92.08728,18.263244],[-92.087174,18.263221],[-92.087028,18.26323],[-92.086884,18.263256],[-92.086788,18.263297],[-92.086738,18.263351],[-92.086697,18.263415],[-92.086671,18.263509],[-92.086655,18.263645],[-92.086652,18.263707],[-92.086621,18.264166],[-92.086559,18.264189],[-92.0864,18.264251],[-92.086359,18.264277],[-92.08629,18.26432],[-92.086359,18.26566],[-92.086237,18.265687],[-92.085564,18.265836],[-92.085131,18.264538],[-92.084817,18.263558],[-92.084735,18.262546],[-92.085196,18.261593],[-92.084841,18.261382],[-92.084297,18.261191],[-92.083786,18.261184],[-92.083772,18.260859],[-92.083877,18.260798],[-92.083075,18.259035],[-92.084387,18.258662],[-92.084227,18.257661],[-92.083116,18.255771],[-92.083289,18.254072],[-92.083362,18.253874],[-92.083143,18.253872],[-92.082802,18.253997],[-92.082344,18.254052],[-92.082367,18.25326],[-92.082345,18.25201],[-92.08248,18.25202],[-92.082837,18.252009],[-92.08294,18.252006],[-92.083256,18.252145],[-92.083547,18.252336],[-92.084096,18.25302],[-92.084672,18.253477],[-92.085269,18.253763],[-92.08543,18.253764],[-92.08569,18.253751],[-92.086021,18.253719],[-92.086495,18.253604],[-92.086766,18.254056],[-92.086796,18.25433],[-92.086938,18.25433],[-92.086755,18.253549],[-92.087911,18.253089],[-92.088329,18.253002],[-92.088897,18.252972],[-92.089005,18.252984],[-92.089246,18.253042],[-92.089478,18.253105],[-92.08979,18.253143],[-92.090081,18.253209],[-92.090433,18.253252],[-92.090836,18.253277],[-92.091521,18.253223],[-92.092028,18.253145],[-92.092565,18.253035],[-92.092886,18.252954],[-92.093035,18.252906],[-92.093325,18.252852],[-92.093557,18.252853],[-92.093797,18.252862],[-92.094211,18.252903],[-92.095312,18.253167],[-92.096333,18.253495],[-92.097862,18.253903],[-92.098246,18.253969],[-92.099587,18.254201],[-92.100857,18.254315],[-92.100539,18.255968],[-92.100846,18.256017],[-92.10133,18.256094],[-92.101657,18.256147],[-92.103394,18.256418],[-92.105295,18.256715],[-92.105002,18.258518],[-92.104974,18.258685],[-92.101152,18.25817],[-92.100389,18.25807],[-92.100368,18.258263],[-92.094487,18.257506],[-92.094051,18.257724],[-92.093367,18.258266],[-92.092061,18.259357],[-92.091605,18.259736],[-92.091977,18.260937],[-92.092313,18.261819],[-92.090206,18.260972],[-92.088874,18.26478],[-92.092423,18.268637],[-92.091915,18.269111],[-92.087499,18.26449],[-92.086855,18.263824],[-92.087093,18.263587],[-92.087344,18.263337],[-92.087356,18.263275],[-92.08728,18.263244]]]]}},{"type":"Feature","properties":{"CVEGEO":"040080001","NOM_MUN":"Tenabo","NOMGEO":"Tenabo","POB1":8748.0,"POB8":2308.0,"POB12":5757.0,"POB24":683.0,"POB42":4327.0,"POB84":4421.0,"POB125_R":102.2,"POB126_R":52.0,"POB127_R":40.1,"POB128_R":11.9,"POB129_R":29.0,"OID":21,"denominacion_oficial":"C04_Loc_urb","modulo_asignado":"Mapa Base","instrumento_vigencia":"","fecha_actualizacion":"2026-07-29","fuente_custodio":"SCINCE_2020","responsable_institucional":"INEGI,2020","proyeccion_original":"EPSG:6372","proyeccion_actual":"EPSG:4326","cobertura_territorial":"Estatal","restricciones_uso":"Público"},"geometry":{"type":"MultiPolygon","coordinates":[[[[-90.21318,20.062403],[-90.213298,20.061001],[-90.213327,20.060613],[-90.213526,20.05847],[-90.213956,20.053742],[-90.214067,20.052331],[-90.214218,20.051671],[-90.21565,20.048767],[-90.216724,20.046664],[-90.217028,20.04607],[-90.217409,20.045279],[-90.217593,20.044579],[-90.217583,20.044039],[-90.217484,20.04324],[-90.217447,20.043064],[-90.216982,20.040875],[-90.216496,20.038632],[-90.216324,20.037784],[-90.216345,20.037286],[-90.216527,20.036776],[-90.216814,20.036334],[-90.217095,20.036064],[-90.217452,20.035774],[-90.220601,20.033717],[-90.223486,20.031827],[-90.224918,20.030821],[-90.225552,20.030527],[-90.226523,20.030154],[-90.227279,20.029897],[-90.22793,20.029739],[-90.228215,20.029727],[-90.228539,20.029776],[-90.228991,20.029914],[-90.22976,20.030255],[-90.231894,20.031437],[-90.232945,20.031988],[-90.23334,20.032135],[-90.233606,20.032193],[-90.233695,20.032213],[-90.234022,20.032285],[-90.234363,20.032322],[-90.234445,20.032332],[-90.234836,20.032317],[-90.235368,20.032229],[-90.235701,20.032152],[-90.235959,20.032055],[-90.23643,20.031813],[-90.236569,20.031719],[-90.237647,20.03106],[-90.238265,20.030543],[-90.238323,20.030596],[-90.23901,20.031231],[-90.239608,20.031784],[-90.239036,20.032164],[-90.238772,20.03234],[-90.238404,20.032558],[-90.238303,20.032604],[-90.238247,20.032633],[-90.238194,20.032655],[-90.237883,20.032842],[-90.237521,20.033058],[-90.237065,20.03333],[-90.237025,20.033354],[-90.236666,20.033566],[-90.236418,20.033711],[-90.236557,20.034006],[-90.23659,20.033986],[-90.237297,20.033566],[-90.237683,20.034036],[-90.238022,20.03445],[-90.237195,20.034991],[-90.237031,20.035219],[-90.237031,20.035408],[-90.23702,20.035603],[-90.237296,20.035528],[-90.237346,20.035515],[-90.237417,20.03553],[-90.237792,20.035686],[-90.237969,20.035775],[-90.238243,20.035999],[-90.238267,20.036019],[-90.238266,20.036019],[-90.238204,20.036076],[-90.236955,20.038562],[-90.236955,20.038563],[-90.236488,20.039375],[-90.235943,20.040326],[-90.236619,20.040358],[-90.237694,20.040406],[-90.238022,20.04042],[-90.238969,20.04044],[-90.240051,20.040463],[-90.23974,20.042184],[-90.239255,20.043847],[-90.238947,20.044332],[-90.238808,20.044606],[-90.2387,20.044773],[-90.238565,20.044868],[-90.23835,20.04472],[-90.237174,20.043739],[-90.237062,20.043657],[-90.235985,20.045881],[-90.235018,20.047897],[-90.235737,20.048286],[-90.235437,20.049097],[-90.235921,20.049355],[-90.235045,20.050374],[-90.235918,20.050776],[-90.234105,20.052747],[-90.232379,20.054623],[-90.230198,20.052344],[-90.230119,20.052249],[-90.229675,20.053281],[-90.228858,20.054485],[-90.227905,20.055674],[-90.22751,20.055353],[-90.227164,20.055155],[-90.226652,20.054912],[-90.226097,20.054537],[-90.225659,20.053996],[-90.225109,20.053307],[-90.224915,20.05358],[-90.223934,20.053492],[-90.221107,20.053193],[-90.219862,20.053023],[-90.219733,20.053196],[-90.219161,20.05396],[-90.216816,20.058878],[-90.215295,20.062336],[-90.213894,20.06173],[-90.213168,20.06321],[-90.213036,20.063396],[-90.213065,20.063163],[-90.21318,20.062403]]]]}},{"type":"Feature","properties":{"CVEGEO":"040100001","NOM_MUN":"Calakmul","NOMGEO":"Xpujil","POB1":5729.0,"POB8":2068.0,"POB12":3420.0,"POB24":230.0,"POB42":2938.0,"POB84":2791.0,"POB125_R":95.0,"POB126_R":67.2,"POB127_R":60.5,"POB128_R":6.7,"POB129_R":23.0,"OID":22,"denominacion_oficial":"C04_Loc_urb","modulo_asignado":"Mapa Base","instrumento_vigencia":"","fecha_actualizacion":"2026-07-29","fuente_custodio":"SCINCE_2020","responsable_institucional":"INEGI,2020","proyeccion_original":"EPSG:6372","proyeccion_actual":"EPSG:4326","cobertura_territorial":"Estatal","restricciones_uso":"Público"},"geometry":{"type":"MultiPolygon","coordinates":[[[[-89.39689,18.51772],[-89.396784,18.517216],[-89.395453,18.517512],[-89.394726,18.514461],[-89.393697,18.510064],[-89.393149,18.509953],[-89.393114,18.510434],[-89.393046,18.51042],[-89.393051,18.511113],[-89.392722,18.511212],[-89.391972,18.511438],[-89.391706,18.51148],[-89.391184,18.511371],[-89.390767,18.511242],[-89.389555,18.510944],[-89.389456,18.510406],[-89.389457,18.509678],[-89.389385,18.509532],[-89.389363,18.509299],[-89.389344,18.509204],[-89.389353,18.508987],[-89.389385,18.50889],[-89.389474,18.508392],[-89.38945,18.508263],[-89.38946,18.508225],[-89.389483,18.508134],[-89.389492,18.508119],[-89.389605,18.507943],[-89.388973,18.507904],[-89.387644,18.507752],[-89.387628,18.50776],[-89.38755,18.507741],[-89.3863,18.507437],[-89.386505,18.506697],[-89.386666,18.506726],[-89.386731,18.506519],[-89.386792,18.506265],[-89.386913,18.505857],[-89.387039,18.505366],[-89.387123,18.505039],[-89.387214,18.504044],[-89.387188,18.503026],[-89.386182,18.502875],[-89.386281,18.502],[-89.386334,18.501375],[-89.386496,18.501376],[-89.386497,18.501373],[-89.386747,18.500353],[-89.386517,18.500349],[-89.38658,18.499494],[-89.387061,18.499206],[-89.387589,18.499422],[-89.387926,18.49956],[-89.388154,18.499561],[-89.388346,18.499562],[-89.38838,18.498652],[-89.388259,18.497857],[-89.388554,18.496379],[-89.388841,18.49501],[-89.390334,18.49518],[-89.39123,18.495274],[-89.392115,18.495377],[-89.392404,18.49541],[-89.392442,18.494965],[-89.392668,18.492348],[-89.3927,18.491724],[-89.392795,18.491371],[-89.392223,18.49107],[-89.392734,18.490283],[-89.393232,18.489578],[-89.393631,18.489781],[-89.393908,18.490104],[-89.39381,18.490248],[-89.394323,18.490553],[-89.394324,18.490554],[-89.393983,18.491103],[-89.393567,18.491773],[-89.393717,18.491851],[-89.393744,18.491862],[-89.394382,18.492116],[-89.395066,18.492459],[-89.39533,18.492602],[-89.395324,18.493069],[-89.39663,18.493348],[-89.39672,18.492442],[-89.396721,18.492435],[-89.397242,18.492646],[-89.397629,18.492802],[-89.397629,18.492801],[-89.39764,18.492681],[-89.398068,18.49287],[-89.398903,18.493284],[-89.398809,18.493713],[-89.398741,18.494022],[-89.399293,18.494248],[-89.399663,18.494695],[-89.399754,18.493602],[-89.402287,18.494984],[-89.401999,18.495397],[-89.401611,18.49593],[-89.4012,18.496458],[-89.400672,18.497135],[-89.403109,18.498321],[-89.40288,18.499035],[-89.405347,18.499357],[-89.405216,18.499741],[-89.404007,18.499703],[-89.40392,18.500518],[-89.403894,18.501378],[-89.403432,18.501282],[-89.403293,18.50293],[-89.403329,18.502918],[-89.405172,18.50295],[-89.404633,18.507573],[-89.404538,18.508897],[-89.402268,18.508704],[-89.400717,18.508611],[-89.400711,18.508645],[-89.400708,18.508664],[-89.400626,18.509112],[-89.400538,18.509424],[-89.400368,18.509964],[-89.40018,18.51012],[-89.399299,18.509859],[-89.399099,18.509815],[-89.398671,18.509687],[-89.397023,18.509205],[-89.396759,18.509145],[-89.396316,18.508965],[-89.396084,18.508937],[-89.395574,18.508748],[-89.395182,18.508603],[-89.395191,18.508638],[-89.395509,18.509993],[-89.395195,18.510089],[-89.396112,18.51431],[-89.396448,18.515628],[-89.398563,18.515687],[-89.400873,18.515755],[-89.400898,18.515836],[-89.40113,18.516582],[-89.401393,18.517427],[-89.401613,18.51835],[-89.399304,18.518475],[-89.397131,18.5186],[-89.39689,18.51772]]]]}},{"type":"Feature","properties":{"CVEGEO":"040120001","NOM_MUN":"Seybaplaya","NOMGEO":"Seybaplaya","POB1":9515.0,"POB8":2187.0,"POB12":6355.0,"POB24":972.0,"POB42":4783.0,"POB84":4732.0,"POB125_R":98.9,"POB126_R":49.7,"POB127_R":34.4,"POB128_R":15.3,"POB129_R":32.0,"OID":23,"denominacion_oficial":"C04_Loc_urb","modulo_asignado":"Mapa Base","instrumento_vigencia":"","fecha_actualizacion":"2026-07-29","fuente_custodio":"SCINCE_2020","responsable_institucional":"INEGI,2020","proyeccion_original":"EPSG:6372","proyeccion_actual":"EPSG:4326","cobertura_territorial":"Estatal","restricciones_uso":"Público"},"geometry":{"type":"MultiPolygon","coordinates":[[[[-90.685168,19.649292],[-90.683521,19.647342],[-90.683221,19.646991],[-90.682142,19.645731],[-90.681677,19.64519],[-90.681425,19.644859],[-90.6811,19.644299],[-90.6809,19.643862],[-90.680725,19.64337],[-90.680588,19.642767],[-90.680537,19.642403],[-90.680522,19.642079],[-90.680564,19.641373],[-90.680697,19.639648],[-90.680579,19.639714],[-90.680096,19.639788],[-90.679304,19.639904],[-90.678961,19.639938],[-90.678641,19.639874],[-90.678438,19.639757],[-90.678246,19.639571],[-90.67803,19.639378],[-90.677832,19.639239],[-90.677515,19.639103],[-90.677858,19.638267],[-90.677879,19.636602],[-90.679994,19.636589],[-90.679756,19.63519],[-90.678811,19.635165],[-90.677807,19.635211],[-90.677785,19.634794],[-90.67793,19.633847],[-90.678833,19.633784],[-90.678795,19.632379],[-90.679708,19.632342],[-90.679712,19.630849],[-90.679865,19.630865],[-90.680041,19.630917],[-90.680456,19.631089],[-90.680513,19.631114],[-90.680524,19.631119],[-90.680632,19.629535],[-90.681332,19.629632],[-90.681344,19.62947],[-90.681436,19.629242],[-90.681634,19.629205],[-90.681677,19.62912],[-90.681701,19.62864],[-90.681763,19.62848],[-90.681879,19.628365],[-90.682017,19.628025],[-90.681555,19.627701],[-90.68113,19.627596],[-90.681104,19.627742],[-90.681073,19.628285],[-90.680214,19.628089],[-90.680338,19.627421],[-90.679811,19.627298],[-90.679985,19.626242],[-90.68006,19.625776],[-90.678702,19.625615],[-90.678765,19.625042],[-90.678781,19.625044],[-90.679581,19.625153],[-90.680125,19.625228],[-90.680139,19.625113],[-90.680307,19.623712],[-90.680319,19.623615],[-90.680424,19.622738],[-90.680515,19.621688],[-90.681399,19.621611],[-90.682588,19.621626],[-90.68337,19.62163],[-90.684179,19.621697],[-90.685574,19.621855],[-90.685401,19.622572],[-90.685219,19.623508],[-90.685586,19.623469],[-90.685739,19.623494],[-90.685696,19.623814],[-90.685689,19.6241],[-90.685681,19.6244],[-90.685675,19.624622],[-90.685602,19.624877],[-90.685556,19.625364],[-90.68561,19.625692],[-90.685582,19.626085],[-90.685574,19.626539],[-90.685585,19.626892],[-90.685592,19.627248],[-90.685602,19.627684],[-90.685599,19.627933],[-90.685624,19.628352],[-90.68567,19.628853],[-90.685702,19.629232],[-90.685749,19.629635],[-90.685802,19.629981],[-90.685845,19.630277],[-90.685895,19.630565],[-90.685952,19.63081],[-90.68603,19.631153],[-90.686102,19.631438],[-90.686169,19.631687],[-90.686226,19.631905],[-90.68634,19.632176],[-90.686424,19.632395],[-90.686426,19.632647],[-90.686494,19.632822],[-90.686544,19.632983],[-90.686622,19.633242],[-90.686693,19.633554],[-90.686779,19.633843],[-90.686893,19.634165],[-90.686976,19.634422],[-90.687007,19.634516],[-90.687007,19.634518],[-90.687121,19.634503],[-90.687127,19.634502],[-90.687235,19.634739],[-90.687335,19.635018],[-90.687435,19.635313],[-90.687567,19.635639],[-90.687695,19.63571],[-90.687863,19.636089],[-90.68813,19.63673],[-90.688294,19.636976],[-90.688437,19.637305],[-90.688569,19.637664],[-90.688733,19.637936],[-90.689103,19.638507],[-90.689593,19.639527],[-90.689665,19.639612],[-90.689742,19.63964],[-90.689743,19.639641],[-90.689857,19.639641],[-90.690094,19.639563],[-90.690507,19.639492],[-90.69051,19.639491],[-90.690665,19.639549],[-90.690727,19.639643],[-90.690739,19.639737],[-90.690698,19.639865],[-90.690872,19.640136],[-90.690874,19.640138],[-90.692046,19.639617],[-90.694953,19.638323],[-90.6952,19.637682],[-90.694648,19.637481],[-90.6947,19.637287],[-90.694701,19.637286],[-90.695277,19.637452],[-90.695283,19.637454],[-90.695547,19.636822],[-90.695114,19.635992],[-90.695325,19.635922],[-90.69533,19.635921],[-90.695742,19.636733],[-90.695069,19.638437],[-90.690979,19.640261],[-90.690634,19.640404],[-90.69061,19.640523],[-90.69042,19.640713],[-90.690466,19.640797],[-90.690493,19.640943],[-90.69055,19.641104],[-90.690693,19.641361],[-90.690784,19.641526],[-90.690797,19.641548],[-90.690967,19.641856],[-90.691117,19.642142],[-90.691442,19.642525],[-90.691524,19.642744],[-90.691664,19.64292],[-90.691964,19.643354],[-90.692217,19.64367],[-90.69235,19.643863],[-90.692481,19.644011],[-90.692603,19.64416],[-90.692631,19.644188],[-90.692648,19.644206],[-90.692763,19.644325],[-90.692829,19.644453],[-90.693,19.644717],[-90.693384,19.645152],[-90.69347,19.645224],[-90.693354,19.645265],[-90.693303,19.645323],[-90.692054,19.646549],[-90.69211,19.646731],[-90.692173,19.646868],[-90.69218,19.647039],[-90.692313,19.647336],[-90.692351,19.647564],[-90.692411,19.647762],[-90.692427,19.647867],[-90.692467,19.648155],[-90.692444,19.64823],[-90.692386,19.648287],[-90.692194,19.648319],[-90.692122,19.648347],[-90.691924,19.648449],[-90.692059,19.649069],[-90.692145,19.649059],[-90.692172,19.649106],[-90.692184,19.64926],[-90.69216,19.649356],[-90.692065,19.649436],[-90.691981,19.649522],[-90.691902,19.649729],[-90.691898,19.649786],[-90.691892,19.649861],[-90.691888,19.649913],[-90.691877,19.649923],[-90.691857,19.649941],[-90.691831,19.649964],[-90.691829,19.650281],[-90.691829,19.650295],[-90.691873,19.650521],[-90.691883,19.650569],[-90.69195,19.650902],[-90.691694,19.650944],[-90.691439,19.651061],[-90.69137,19.65113],[-90.691133,19.6513],[-90.690792,19.651468],[-90.69051,19.651517],[-90.690224,19.651567],[-90.689631,19.651669],[-90.68929,19.651769],[-90.688957,19.6519],[-90.688054,19.652288],[-90.687773,19.65241],[-90.687571,19.65213],[-90.687139,19.651642],[-90.686707,19.651096],[-90.685168,19.649292]]]]}},{"type":"Feature","properties":{"CVEGEO":"040120055","NOM_MUN":"Seybaplaya","NOMGEO":"Villa Madero","POB1":4612.0,"POB8":1287.0,"POB12":3037.0,"POB24":288.0,"POB42":2309.0,"POB84":2303.0,"POB125_R":99.7,"POB126_R":51.9,"POB127_R":42.4,"POB128_R":9.5,"POB129_R":27.0,"OID":24,"denominacion_oficial":"C04_Loc_urb","modulo_asignado":"Mapa Base","instrumento_vigencia":"","fecha_actualizacion":"2026-07-29","fuente_custodio":"SCINCE_2020","responsable_institucional":"INEGI,2020","proyeccion_original":"EPSG:6372","proyeccion_actual":"EPSG:4326","cobertura_territorial":"Estatal","restricciones_uso":"Público"},"geometry":{"type":"MultiPolygon","coordinates":[[[[-90.697229,19.533769],[-90.697366,19.533037],[-90.696905,19.532976],[-90.696946,19.532751],[-90.69664,19.532704],[-90.696501,19.53342],[-90.696199,19.53337],[-90.696145,19.533625],[-90.695699,19.533425],[-90.696136,19.533094],[-90.695916,19.532849],[-90.6956,19.532521],[-90.69539,19.532608],[-90.694848,19.532794],[-90.694828,19.532873],[-90.694051,19.533417],[-90.693604,19.533305],[-90.69373,19.532711],[-90.693835,19.532214],[-90.694032,19.531212],[-90.694581,19.528156],[-90.694853,19.526529],[-90.695026,19.525526],[-90.695392,19.523236],[-90.695976,19.519502],[-90.69613,19.518153],[-90.696165,19.517928],[-90.696495,19.516845],[-90.700092,19.517523],[-90.700111,19.518116],[-90.701521,19.518406],[-90.701549,19.518412],[-90.701582,19.518419],[-90.701576,19.518479],[-90.701571,19.518531],[-90.701505,19.519187],[-90.702506,19.519339],[-90.702269,19.522068],[-90.702964,19.522485],[-90.701942,19.525104],[-90.702504,19.525187],[-90.702536,19.525157],[-90.70258,19.52512],[-90.702646,19.525082],[-90.70282,19.525074],[-90.703144,19.525099],[-90.703168,19.525101],[-90.703232,19.524789],[-90.703319,19.524479],[-90.703863,19.524508],[-90.703757,19.525191],[-90.703708,19.52519],[-90.703812,19.525697],[-90.703935,19.526345],[-90.703983,19.526542],[-90.704865,19.526716],[-90.705424,19.526838],[-90.705384,19.527113],[-90.706449,19.527421],[-90.708357,19.526615],[-90.708744,19.527212],[-90.707879,19.527655],[-90.707247,19.527653],[-90.707128,19.528015],[-90.706779,19.529079],[-90.706672,19.529533],[-90.706492,19.530114],[-90.706761,19.530149],[-90.706691,19.5305],[-90.70667,19.530496],[-90.706669,19.530496],[-90.706446,19.530451],[-90.70643,19.530448],[-90.706423,19.530447],[-90.706411,19.530444],[-90.70641,19.530444],[-90.706157,19.530379],[-90.705823,19.530299],[-90.705307,19.530197],[-90.70527,19.530339],[-90.705066,19.531126],[-90.704542,19.531004],[-90.704506,19.531005],[-90.704444,19.530993],[-90.704443,19.530993],[-90.70405,19.53092],[-90.70405,19.53092],[-90.704002,19.530911],[-90.704147,19.530353],[-90.703094,19.530095],[-90.70299,19.530454],[-90.702858,19.53093],[-90.70261,19.531843],[-90.702493,19.532529],[-90.702161,19.533935],[-90.701527,19.533728],[-90.700703,19.533421],[-90.699708,19.533156],[-90.699704,19.533084],[-90.699049,19.533025],[-90.699031,19.533355],[-90.698367,19.53321],[-90.698214,19.533939],[-90.697229,19.533769]]]]}},{"type":"Feature","properties":{"CVEGEO":"040030001","NOM_MUN":"Carmen","NOMGEO":"Ciudad del Carmen","POB1":191238.0,"POB8":43954.0,"POB12":132746.0,"POB24":11143.0,"POB42":97313.0,"POB84":93925.0,"POB125_R":96.5,"POB126_R":41.5,"POB127_R":33.1,"POB128_R":8.4,"POB129_R":31.0,"OID":25,"denominacion_oficial":"C04_Loc_urb","modulo_asignado":"Mapa Base","instrumento_vigencia":"","fecha_actualizacion":"2026-07-29","fuente_custodio":"SCINCE_2020","responsable_institucional":"INEGI,2020","proyeccion_original":"EPSG:6372","proyeccion_actual":"EPSG:4326","cobertura_territorial":"Estatal","restricciones_uso":"Público"},"geometry":{"type":"MultiPolygon","coordinates":[[[[-91.745761,18.6634],[-91.746085,18.663079],[-91.746127,18.663042],[-91.746315,18.662955],[-91.74637,18.662922],[-91.74637,18.662921],[-91.746417,18.662845],[-91.746456,18.662709],[-91.746505,18.662595],[-91.746595,18.662514],[-91.74668,18.662431],[-91.746743,18.662356],[-91.746783,18.662272],[-91.746877,18.662183],[-91.746878,18.662182],[-91.746936,18.662139],[-91.746982,18.662086],[-91.746998,18.662037],[-91.747031,18.661957],[-91.747075,18.66189],[-91.747136,18.661817],[-91.747258,18.661696],[-91.747428,18.661678],[-91.747634,18.66167],[-91.74765,18.661679],[-91.747719,18.661719],[-91.747791,18.661767],[-91.74784,18.661789],[-91.747902,18.661792],[-91.747967,18.661779],[-91.748043,18.661738],[-91.748043,18.661737],[-91.748086,18.661681],[-91.748171,18.661586],[-91.748242,18.661523],[-91.748265,18.661479],[-91.748266,18.661478],[-91.74835,18.661424],[-91.748351,18.661424],[-91.748507,18.661294],[-91.748508,18.661293],[-91.748637,18.661183],[-91.748705,18.66114],[-91.748809,18.661112],[-91.748861,18.661101],[-91.748861,18.6611],[-91.748867,18.661095],[-91.748875,18.661075],[-91.748875,18.66104],[-91.748872,18.660964],[-91.748891,18.660863],[-91.748931,18.660767],[-91.749048,18.660632],[-91.749049,18.660632],[-91.74926,18.660511],[-91.749325,18.660486],[-91.749383,18.660455],[-91.749421,18.660407],[-91.749435,18.660333],[-91.749553,18.660189],[-91.749756,18.659945],[-91.749757,18.659945],[-91.749861,18.659876],[-91.749948,18.659848],[-91.750013,18.659831],[-91.750115,18.659814],[-91.750195,18.659815],[-91.750308,18.659807],[-91.750359,18.659792],[-91.750406,18.659764],[-91.750406,18.659763],[-91.750438,18.659719],[-91.750471,18.659656],[-91.750519,18.659579],[-91.750519,18.659578],[-91.750626,18.6595],[-91.750713,18.65947],[-91.750854,18.659418],[-91.750984,18.659348],[-91.751096,18.659278],[-91.751245,18.659202],[-91.751335,18.659149],[-91.751458,18.659075],[-91.751552,18.659029],[-91.751552,18.659028],[-91.751586,18.65899],[-91.751592,18.658958],[-91.751592,18.658957],[-91.751593,18.658878],[-91.751676,18.658767],[-91.751771,18.658656],[-91.75182,18.658561],[-91.751915,18.658469],[-91.751974,18.658456],[-91.752067,18.658433],[-91.752153,18.65843],[-91.75223,18.658434],[-91.752246,18.658443],[-91.752282,18.658463],[-91.752285,18.658463],[-91.752309,18.658463],[-91.752382,18.658451],[-91.752383,18.658451],[-91.752424,18.658414],[-91.752425,18.658414],[-91.752508,18.658364],[-91.75259,18.658333],[-91.752672,18.658334],[-91.752723,18.658334],[-91.752791,18.658335],[-91.752907,18.6583],[-91.752963,18.658258],[-91.752963,18.658257],[-91.753008,18.65821],[-91.753013,18.658167],[-91.753002,18.658127],[-91.752992,18.658078],[-91.753018,18.65801],[-91.753104,18.657915],[-91.75333,18.657777],[-91.75356,18.65761],[-91.753698,18.657517],[-91.753698,18.657516],[-91.753799,18.657433],[-91.753951,18.657317],[-91.754025,18.657287],[-91.754097,18.657243],[-91.754208,18.657166],[-91.754209,18.657166],[-91.7543,18.657092],[-91.754341,18.657024],[-91.754422,18.656915],[-91.754508,18.656821],[-91.754631,18.656684],[-91.754766,18.656496],[-91.754863,18.656196],[-91.7549,18.656017],[-91.75498,18.655897],[-91.75498,18.655896],[-91.755047,18.655855],[-91.755173,18.655814],[-91.75533,18.655775],[-91.755427,18.655727],[-91.755542,18.655637],[-91.755641,18.655546],[-91.755706,18.655464],[-91.755764,18.655389],[-91.755765,18.655389],[-91.755905,18.655276],[-91.756213,18.655097],[-91.756403,18.655],[-91.756709,18.65489],[-91.756941,18.654775],[-91.757127,18.654603],[-91.757203,18.654525],[-91.757297,18.65445],[-91.757379,18.654404],[-91.757456,18.654332],[-91.757541,18.654191],[-91.757597,18.654106],[-91.757652,18.654033],[-91.757653,18.654032],[-91.75776,18.653944],[-91.757851,18.653821],[-91.758009,18.653681],[-91.758175,18.653556],[-91.758245,18.653479],[-91.758298,18.653412],[-91.758335,18.653336],[-91.758368,18.653258],[-91.758426,18.65318],[-91.758459,18.653113],[-91.758513,18.653021],[-91.758524,18.652961],[-91.758525,18.652897],[-91.758517,18.652859],[-91.758502,18.652819],[-91.758469,18.652741],[-91.758439,18.652709],[-91.758413,18.652646],[-91.75841,18.65258],[-91.758411,18.652529],[-91.75843,18.652463],[-91.758471,18.652344],[-91.758592,18.652151],[-91.758642,18.65208],[-91.758674,18.652025],[-91.758717,18.651956],[-91.758785,18.651872],[-91.758862,18.651775],[-91.758922,18.651679],[-91.758993,18.651618],[-91.758994,18.651617],[-91.759044,18.651576],[-91.759145,18.651318],[-91.759182,18.65122],[-91.75924,18.651129],[-91.759309,18.65104],[-91.759386,18.650956],[-91.75947,18.65088],[-91.759568,18.650796],[-91.759674,18.650731],[-91.759765,18.65069],[-91.759858,18.650678],[-91.759969,18.650675],[-91.760121,18.650628],[-91.760162,18.650568],[-91.760497,18.650488],[-91.760594,18.650435],[-91.760594,18.650434],[-91.760761,18.650295],[-91.760952,18.650171],[-91.761047,18.650106],[-91.76114,18.650039],[-91.761244,18.649979],[-91.761336,18.64996],[-91.761544,18.649957],[-91.761657,18.649962],[-91.761766,18.64996],[-91.761846,18.649941],[-91.761847,18.64994],[-91.76191,18.649889],[-91.761997,18.649697],[-91.762066,18.649594],[-91.762149,18.649549],[-91.762149,18.649548],[-91.762296,18.649425],[-91.762871,18.649171],[-91.762927,18.649129],[-91.762988,18.649043],[-91.762993,18.648913],[-91.762948,18.648807],[-91.762813,18.648618],[-91.762787,18.648539],[-91.76279,18.64845],[-91.762892,18.648278],[-91.76297,18.648211],[-91.763255,18.648053],[-91.763307,18.647977],[-91.763376,18.647902],[-91.763412,18.647718],[-91.763454,18.647628],[-91.763482,18.6476],[-91.763482,18.647599],[-91.763664,18.647525],[-91.763849,18.647481],[-91.764054,18.647455],[-91.764199,18.647366],[-91.764225,18.647327],[-91.76431,18.647229],[-91.764352,18.647089],[-91.764382,18.647027],[-91.76443,18.646979],[-91.764431,18.646979],[-91.764609,18.646876],[-91.76475,18.646829],[-91.764847,18.646809],[-91.764943,18.646827],[-91.76515,18.646944],[-91.765229,18.646938],[-91.765229,18.646937],[-91.765319,18.646856],[-91.76539,18.646698],[-91.765391,18.646697],[-91.765579,18.646558],[-91.765826,18.646403],[-91.765909,18.6458],[-91.765967,18.645684],[-91.766063,18.645534],[-91.766108,18.645288],[-91.766302,18.644907],[-91.766485,18.644723],[-91.766726,18.644354],[-91.766786,18.644024],[-91.766836,18.643898],[-91.766959,18.643785],[-91.767045,18.643447],[-91.767046,18.643447],[-91.76726,18.64331],[-91.76766,18.642691],[-91.768086,18.64212],[-91.768087,18.64212],[-91.76895,18.641779],[-91.769152,18.641622],[-91.769321,18.641446],[-91.769322,18.641446],[-91.769861,18.640988],[-91.770284,18.640577],[-91.770514,18.640296],[-91.770642,18.638671],[-91.770668,18.638636],[-91.770669,18.638635],[-91.770884,18.638473],[-91.771053,18.638314],[-91.771124,18.63819],[-91.771191,18.638071],[-91.771428,18.637824],[-91.771429,18.637823],[-91.771838,18.637481],[-91.771839,18.63748],[-91.772179,18.637205],[-91.772198,18.637149],[-91.772219,18.637114],[-91.77222,18.637113],[-91.772487,18.636909],[-91.773369,18.636613],[-91.774351,18.636176],[-91.77486,18.636121],[-91.775188,18.636075],[-91.775189,18.636075],[-91.775286,18.635964],[-91.775287,18.635964],[-91.775741,18.635771],[-91.775886,18.635741],[-91.776074,18.635693],[-91.776373,18.635628],[-91.776868,18.635646],[-91.777273,18.635614],[-91.777384,18.635609],[-91.777444,18.635582],[-91.777445,18.635582],[-91.777476,18.635535],[-91.777569,18.635438],[-91.777678,18.635479],[-91.777849,18.635519],[-91.777969,18.635493],[-91.778092,18.635515],[-91.778192,18.635537],[-91.778257,18.635572],[-91.778484,18.635444],[-91.778485,18.635443],[-91.77876,18.635196],[-91.778987,18.635181],[-91.778987,18.63518],[-91.77905,18.635118],[-91.779243,18.63519],[-91.77946,18.635148],[-91.779797,18.635172],[-91.779981,18.635137],[-91.780217,18.635148],[-91.780604,18.635016],[-91.780804,18.634915],[-91.781045,18.634893],[-91.781211,18.634896],[-91.78128,18.634915],[-91.781398,18.634934],[-91.781494,18.634958],[-91.781549,18.63498],[-91.781599,18.634986],[-91.781646,18.634989],[-91.781712,18.634986],[-91.781764,18.634946],[-91.781807,18.634898],[-91.781876,18.634858],[-91.781967,18.634849],[-91.782045,18.634871],[-91.782132,18.634868],[-91.782307,18.63483],[-91.782362,18.634838],[-91.782423,18.634875],[-91.782507,18.634954],[-91.782453,18.635054],[-91.782587,18.635139],[-91.782851,18.635047],[-91.783114,18.634922],[-91.783356,18.634811],[-91.783541,18.634726],[-91.783542,18.634725],[-91.783713,18.634586],[-91.784071,18.634395],[-91.784285,18.634357],[-91.784481,18.634277],[-91.784613,18.634174],[-91.78469,18.634148],[-91.784754,18.634149],[-91.785041,18.634232],[-91.785321,18.634293],[-91.785777,18.634342],[-91.786038,18.634411],[-91.786208,18.63446],[-91.786309,18.63455],[-91.786376,18.634632],[-91.786422,18.634665],[-91.786665,18.634739],[-91.786834,18.634789],[-91.786917,18.634816],[-91.786995,18.634829],[-91.787177,18.634837],[-91.7874,18.634897],[-91.787525,18.635004],[-91.787635,18.635066],[-91.787838,18.635101],[-91.787934,18.635134],[-91.788202,18.635215],[-91.788383,18.635288],[-91.788597,18.635404],[-91.788704,18.635458],[-91.788958,18.635565],[-91.789304,18.635651],[-91.789869,18.635814],[-91.790245,18.635986],[-91.790982,18.636312],[-91.791498,18.636603],[-91.791825,18.636823],[-91.792318,18.637128],[-91.792577,18.637287],[-91.792946,18.637538],[-91.793224,18.637749],[-91.793506,18.638002],[-91.793745,18.638222],[-91.794183,18.638638],[-91.794596,18.638968],[-91.794938,18.639312],[-91.795063,18.639436],[-91.795142,18.63954],[-91.79516,18.639601],[-91.795183,18.639651],[-91.795243,18.639658],[-91.795264,18.639706],[-91.795269,18.639758],[-91.795299,18.639786],[-91.795323,18.639834],[-91.795322,18.639881],[-91.795325,18.639917],[-91.795323,18.639962],[-91.795323,18.639963],[-91.795329,18.640007],[-91.79533,18.640049],[-91.79533,18.64005],[-91.795323,18.640089],[-91.795327,18.640106],[-91.795329,18.640134],[-91.795323,18.640176],[-91.795305,18.640197],[-91.795289,18.640234],[-91.795236,18.640265],[-91.795235,18.640265],[-91.79521,18.640331],[-91.79521,18.640429],[-91.795205,18.640496],[-91.795197,18.640519],[-91.795127,18.640519],[-91.795094,18.640487],[-91.795057,18.640495],[-91.795036,18.640522],[-91.795015,18.640565],[-91.794982,18.640569],[-91.79493,18.640467],[-91.794832,18.640235],[-91.7948,18.640125],[-91.794813,18.640098],[-91.794817,18.640043],[-91.79481,18.639988],[-91.794765,18.639909],[-91.794725,18.639737],[-91.794636,18.639489],[-91.794579,18.639426],[-91.794489,18.639387],[-91.794308,18.639331],[-91.794238,18.639287],[-91.794129,18.639092],[-91.794003,18.638915],[-91.793872,18.638777],[-91.793614,18.638564],[-91.793467,18.638473],[-91.793327,18.638429],[-91.793233,18.638428],[-91.793141,18.638443],[-91.793057,18.638472],[-91.793012,18.638503],[-91.792941,18.638544],[-91.792887,18.638591],[-91.792851,18.638635],[-91.793852,18.639257],[-91.793735,18.639398],[-91.793857,18.639503],[-91.793987,18.639392],[-91.794149,18.6396],[-91.794168,18.639657],[-91.79418,18.639693],[-91.794192,18.639729],[-91.794366,18.639898],[-91.794385,18.639961],[-91.794405,18.640028],[-91.794503,18.640357],[-91.794765,18.640687],[-91.794915,18.640787],[-91.79499,18.640865],[-91.795076,18.640951],[-91.79512,18.640838],[-91.795327,18.640944],[-91.795347,18.640954],[-91.795434,18.640998],[-91.795621,18.640994],[-91.795877,18.641209],[-91.795935,18.641226],[-91.796093,18.6413],[-91.79625,18.641326],[-91.796478,18.641358],[-91.79658,18.641299],[-91.796805,18.641345],[-91.796834,18.641442],[-91.797105,18.641446],[-91.797126,18.641447],[-91.797159,18.64143],[-91.797549,18.641239],[-91.797734,18.641081],[-91.797814,18.64099],[-91.79805,18.640726],[-91.798178,18.640732],[-91.798334,18.640496],[-91.79847,18.640352],[-91.798585,18.640281],[-91.798707,18.640418],[-91.79885,18.640211],[-91.798851,18.640212],[-91.798983,18.640307],[-91.799054,18.640366],[-91.799211,18.640409],[-91.799431,18.640496],[-91.799556,18.640511],[-91.799724,18.640486],[-91.799886,18.640454],[-91.799992,18.640457],[-91.800186,18.640553],[-91.800351,18.640754],[-91.80066,18.641098],[-91.801016,18.641463],[-91.801278,18.641654],[-91.801618,18.641962],[-91.80189,18.642387],[-91.801916,18.642633],[-91.801965,18.642688],[-91.802049,18.642691],[-91.802095,18.64267],[-91.802193,18.642528],[-91.802723,18.642784],[-91.802897,18.642847],[-91.802972,18.642863],[-91.803016,18.642863],[-91.803062,18.642852],[-91.803111,18.642839],[-91.803148,18.642831],[-91.803191,18.642817],[-91.803225,18.642803],[-91.803261,18.64278],[-91.803309,18.642761],[-91.803344,18.642737],[-91.803382,18.642688],[-91.803412,18.642638],[-91.803459,18.642582],[-91.803509,18.642514],[-91.803581,18.642531],[-91.803594,18.642518],[-91.803545,18.642459],[-91.803548,18.64241],[-91.803585,18.64235],[-91.803658,18.642251],[-91.80375,18.642088],[-91.803772,18.641966],[-91.803233,18.641968],[-91.802924,18.642026],[-91.802836,18.641986],[-91.802771,18.641938],[-91.802695,18.641871],[-91.802573,18.641756],[-91.802484,18.641698],[-91.802389,18.64166],[-91.802291,18.641571],[-91.802188,18.641491],[-91.802116,18.641439],[-91.802046,18.641383],[-91.801982,18.641304],[-91.801905,18.641193],[-91.801847,18.641095],[-91.801813,18.640998],[-91.801764,18.640892],[-91.801727,18.640798],[-91.801657,18.640736],[-91.801567,18.64055],[-91.801553,18.640413],[-91.801554,18.640285],[-91.801568,18.640141],[-91.801632,18.640014],[-91.801782,18.639876],[-91.801862,18.639728],[-91.801908,18.639539],[-91.801939,18.639457],[-91.802062,18.639324],[-91.802182,18.639185],[-91.802293,18.639065],[-91.80236,18.638935],[-91.802452,18.638807],[-91.802572,18.638686],[-91.8028,18.638516],[-91.803689,18.638322],[-91.804104,18.638193],[-91.804136,18.637989],[-91.804167,18.637792],[-91.804123,18.637718],[-91.804013,18.637483],[-91.803997,18.637232],[-91.803997,18.637231],[-91.804019,18.636675],[-91.803905,18.636294],[-91.804126,18.636068],[-91.804726,18.635518],[-91.805638,18.634654],[-91.805796,18.634504],[-91.805797,18.634455],[-91.805797,18.634454],[-91.805881,18.634411],[-91.805867,18.634369],[-91.805773,18.634338],[-91.805646,18.634377],[-91.805594,18.634403],[-91.80557,18.634433],[-91.805486,18.634431],[-91.805489,18.634365],[-91.805455,18.634292],[-91.805443,18.634226],[-91.805406,18.634144],[-91.805368,18.634099],[-91.805333,18.634048],[-91.805347,18.634012],[-91.805433,18.634027],[-91.806073,18.633666],[-91.806262,18.633521],[-91.806522,18.633762],[-91.806636,18.633623],[-91.806744,18.633474],[-91.806964,18.633264],[-91.807053,18.633092],[-91.807054,18.633091],[-91.807223,18.632954],[-91.807291,18.632881],[-91.807439,18.632814],[-91.80744,18.632814],[-91.807551,18.632716],[-91.807696,18.632675],[-91.807802,18.632643],[-91.80807,18.632716],[-91.808317,18.632567],[-91.808452,18.632491],[-91.808621,18.632504],[-91.808762,18.632508],[-91.809068,18.632494],[-91.809282,18.632351],[-91.809433,18.632263],[-91.809473,18.632214],[-91.809537,18.632199],[-91.809537,18.632198],[-91.809639,18.632103],[-91.809909,18.632045],[-91.810055,18.631952],[-91.810056,18.631951],[-91.810285,18.631766],[-91.810285,18.631765],[-91.810416,18.631654],[-91.810732,18.631457],[-91.810902,18.631355],[-91.811006,18.631344],[-91.811166,18.631364],[-91.81125,18.631393],[-91.811348,18.631425],[-91.811508,18.631451],[-91.811662,18.631469],[-91.811904,18.631458],[-91.812048,18.631438],[-91.812349,18.631519],[-91.812492,18.631457],[-91.81255,18.631461],[-91.812608,18.631477],[-91.812666,18.631508],[-91.81293,18.63157],[-91.813229,18.631542],[-91.813552,18.631467],[-91.813613,18.631444],[-91.81364,18.631435],[-91.813749,18.631501],[-91.814102,18.631483],[-91.814319,18.631637],[-91.814565,18.631683],[-91.814593,18.631678],[-91.814895,18.631634],[-91.815075,18.631729],[-91.815371,18.631665],[-91.815762,18.631626],[-91.815857,18.631606],[-91.816007,18.631565],[-91.816265,18.631423],[-91.816498,18.631297],[-91.816768,18.631161],[-91.817248,18.630812],[-91.817248,18.630811],[-91.817886,18.630279],[-91.818209,18.630103],[-91.818209,18.630102],[-91.818134,18.630039],[-91.818101,18.630003],[-91.818101,18.630002],[-91.818748,18.629556],[-91.819439,18.629148],[-91.81968,18.629012],[-91.81988,18.628997],[-91.819978,18.629093],[-91.820061,18.629174],[-91.820209,18.629263],[-91.820287,18.629326],[-91.820359,18.629394],[-91.820556,18.629543],[-91.820761,18.629707],[-91.821003,18.629887],[-91.821027,18.629917],[-91.821153,18.629917],[-91.82135,18.629959],[-91.821552,18.630052],[-91.82178,18.630214],[-91.821978,18.630212],[-91.822374,18.630213],[-91.822286,18.63045],[-91.822287,18.63045],[-91.822483,18.630513],[-91.822484,18.630513],[-91.822624,18.630649],[-91.822672,18.630775],[-91.823062,18.630756],[-91.823063,18.630755],[-91.823277,18.630567],[-91.823781,18.630158],[-91.82409,18.629957],[-91.824262,18.629838],[-91.824423,18.629331],[-91.824675,18.628585],[-91.824702,18.628484],[-91.82631,18.627854],[-91.826601,18.627976],[-91.826579,18.628044],[-91.826542,18.628114],[-91.826326,18.628029],[-91.826321,18.62804],[-91.826312,18.62806],[-91.826161,18.628154],[-91.82616,18.628154],[-91.825837,18.628685],[-91.825449,18.628997],[-91.825406,18.629068],[-91.825393,18.62927],[-91.825444,18.62948],[-91.825557,18.629711],[-91.825687,18.629877],[-91.825849,18.630057],[-91.825889,18.630108],[-91.82593,18.630162],[-91.825833,18.630223],[-91.825834,18.630224],[-91.825837,18.630229],[-91.825921,18.630351],[-91.825939,18.630348],[-91.82616,18.630312],[-91.826167,18.630311],[-91.826235,18.6303],[-91.826332,18.630284],[-91.826429,18.630272],[-91.826518,18.630269],[-91.826635,18.630303],[-91.826789,18.630357],[-91.826903,18.630388],[-91.82711,18.630393],[-91.827119,18.630366],[-91.827125,18.630349],[-91.827155,18.630261],[-91.827155,18.63026],[-91.827201,18.630261],[-91.827222,18.630262],[-91.827329,18.630264],[-91.82733,18.630264],[-91.82733,18.630263],[-91.827331,18.630249],[-91.827331,18.630248],[-91.827332,18.630234],[-91.827332,18.630233],[-91.827336,18.630187],[-91.827336,18.630186],[-91.827398,18.630188],[-91.827396,18.630234],[-91.827395,18.630249],[-91.827395,18.63026],[-91.827514,18.630259],[-91.827549,18.630327],[-91.827724,18.630357],[-91.827879,18.630384],[-91.828007,18.630407],[-91.828028,18.630411],[-91.828043,18.630413],[-91.828078,18.63037],[-91.828078,18.630369],[-91.828355,18.630434],[-91.828379,18.63044],[-91.82838,18.630442],[-91.828393,18.630473],[-91.828461,18.630476],[-91.828467,18.630451],[-91.828472,18.63043],[-91.828481,18.630393],[-91.82852,18.630394],[-91.828521,18.630394],[-91.828609,18.630088],[-91.828555,18.630066],[-91.828645,18.629766],[-91.828646,18.629765],[-91.828708,18.629776],[-91.828709,18.629776],[-91.828723,18.629724],[-91.828724,18.629723],[-91.828749,18.629727],[-91.828726,18.629813],[-91.828775,18.629811],[-91.828719,18.630005],[-91.828718,18.630005],[-91.828652,18.629988],[-91.828614,18.630138],[-91.828677,18.630156],[-91.828669,18.630183],[-91.828616,18.630167],[-91.828616,18.630168],[-91.828544,18.630402],[-91.828574,18.630409],[-91.828567,18.630438],[-91.828563,18.630455],[-91.828558,18.630476],[-91.828687,18.630525],[-91.82882,18.630549],[-91.828963,18.630565],[-91.82908,18.630571],[-91.829205,18.630544],[-91.829209,18.630543],[-91.82921,18.630543],[-91.829223,18.630525],[-91.82924,18.630502],[-91.829264,18.630469],[-91.829265,18.630469],[-91.829266,18.630469],[-91.82941,18.63047],[-91.829418,18.63047],[-91.829459,18.630505],[-91.829557,18.63059],[-91.829666,18.630653],[-91.829712,18.630654],[-91.829768,18.630656],[-91.82978,18.630656],[-91.829886,18.63059],[-91.829892,18.630587],[-91.830251,18.63045],[-91.8303,18.6305],[-91.830303,18.630503],[-91.830137,18.630711],[-91.830131,18.630718],[-91.830131,18.630798],[-91.830131,18.630856],[-91.830131,18.630869],[-91.830045,18.630976],[-91.830126,18.631034],[-91.830132,18.631038],[-91.830138,18.631042],[-91.830252,18.63091],[-91.830253,18.63091],[-91.830346,18.630904],[-91.830582,18.630663],[-91.830585,18.63066],[-91.830586,18.630659],[-91.830586,18.63066],[-91.831111,18.631356],[-91.831129,18.631358],[-91.831372,18.631389],[-91.831376,18.631389],[-91.831403,18.631374],[-91.831407,18.631372],[-91.831328,18.631311],[-91.831314,18.631301],[-91.831384,18.631211],[-91.831377,18.631205],[-91.831188,18.63106],[-91.831301,18.630915],[-91.831684,18.63117],[-91.831761,18.631079],[-91.831762,18.631079],[-91.831827,18.631128],[-91.831649,18.631378],[-91.831609,18.631353],[-91.831576,18.631331],[-91.831575,18.631331],[-91.831562,18.631347],[-91.831497,18.631424],[-91.831452,18.631405],[-91.831452,18.631406],[-91.831436,18.631438],[-91.831445,18.631445],[-91.83146,18.631456],[-91.83156,18.631531],[-91.831636,18.631589],[-91.831749,18.631673],[-91.831753,18.631693],[-91.831755,18.631705],[-91.831777,18.63181],[-91.831862,18.631905],[-91.831958,18.631943],[-91.831972,18.631934],[-91.831982,18.631928],[-91.832018,18.631905],[-91.832053,18.631911],[-91.832063,18.631913],[-91.832067,18.631914],[-91.83208,18.631916],[-91.832095,18.631919],[-91.832169,18.631962],[-91.83217,18.631962],[-91.832238,18.632025],[-91.832293,18.631976],[-91.832314,18.631953],[-91.832314,18.631952],[-91.832374,18.632002],[-91.832374,18.632003],[-91.832308,18.632073],[-91.832308,18.632074],[-91.832548,18.63227],[-91.832735,18.632428],[-91.832842,18.6326],[-91.83287,18.632644],[-91.83295,18.632736],[-91.832955,18.632754],[-91.832985,18.632871],[-91.833095,18.63296],[-91.833178,18.633038],[-91.833184,18.633035],[-91.833195,18.633028],[-91.833239,18.633001],[-91.833369,18.633149],[-91.833368,18.633149],[-91.833368,18.63315],[-91.833286,18.633212],[-91.833316,18.633262],[-91.833407,18.633212],[-91.83354,18.63314],[-91.83354,18.633139],[-91.833504,18.633076],[-91.83353,18.633059],[-91.83358,18.633149],[-91.833409,18.633246],[-91.833399,18.633251],[-91.83341,18.633275],[-91.833501,18.633465],[-91.833505,18.633475],[-91.833515,18.633478],[-91.83361,18.63351],[-91.833595,18.633584],[-91.833592,18.633596],[-91.833788,18.633866],[-91.833799,18.633856],[-91.833881,18.633778],[-91.833972,18.633857],[-91.833998,18.63388],[-91.833968,18.633934],[-91.833958,18.633992],[-91.833987,18.634043],[-91.833996,18.634058],[-91.834001,18.634068],[-91.834025,18.634077],[-91.834059,18.634099],[-91.834101,18.63412],[-91.834214,18.634167],[-91.834307,18.634257],[-91.834356,18.634404],[-91.834357,18.634408],[-91.834353,18.634421],[-91.834332,18.634482],[-91.834332,18.634483],[-91.834391,18.634536],[-91.834487,18.634615],[-91.834615,18.634694],[-91.834708,18.634732],[-91.834883,18.634788],[-91.835061,18.634836],[-91.835102,18.634845],[-91.835133,18.634851],[-91.835146,18.63486],[-91.83517,18.634876],[-91.835252,18.63493],[-91.835273,18.634948],[-91.8354,18.635055],[-91.835401,18.635055],[-91.835459,18.635112],[-91.835482,18.635135],[-91.835542,18.635208],[-91.835621,18.635309],[-91.83566,18.635359],[-91.835798,18.635537],[-91.835918,18.6357],[-91.835922,18.635709],[-91.835948,18.635772],[-91.835981,18.635844],[-91.836084,18.636072],[-91.83609,18.636067],[-91.836091,18.636066],[-91.836287,18.635907],[-91.836288,18.635906],[-91.836313,18.635886],[-91.836314,18.635885],[-91.836317,18.635883],[-91.836317,18.635882],[-91.836311,18.635861],[-91.836309,18.635853],[-91.836313,18.63585],[-91.836358,18.635807],[-91.836429,18.635887],[-91.836384,18.63593],[-91.83638,18.635926],[-91.836354,18.635903],[-91.836353,18.635903],[-91.836194,18.636048],[-91.836209,18.636063],[-91.836209,18.636064],[-91.836959,18.636831],[-91.836996,18.636869],[-91.836995,18.63687],[-91.836983,18.63688],[-91.836981,18.636882],[-91.837093,18.636987],[-91.837067,18.637014],[-91.837029,18.637054],[-91.837026,18.637056],[-91.837026,18.637057],[-91.837039,18.637071],[-91.837122,18.637159],[-91.83716,18.637199],[-91.83716,18.6372],[-91.837167,18.637209],[-91.837205,18.637264],[-91.837217,18.637294],[-91.83723,18.637327],[-91.837258,18.637366],[-91.837443,18.637628],[-91.837448,18.637626],[-91.837775,18.63752],[-91.837776,18.637487],[-91.837778,18.637448],[-91.837784,18.637408],[-91.837804,18.637367],[-91.837846,18.63732],[-91.837888,18.637297],[-91.83795,18.637287],[-91.837995,18.637293],[-91.838043,18.637312],[-91.838113,18.637352],[-91.838181,18.637533],[-91.838173,18.63757],[-91.838152,18.637622],[-91.838106,18.63767],[-91.838032,18.637701],[-91.83795,18.637704],[-91.837882,18.637682],[-91.837802,18.637595],[-91.837537,18.637681],[-91.837502,18.637696],[-91.837491,18.6377],[-91.837488,18.637702],[-91.837526,18.637763],[-91.837777,18.638057],[-91.837849,18.638082],[-91.837959,18.638109],[-91.838083,18.638167],[-91.838159,18.638219],[-91.838161,18.638218],[-91.838167,18.638214],[-91.838186,18.638202],[-91.838216,18.638226],[-91.838203,18.63825],[-91.838199,18.638257],[-91.838197,18.63826],[-91.838245,18.638328],[-91.838262,18.638352],[-91.83828,18.638408],[-91.838287,18.638428],[-91.838289,18.638449],[-91.838294,18.638496],[-91.838294,18.638574],[-91.838281,18.638629],[-91.838277,18.638646],[-91.838269,18.63867],[-91.83826,18.638698],[-91.838267,18.638763],[-91.838283,18.638864],[-91.838301,18.638896],[-91.838332,18.63895],[-91.838338,18.638968],[-91.838361,18.639043],[-91.838407,18.639128],[-91.838408,18.63913],[-91.83842,18.639176],[-91.838435,18.639238],[-91.838442,18.639266],[-91.838469,18.63944],[-91.838473,18.639525],[-91.83855,18.639595],[-91.838551,18.639595],[-91.838545,18.639658],[-91.838553,18.639669],[-91.83864,18.639783],[-91.83878,18.639967],[-91.838851,18.64006],[-91.838863,18.640062],[-91.838876,18.640064],[-91.838918,18.640069],[-91.839071,18.64024],[-91.839081,18.640251],[-91.839521,18.640489],[-91.839604,18.640534],[-91.839628,18.640507],[-91.839633,18.640501],[-91.839737,18.640384],[-91.83968,18.640323],[-91.839708,18.640286],[-91.839709,18.640285],[-91.83979,18.640359],[-91.839696,18.640474],[-91.839687,18.640484],[-91.83968,18.640492],[-91.83968,18.640493],[-91.839751,18.640525],[-91.839754,18.640527],[-91.839785,18.640541],[-91.839725,18.640647],[-91.839722,18.640651],[-91.839736,18.64066],[-91.839907,18.640772],[-91.840153,18.640843],[-91.840175,18.640923],[-91.840075,18.641038],[-91.840065,18.64105],[-91.840045,18.641073],[-91.840203,18.641204],[-91.840221,18.641194],[-91.840237,18.641185],[-91.840604,18.640972],[-91.840629,18.64099],[-91.840628,18.64099],[-91.840271,18.641216],[-91.840259,18.641224],[-91.84023,18.641242],[-91.8403,18.641282],[-91.840425,18.641211],[-91.840432,18.641207],[-91.840489,18.64124],[-91.840551,18.641276],[-91.840694,18.641437],[-91.8407,18.641431],[-91.840706,18.641427],[-91.84076,18.641384],[-91.840827,18.641453],[-91.84099,18.641602],[-91.841357,18.641247],[-91.841492,18.641106],[-91.841492,18.641105],[-91.841525,18.641127],[-91.84151,18.641154],[-91.841545,18.641186],[-91.841518,18.641214],[-91.841172,18.641547],[-91.840994,18.641718],[-91.841015,18.641746],[-91.841018,18.641751],[-91.841021,18.641754],[-91.840977,18.64181],[-91.840977,18.641837],[-91.840977,18.641838],[-91.840977,18.641857],[-91.840977,18.641883],[-91.840977,18.641884],[-91.841219,18.642118],[-91.841274,18.642142],[-91.841313,18.642159],[-91.841314,18.642159],[-91.841317,18.642154],[-91.841671,18.64162],[-91.841645,18.641595],[-91.841703,18.641536],[-91.841758,18.641566],[-91.841756,18.64157],[-91.841749,18.641581],[-91.841605,18.641786],[-91.841329,18.642202],[-91.841696,18.642424],[-91.841735,18.642379],[-91.841739,18.642375],[-91.841745,18.642368],[-91.841798,18.64225],[-91.841798,18.642249],[-91.841833,18.642255],[-91.841774,18.642379],[-91.841792,18.642388],[-91.841803,18.642393],[-91.841816,18.642399],[-91.841811,18.642417],[-91.841807,18.64243],[-91.841781,18.642521],[-91.842044,18.642654],[-91.842074,18.642601],[-91.842167,18.642624],[-91.842247,18.642609],[-91.842273,18.642604],[-91.842316,18.642596],[-91.842335,18.642592],[-91.84235,18.642589],[-91.842361,18.642586],[-91.842492,18.642637],[-91.842863,18.642161],[-91.842849,18.642149],[-91.842843,18.642144],[-91.842783,18.642094],[-91.842784,18.642093],[-91.842787,18.64209],[-91.842899,18.641958],[-91.842899,18.641957],[-91.842977,18.642002],[-91.843268,18.641628],[-91.843253,18.641592],[-91.843244,18.64157],[-91.843239,18.641567],[-91.843038,18.64142],[-91.842998,18.641391],[-91.843007,18.641383],[-91.843047,18.641347],[-91.843048,18.641347],[-91.843656,18.641761],[-91.843659,18.641764],[-91.843666,18.641768],[-91.843633,18.641828],[-91.843632,18.641828],[-91.843559,18.641773],[-91.843486,18.641719],[-91.843386,18.641644],[-91.843376,18.641645],[-91.843355,18.641646],[-91.843308,18.64165],[-91.843298,18.641651],[-91.843297,18.641651],[-91.843296,18.641651],[-91.843169,18.641819],[-91.843021,18.642012],[-91.843014,18.642022],[-91.843072,18.642062],[-91.842978,18.642224],[-91.842975,18.642228],[-91.842974,18.642231],[-91.842973,18.642231],[-91.842909,18.64219],[-91.842903,18.642186],[-91.842903,18.642187],[-91.842866,18.642236],[-91.842571,18.642626],[-91.842569,18.642629],[-91.842751,18.642748],[-91.842752,18.642748],[-91.842764,18.64275],[-91.842816,18.642755],[-91.842918,18.642841],[-91.842934,18.642855],[-91.84305,18.642868],[-91.843181,18.642883],[-91.843559,18.642336],[-91.84361,18.642295],[-91.843611,18.642294],[-91.843639,18.642274],[-91.843655,18.642262],[-91.843744,18.642197],[-91.84389,18.642082],[-91.843913,18.642112],[-91.843915,18.642114],[-91.843919,18.642119],[-91.843823,18.642202],[-91.843823,18.642203],[-91.843761,18.642246],[-91.843634,18.642337],[-91.84362,18.642346],[-91.84362,18.642347],[-91.843611,18.642359],[-91.843505,18.642509],[-91.843318,18.642792],[-91.843304,18.64281],[-91.843248,18.642888],[-91.84313,18.643051],[-91.843228,18.643137],[-91.843394,18.642969],[-91.843406,18.642957],[-91.84341,18.642952],[-91.843411,18.642952],[-91.84342,18.642965],[-91.843441,18.642992],[-91.843496,18.643067],[-91.843555,18.643017],[-91.843571,18.643004],[-91.843589,18.642988],[-91.84359,18.642988],[-91.843641,18.642991],[-91.843655,18.642992],[-91.843687,18.642993],[-91.844007,18.642705],[-91.844008,18.642705],[-91.844124,18.64283],[-91.844125,18.64283],[-91.844126,18.642831],[-91.844077,18.642876],[-91.844065,18.642887],[-91.844049,18.642875],[-91.84404,18.642869],[-91.844029,18.64286],[-91.844028,18.64286],[-91.844021,18.642868],[-91.844015,18.642875],[-91.843896,18.643004],[-91.84397,18.64313],[-91.843905,18.64324],[-91.843923,18.643276],[-91.843928,18.643287],[-91.844219,18.643118],[-91.844292,18.643037],[-91.844314,18.643014],[-91.844371,18.643068],[-91.844652,18.643343],[-91.844559,18.643444],[-91.844305,18.643195],[-91.844255,18.643184],[-91.84392,18.643402],[-91.843887,18.643478],[-91.843884,18.643485],[-91.843923,18.643554],[-91.844132,18.643919],[-91.844246,18.64413],[-91.844387,18.644423],[-91.844398,18.644445],[-91.844592,18.644426],[-91.844614,18.644523],[-91.844609,18.644526],[-91.844529,18.644575],[-91.844525,18.64456],[-91.844504,18.644477],[-91.844394,18.644484],[-91.844258,18.64457],[-91.844257,18.644571],[-91.844208,18.644673],[-91.844205,18.644676],[-91.844204,18.644676],[-91.844101,18.644762],[-91.8441,18.644763],[-91.84393,18.644984],[-91.843929,18.644984],[-91.843928,18.644984],[-91.843769,18.645044],[-91.843769,18.645045],[-91.843708,18.645094],[-91.843708,18.645095],[-91.84374,18.64523],[-91.843779,18.645334],[-91.843834,18.6454],[-91.843804,18.645424],[-91.843708,18.645435],[-91.843707,18.645435],[-91.843683,18.645526],[-91.843676,18.645637],[-91.843725,18.645714],[-91.843791,18.645908],[-91.843801,18.645935],[-91.843858,18.646156],[-91.843871,18.646206],[-91.843922,18.646335],[-91.843907,18.64638],[-91.843894,18.646417],[-91.843893,18.646421],[-91.843892,18.646424],[-91.843877,18.646449],[-91.843841,18.646487],[-91.843774,18.64655],[-91.843721,18.646588],[-91.84372,18.646588],[-91.843628,18.646663],[-91.843733,18.646777],[-91.844002,18.647069],[-91.844002,18.64707],[-91.844737,18.646533],[-91.845253,18.646141],[-91.845254,18.646141],[-91.845343,18.646019],[-91.845345,18.645986],[-91.845353,18.64588],[-91.845354,18.645874],[-91.845913,18.645033],[-91.845912,18.645032],[-91.845817,18.644972],[-91.846044,18.64466],[-91.846284,18.644331],[-91.846284,18.64433],[-91.847076,18.644823],[-91.8471,18.644809],[-91.847111,18.644803],[-91.847515,18.645036],[-91.84704,18.645744],[-91.847047,18.645748],[-91.847396,18.645964],[-91.847381,18.645986],[-91.847027,18.646498],[-91.847028,18.646499],[-91.848012,18.647246],[-91.848256,18.647072],[-91.848257,18.647071],[-91.84828,18.646989],[-91.84831,18.646917],[-91.84831,18.646916],[-91.848717,18.646736],[-91.849464,18.646376],[-91.850086,18.646084],[-91.850198,18.646053],[-91.850312,18.646077],[-91.850923,18.646297],[-91.851442,18.646448],[-91.853779,18.647199],[-91.853811,18.64718],[-91.854045,18.64728],[-91.854071,18.647347],[-91.85406,18.647426],[-91.854005,18.647491],[-91.853938,18.647529],[-91.853706,18.647461],[-91.853703,18.64743],[-91.851417,18.646695],[-91.85092,18.646531],[-91.850201,18.646275],[-91.848861,18.646905],[-91.8484,18.647121],[-91.848283,18.647181],[-91.848283,18.647182],[-91.848164,18.647365],[-91.848162,18.647368],[-91.848363,18.647499],[-91.848761,18.647759],[-91.848772,18.647766],[-91.849455,18.648211],[-91.849469,18.64822],[-91.850004,18.648044],[-91.850097,18.648005],[-91.850414,18.647875],[-91.85271,18.651149],[-91.85158,18.652571],[-91.852868,18.653511],[-91.853654,18.652544],[-91.854247,18.651793],[-91.854894,18.651006],[-91.854894,18.651005],[-91.854983,18.651022],[-91.855037,18.651084],[-91.855102,18.651163],[-91.85455,18.651912],[-91.853861,18.6527],[-91.852285,18.654693],[-91.850795,18.653706],[-91.850467,18.65379],[-91.850158,18.653955],[-91.849802,18.65413],[-91.849801,18.65413],[-91.849511,18.654383],[-91.849208,18.654648],[-91.848919,18.654997],[-91.848738,18.655374],[-91.848542,18.655667],[-91.8484,18.655915],[-91.848281,18.656038],[-91.848091,18.656286],[-91.847901,18.656494],[-91.847597,18.656855],[-91.847176,18.65735],[-91.846047,18.658713],[-91.845577,18.659208],[-91.845031,18.659833],[-91.844569,18.66045],[-91.844568,18.66045],[-91.844432,18.660565],[-91.844432,18.660566],[-91.844193,18.660767],[-91.844192,18.660768],[-91.844068,18.660872],[-91.844067,18.660873],[-91.84389,18.661022],[-91.843889,18.661022],[-91.843675,18.661207],[-91.843674,18.661207],[-91.843622,18.661251],[-91.843386,18.661475],[-91.843093,18.661753],[-91.843001,18.661863],[-91.842827,18.66207],[-91.842654,18.662276],[-91.842499,18.662529],[-91.842386,18.662974],[-91.84222,18.663396],[-91.842095,18.663678],[-91.841881,18.663903],[-91.841638,18.664089],[-91.841341,18.664258],[-91.840473,18.664545],[-91.83937,18.66485],[-91.838992,18.664968],[-91.838242,18.6651],[-91.837057,18.665207],[-91.835576,18.665278],[-91.834648,18.665253],[-91.833445,18.665243],[-91.832861,18.66523],[-91.832641,18.665226],[-91.831821,18.665253],[-91.830736,18.66521],[-91.829687,18.665203],[-91.828688,18.665139],[-91.827081,18.665014],[-91.826543,18.665032],[-91.825068,18.664996],[-91.823544,18.665003],[-91.822647,18.664984],[-91.821423,18.665012],[-91.82055,18.665035],[-91.819581,18.665074],[-91.818945,18.665057],[-91.818469,18.66511],[-91.818318,18.665117],[-91.818063,18.665127],[-91.817868,18.665135],[-91.816781,18.665178],[-91.816145,18.665214],[-91.815107,18.665282],[-91.814524,18.665339],[-91.814154,18.66535],[-91.813419,18.665445],[-91.812664,18.665479],[-91.812166,18.665514],[-91.811482,18.665581],[-91.809682,18.665749],[-91.807584,18.665935],[-91.805647,18.666053],[-91.804961,18.666126],[-91.803936,18.666201],[-91.803899,18.666204],[-91.803044,18.66625],[-91.801898,18.666301],[-91.801286,18.666352],[-91.799854,18.666481],[-91.798628,18.666639],[-91.79797,18.66669],[-91.797304,18.666724],[-91.797303,18.666724],[-91.797209,18.666729],[-91.795362,18.666904],[-91.795017,18.666937],[-91.793698,18.667106],[-91.793283,18.6672],[-91.793199,18.667219],[-91.792925,18.667365],[-91.792794,18.667489],[-91.792715,18.667633],[-91.792714,18.667633],[-91.792604,18.667725],[-91.792313,18.667602],[-91.79178,18.667687],[-91.791117,18.667765],[-91.790269,18.667883],[-91.789538,18.667977],[-91.789099,18.668025],[-91.788704,18.668085],[-91.788037,18.668193],[-91.787413,18.668308],[-91.786885,18.66842],[-91.786301,18.668568],[-91.785878,18.668626],[-91.785415,18.668733],[-91.784731,18.668891],[-91.783944,18.669095],[-91.783352,18.669214],[-91.783046,18.669281],[-91.782711,18.669335],[-91.782433,18.669406],[-91.782172,18.669467],[-91.781794,18.669524],[-91.781434,18.669602],[-91.780892,18.66974],[-91.780279,18.669886],[-91.779377,18.670094],[-91.779263,18.670128],[-91.778664,18.670308],[-91.778169,18.670447],[-91.777925,18.670534],[-91.777719,18.670608],[-91.777381,18.670709],[-91.776687,18.670853],[-91.776398,18.670913],[-91.776055,18.670984],[-91.775794,18.671038],[-91.77532,18.671136],[-91.774128,18.671384],[-91.773168,18.671583],[-91.773153,18.671586],[-91.772514,18.671723],[-91.771177,18.672],[-91.770484,18.67214],[-91.770172,18.672202],[-91.770146,18.67221],[-91.770142,18.67221],[-91.770135,18.672212],[-91.768325,18.672612],[-91.767806,18.672695],[-91.767066,18.672814],[-91.766427,18.672981],[-91.766204,18.673039],[-91.766085,18.673068],[-91.765741,18.673152],[-91.765607,18.673172],[-91.765331,18.673214],[-91.764623,18.673388],[-91.764142,18.673495],[-91.763756,18.673585],[-91.763263,18.673681],[-91.762789,18.673787],[-91.762768,18.673791],[-91.762758,18.673794],[-91.762152,18.673929],[-91.761498,18.67412],[-91.760898,18.674312],[-91.76044,18.674458],[-91.7599,18.674593],[-91.75946,18.674762],[-91.759097,18.674891],[-91.758563,18.675032],[-91.758135,18.675156],[-91.757909,18.675207],[-91.757057,18.675424],[-91.755991,18.675738],[-91.755586,18.675829],[-91.755015,18.676023],[-91.75451,18.676208],[-91.754235,18.676308],[-91.753736,18.676421],[-91.75353,18.676468],[-91.752893,18.676619],[-91.752316,18.676812],[-91.752312,18.676813],[-91.751902,18.676901],[-91.751468,18.676997],[-91.750713,18.677216],[-91.74937,18.677537],[-91.748235,18.677841],[-91.746726,18.678218],[-91.745514,18.678539],[-91.744171,18.678877],[-91.742911,18.679271],[-91.742484,18.679519],[-91.742232,18.679714],[-91.742157,18.679772],[-91.741824,18.679958],[-91.741515,18.680081],[-91.74117,18.680267],[-91.740689,18.68047],[-91.740297,18.680554],[-91.739447,18.68068],[-91.739114,18.680729],[-91.738134,18.680971],[-91.737403,18.681247],[-91.736812,18.681497],[-91.736233,18.681787],[-91.734985,18.682277],[-91.734888,18.682312],[-91.734566,18.682429],[-91.734067,18.682601],[-91.733728,18.682767],[-91.733646,18.682797],[-91.733604,18.682812],[-91.733034,18.682962],[-91.731816,18.683372],[-91.731154,18.683624],[-91.730888,18.683857],[-91.73042,18.684025],[-91.729217,18.684457],[-91.728085,18.684818],[-91.727761,18.684985],[-91.725753,18.685742],[-91.724906,18.686065],[-91.723987,18.686389],[-91.723726,18.686509],[-91.723723,18.68651],[-91.723256,18.686674],[-91.722419,18.687014],[-91.722193,18.687105],[-91.722157,18.687123],[-91.721313,18.687545],[-91.720294,18.687993],[-91.719328,18.688459],[-91.718652,18.688844],[-91.717796,18.689268],[-91.716915,18.689782],[-91.715697,18.69042],[-91.715169,18.690738],[-91.714108,18.69131],[-91.71361,18.691592],[-91.71327,18.691785],[-91.712851,18.692047],[-91.712847,18.692049],[-91.712533,18.692184],[-91.712776,18.691856],[-91.712777,18.691856],[-91.713483,18.691425],[-91.713212,18.69111],[-91.717684,18.687278],[-91.717685,18.687278],[-91.72004,18.685602],[-91.721292,18.684838],[-91.723373,18.683806],[-91.729135,18.681016],[-91.730266,18.680445],[-91.731648,18.679822],[-91.733484,18.67908],[-91.735298,18.678417],[-91.739342,18.676538],[-91.742267,18.674919],[-91.745634,18.673144],[-91.746319,18.672737],[-91.746824,18.672414],[-91.750086,18.670206],[-91.74961,18.669666],[-91.749299,18.669363],[-91.749221,18.669232],[-91.749156,18.669094],[-91.749041,18.668715],[-91.748917,18.668513],[-91.748783,18.668342],[-91.748668,18.668118],[-91.745761,18.6634]]]]}},{"type":"Feature","properties":{"CVEGEO":"040030005","NOM_MUN":"Carmen","NOMGEO":"Nuevo Progreso","POB1":5266.0,"POB8":1458.0,"POB12":3421.0,"POB24":373.0,"POB42":2635.0,"POB84":2631.0,"POB125_R":99.8,"POB126_R":53.5,"POB127_R":42.6,"POB128_R":10.9,"POB129_R":29.0,"OID":26,"denominacion_oficial":"C04_Loc_urb","modulo_asignado":"Mapa Base","instrumento_vigencia":"","fecha_actualizacion":"2026-07-29","fuente_custodio":"SCINCE_2020","responsable_institucional":"INEGI,2020","proyeccion_original":"EPSG:6372","proyeccion_actual":"EPSG:4326","cobertura_territorial":"Estatal","restricciones_uso":"Público"},"geometry":{"type":"MultiPolygon","coordinates":[[[[-92.288921,18.629241],[-92.287352,18.628925],[-92.287514,18.626723],[-92.287242,18.626685],[-92.285856,18.626494],[-92.285645,18.627685],[-92.280793,18.626762],[-92.281138,18.624377],[-92.281289,18.623428],[-92.281316,18.623381],[-92.281322,18.623319],[-92.277509,18.62289],[-92.277811,18.620488],[-92.277737,18.62048],[-92.276469,18.620346],[-92.276666,18.620281],[-92.276902,18.620194],[-92.27709,18.620111],[-92.277263,18.620021],[-92.277579,18.619808],[-92.27999,18.617701],[-92.280628,18.617197],[-92.281127,18.616882],[-92.281451,18.616707],[-92.281962,18.616493],[-92.282749,18.616267],[-92.283236,18.616195],[-92.283722,18.61616],[-92.284116,18.616156],[-92.284468,18.616181],[-92.290263,18.616992],[-92.293703,18.617473],[-92.295094,18.617662],[-92.301579,18.618575],[-92.309203,18.619644],[-92.313579,18.620269],[-92.313968,18.620362],[-92.314257,18.620438],[-92.314705,18.620624],[-92.315151,18.62087],[-92.315605,18.621147],[-92.3159,18.621375],[-92.316354,18.621792],[-92.31678,18.622304],[-92.318236,18.624453],[-92.318387,18.624728],[-92.318716,18.62505],[-92.318915,18.625221],[-92.319186,18.625399],[-92.319664,18.625618],[-92.319347,18.625575],[-92.318101,18.625404],[-92.316582,18.6252],[-92.316572,18.626551],[-92.316571,18.626847],[-92.316569,18.627672],[-92.314623,18.627553],[-92.312793,18.627141],[-92.30354,18.625867],[-92.303625,18.627123],[-92.303511,18.629069],[-92.301084,18.62858],[-92.301077,18.628719],[-92.299086,18.628471],[-92.297444,18.628328],[-92.297061,18.628328],[-92.296861,18.629674],[-92.294859,18.629274],[-92.294865,18.629243],[-92.293736,18.629004],[-92.293073,18.628872],[-92.292533,18.628801],[-92.291414,18.628554],[-92.291356,18.628565],[-92.291272,18.62869],[-92.291193,18.628769],[-92.291042,18.628855],[-92.290823,18.628904],[-92.290699,18.628987],[-92.29054,18.629064],[-92.290217,18.629068],[-92.290178,18.629079],[-92.290069,18.629145],[-92.290013,18.629193],[-92.289961,18.62921],[-92.289782,18.629226],[-92.289661,18.629217],[-92.289521,18.629254],[-92.289065,18.629264],[-92.288921,18.629241]]]]}},{"type":"Feature","properties":{"CVEGEO":"040030006","NOM_MUN":"Carmen","NOMGEO":"Atasta","POB1":2712.0,"POB8":682.0,"POB12":1791.0,"POB24":232.0,"POB42":1325.0,"POB84":1387.0,"POB125_R":104.7,"POB126_R":51.0,"POB127_R":38.1,"POB128_R":13.0,"POB129_R":30.0,"OID":27,"denominacion_oficial":"C04_Loc_urb","modulo_asignado":"Mapa Base","instrumento_vigencia":"","fecha_actualizacion":"2026-07-29","fuente_custodio":"SCINCE_2020","responsable_institucional":"INEGI,2020","proyeccion_original":"EPSG:6372","proyeccion_actual":"EPSG:4326","cobertura_territorial":"Estatal","restricciones_uso":"Público"},"geometry":{"type":"MultiPolygon","coordinates":[[[[-92.050649,18.622946],[-92.050524,18.622914],[-92.050411,18.622909],[-92.050273,18.622909],[-92.050171,18.622908],[-92.049963,18.621756],[-92.050333,18.621584],[-92.049942,18.620814],[-92.06147,18.620657],[-92.064043,18.62075],[-92.064066,18.620752],[-92.064098,18.620753],[-92.064666,18.620754],[-92.064729,18.62079],[-92.065353,18.62071],[-92.06542,18.620814],[-92.065893,18.620785],[-92.065959,18.620644],[-92.067755,18.620485],[-92.067923,18.620462],[-92.068343,18.620422],[-92.068423,18.620314],[-92.06946,18.620314],[-92.070556,18.620415],[-92.0713,18.620433],[-92.071748,18.620382],[-92.072555,18.620381],[-92.074032,18.620228],[-92.074654,18.620243],[-92.075352,18.620261],[-92.075674,18.620223],[-92.076534,18.620134],[-92.076639,18.620323],[-92.077269,18.620246],[-92.077266,18.620115],[-92.078426,18.620024],[-92.079509,18.61992],[-92.080509,18.619964],[-92.080987,18.619993],[-92.081354,18.619999],[-92.083584,18.619914],[-92.084858,18.619826],[-92.084865,18.619647],[-92.085972,18.619749],[-92.086521,18.61957],[-92.087476,18.619644],[-92.087671,18.619674],[-92.088049,18.619695],[-92.088077,18.619563],[-92.088171,18.619516],[-92.088425,18.619491],[-92.088451,18.619528],[-92.088465,18.619548],[-92.088444,18.619682],[-92.088662,18.619673],[-92.088935,18.619661],[-92.08894,18.619586],[-92.088946,18.619503],[-92.090084,18.619487],[-92.090095,18.619668],[-92.091281,18.619618],[-92.091277,18.619438],[-92.091756,18.619495],[-92.091764,18.619384],[-92.092306,18.619433],[-92.092283,18.619619],[-92.093086,18.619569],[-92.093089,18.619476],[-92.093043,18.619463],[-92.093039,18.619365],[-92.093265,18.619353],[-92.093264,18.619561],[-92.097163,18.619376],[-92.097273,18.619238],[-92.097463,18.619207],[-92.09748,18.619334],[-92.098721,18.619184],[-92.098812,18.619071],[-92.100468,18.619265],[-92.100463,18.618839],[-92.102022,18.618846],[-92.10203,18.619118],[-92.102303,18.619139],[-92.102667,18.619051],[-92.102706,18.618873],[-92.102857,18.61887],[-92.10283,18.619025],[-92.10307,18.619027],[-92.103103,18.618935],[-92.10321,18.618936],[-92.103215,18.61906],[-92.103638,18.619084],[-92.103713,18.618921],[-92.104083,18.618904],[-92.104095,18.619024],[-92.104267,18.618977],[-92.104442,18.618893],[-92.104458,18.618967],[-92.105224,18.618858],[-92.106377,18.618867],[-92.106934,18.618874],[-92.108348,18.618488],[-92.108352,18.618519],[-92.110127,18.618123],[-92.111099,18.617612],[-92.111213,18.618827],[-92.115226,18.618512],[-92.120655,18.618396],[-92.121171,18.618315],[-92.121491,18.618259],[-92.121818,18.61819],[-92.12215,18.618184],[-92.122475,18.618175],[-92.122681,18.618187],[-92.122694,18.618007],[-92.123157,18.618068],[-92.123162,18.618041],[-92.123818,18.618125],[-92.123843,18.618258],[-92.124237,18.618175],[-92.124612,18.618125],[-92.125361,18.618008],[-92.126409,18.617886],[-92.127999,18.6178],[-92.128185,18.617802],[-92.128363,18.617784],[-92.128363,18.617805],[-92.129435,18.617811],[-92.129905,18.617816],[-92.132455,18.6178],[-92.133541,18.617679],[-92.133934,18.617655],[-92.13431,18.617642],[-92.134651,18.617647],[-92.135164,18.61758],[-92.135408,18.617549],[-92.135502,18.617536],[-92.135621,18.617527],[-92.135736,18.617516],[-92.135834,18.617504],[-92.135969,18.617498],[-92.136448,18.617479],[-92.136454,18.617518],[-92.136911,18.617525],[-92.137299,18.617552],[-92.137915,18.617599],[-92.138452,18.617586],[-92.138987,18.617571],[-92.138953,18.617449],[-92.139536,18.617421],[-92.139533,18.61746],[-92.140953,18.617389],[-92.142976,18.617397],[-92.143138,18.617388],[-92.143317,18.617377],[-92.14349,18.617372],[-92.144505,18.617319],[-92.14571,18.617294],[-92.146066,18.617306],[-92.146114,18.617309],[-92.146435,18.61739],[-92.146869,18.617512],[-92.146999,18.617446],[-92.147273,18.617349],[-92.147579,18.617227],[-92.147945,18.617123],[-92.148338,18.617087],[-92.148584,18.617251],[-92.14912,18.617241],[-92.150252,18.617129],[-92.15105,18.617026],[-92.15188,18.616906],[-92.153169,18.61669],[-92.154102,18.61647],[-92.155501,18.616468],[-92.156982,18.616296],[-92.158193,18.616009],[-92.159883,18.615592],[-92.159982,18.616685],[-92.160088,18.617745],[-92.160202,18.618548],[-92.160227,18.618691],[-92.160252,18.618814],[-92.160306,18.619263],[-92.16033,18.619532],[-92.160332,18.61955],[-92.157063,18.619924],[-92.149609,18.619988],[-92.145253,18.619926],[-92.136365,18.620248],[-92.133492,18.620303],[-92.131172,18.620346],[-92.130041,18.620284],[-92.127177,18.620363],[-92.124595,18.620436],[-92.122249,18.620538],[-92.119642,18.62072],[-92.116562,18.620773],[-92.114157,18.620749],[-92.113077,18.620684],[-92.111411,18.62059],[-92.110535,18.620547],[-92.109685,18.620625],[-92.108561,18.620666],[-92.108418,18.620408],[-92.107828,18.620469],[-92.105475,18.620648],[-92.104456,18.62063],[-92.103582,18.620626],[-92.10284,18.620502],[-92.102709,18.620357],[-92.102707,18.620233],[-92.102055,18.62021],[-92.101996,18.620292],[-92.102003,18.620841],[-92.102027,18.621011],[-92.102024,18.621027],[-92.102026,18.621046],[-92.102024,18.621077],[-92.102026,18.621092],[-92.102025,18.621099],[-92.102056,18.621159],[-92.101967,18.621134],[-92.101932,18.621138],[-92.101856,18.621131],[-92.101778,18.621121],[-92.101693,18.62114],[-92.101493,18.621107],[-92.100912,18.621115],[-92.100665,18.621114],[-92.100264,18.621123],[-92.100008,18.621148],[-92.099918,18.621169],[-92.09983,18.62116],[-92.099604,18.621152],[-92.099373,18.621183],[-92.098988,18.621182],[-92.098906,18.621182],[-92.098795,18.621181],[-92.098744,18.621187],[-92.098694,18.621195],[-92.098598,18.621195],[-92.098255,18.621236],[-92.098182,18.621222],[-92.098095,18.621242],[-92.097842,18.621256],[-92.097456,18.621248],[-92.097291,18.621267],[-92.09703,18.621251],[-92.096925,18.621265],[-92.096794,18.621281],[-92.096652,18.621308],[-92.096341,18.621274],[-92.096313,18.62124],[-92.096228,18.621136],[-92.093755,18.621283],[-92.090217,18.621391],[-92.089041,18.621427],[-92.085176,18.621727],[-92.083871,18.621836],[-92.083221,18.621823],[-92.082112,18.621862],[-92.079776,18.621886],[-92.078954,18.621826],[-92.078028,18.621892],[-92.07767,18.621785],[-92.077433,18.621728],[-92.076958,18.621697],[-92.076475,18.62173],[-92.071992,18.621929],[-92.070592,18.621933],[-92.069635,18.622033],[-92.067496,18.62207],[-92.066261,18.62211],[-92.065894,18.622263],[-92.065635,18.622297],[-92.065389,18.622213],[-92.064923,18.622142],[-92.064252,18.622264],[-92.06358,18.622244],[-92.063139,18.622309],[-92.061126,18.622471],[-92.0609,18.62238],[-92.058767,18.622477],[-92.056451,18.622652],[-92.055497,18.62271],[-92.054938,18.622718],[-92.054349,18.622806],[-92.053922,18.622753],[-92.053602,18.622721],[-92.053231,18.622772],[-92.052908,18.622784],[-92.052596,18.622811],[-92.052202,18.622762],[-92.051897,18.622625],[-92.051621,18.622699],[-92.051442,18.622862],[-92.051212,18.622934],[-92.051095,18.623012],[-92.050923,18.623016],[-92.050839,18.622967],[-92.050649,18.622946]]]]}},{"type":"Feature","properties":{"CVEGEO":"040030101","NOM_MUN":"Carmen","NOMGEO":"San Antonio Cárdenas","POB1":4606.0,"POB8":1288.0,"POB12":3045.0,"POB24":273.0,"POB42":2268.0,"POB84":2338.0,"POB125_R":103.1,"POB126_R":51.3,"POB127_R":42.3,"POB128_R":9.0,"POB129_R":28.0,"OID":28,"denominacion_oficial":"C04_Loc_urb","modulo_asignado":"Mapa Base","instrumento_vigencia":"","fecha_actualizacion":"2026-07-29","fuente_custodio":"SCINCE_2020","responsable_institucional":"INEGI,2020","proyeccion_original":"EPSG:6372","proyeccion_actual":"EPSG:4326","cobertura_territorial":"Estatal","restricciones_uso":"Público"},"geometry":{"type":"MultiPolygon","coordinates":[[[[-92.214424,18.617595],[-92.214464,18.616481],[-92.216613,18.616531],[-92.21672,18.615737],[-92.216802,18.615076],[-92.216852,18.614671],[-92.217028,18.613413],[-92.217184,18.612155],[-92.217265,18.611224],[-92.217379,18.610164],[-92.217686,18.608504],[-92.21786,18.608461],[-92.218044,18.608462],[-92.218206,18.608482],[-92.218307,18.608528],[-92.218389,18.60855],[-92.218667,18.60855],[-92.218692,18.608487],[-92.219239,18.60842],[-92.219427,18.608993],[-92.221553,18.608622],[-92.221596,18.609554],[-92.222288,18.609518],[-92.222657,18.609444],[-92.223459,18.609379],[-92.223556,18.60963],[-92.224313,18.609488],[-92.224929,18.609623],[-92.226675,18.609461],[-92.226682,18.609421],[-92.226914,18.609291],[-92.227293,18.609275],[-92.227208,18.610464],[-92.227252,18.610566],[-92.227214,18.610759],[-92.227858,18.610756],[-92.227863,18.611579],[-92.228226,18.611573],[-92.228269,18.611239],[-92.228536,18.61116],[-92.228947,18.61115],[-92.22969,18.611147],[-92.230963,18.611004],[-92.230942,18.610726],[-92.231844,18.610623],[-92.232161,18.610716],[-92.232814,18.610826],[-92.233225,18.610805],[-92.233805,18.61065],[-92.234036,18.61052],[-92.234263,18.610178],[-92.234694,18.610165],[-92.235148,18.610191],[-92.2355,18.61022],[-92.235942,18.610263],[-92.236408,18.610337],[-92.236747,18.610347],[-92.237018,18.610265],[-92.237285,18.610161],[-92.237691,18.610168],[-92.238103,18.610432],[-92.238498,18.610485],[-92.239109,18.610481],[-92.240535,18.610416],[-92.241238,18.610398],[-92.24155,18.610389],[-92.243236,18.610399],[-92.243258,18.611737],[-92.243084,18.611734],[-92.243056,18.612355],[-92.242984,18.613362],[-92.242867,18.61632],[-92.242837,18.61708],[-92.242665,18.618524],[-92.242583,18.618516],[-92.242513,18.619122],[-92.242037,18.619258],[-92.238597,18.62024],[-92.235312,18.621163],[-92.234589,18.62137],[-92.233928,18.621519],[-92.233604,18.621592],[-92.233132,18.621675],[-92.232154,18.621803],[-92.229659,18.622025],[-92.226131,18.62235],[-92.222761,18.62266],[-92.22239,18.622681],[-92.221969,18.622677],[-92.221656,18.622657],[-92.221224,18.622589],[-92.220943,18.622529],[-92.220668,18.622461],[-92.220426,18.622377],[-92.220144,18.622255],[-92.219848,18.622127],[-92.219588,18.621991],[-92.219228,18.621789],[-92.218925,18.621596],[-92.218617,18.621386],[-92.218298,18.621184],[-92.217616,18.620447],[-92.216943,18.619664],[-92.216205,18.618785],[-92.215823,18.618356],[-92.215512,18.618091],[-92.215303,18.617946],[-92.215097,18.617835],[-92.214876,18.617734],[-92.214605,18.617653],[-92.214424,18.617595]]]]}},{"type":"Feature","properties":{"CVEGEO":"040030199","NOM_MUN":"Carmen","NOMGEO":"Isla Aguada","POB1":7620.0,"POB8":2250.0,"POB12":4953.0,"POB24":417.0,"POB42":3810.0,"POB84":3810.0,"POB125_R":100.0,"POB126_R":53.8,"POB127_R":45.4,"POB128_R":8.4,"POB129_R":27.0,"OID":29,"denominacion_oficial":"C04_Loc_urb","modulo_asignado":"Mapa Base","instrumento_vigencia":"","fecha_actualizacion":"2026-07-29","fuente_custodio":"SCINCE_2020","responsable_institucional":"INEGI,2020","proyeccion_original":"EPSG:6372","proyeccion_actual":"EPSG:4326","cobertura_territorial":"Estatal","restricciones_uso":"Público"},"geometry":{"type":"MultiPolygon","coordinates":[[[[-91.476653,18.790107],[-91.476858,18.789809],[-91.477367,18.789418],[-91.477596,18.789136],[-91.477721,18.78889],[-91.477671,18.788296],[-91.477778,18.787858],[-91.477941,18.787679],[-91.478235,18.787634],[-91.478356,18.787556],[-91.478387,18.787447],[-91.478468,18.787147],[-91.478604,18.786945],[-91.478834,18.786701],[-91.479053,18.786541],[-91.479212,18.786334],[-91.479343,18.786055],[-91.479488,18.785486],[-91.479443,18.785449],[-91.479112,18.785628],[-91.478767,18.785674],[-91.478292,18.785811],[-91.477582,18.785904],[-91.476982,18.786059],[-91.47657,18.78636],[-91.476039,18.786572],[-91.475324,18.786686],[-91.475247,18.786212],[-91.475241,18.78608],[-91.475335,18.785969],[-91.47534,18.785963],[-91.47551,18.786018],[-91.475513,18.786023],[-91.475602,18.786166],[-91.475696,18.786245],[-91.475997,18.786243],[-91.476135,18.786201],[-91.476216,18.786166],[-91.476222,18.786163],[-91.4764,18.786075],[-91.476447,18.785981],[-91.476448,18.785979],[-91.476311,18.785928],[-91.476198,18.785934],[-91.476077,18.785898],[-91.475969,18.785862],[-91.475903,18.785867],[-91.475727,18.78587],[-91.475588,18.785841],[-91.475525,18.78578],[-91.475533,18.785738],[-91.47553,18.785671],[-91.475573,18.785618],[-91.475677,18.785594],[-91.475746,18.785557],[-91.475888,18.78554],[-91.475962,18.785518],[-91.476265,18.785477],[-91.476565,18.785541],[-91.476639,18.785561],[-91.47675,18.785603],[-91.476866,18.785671],[-91.476913,18.78564],[-91.477022,18.7856],[-91.477122,18.785523],[-91.477297,18.785414],[-91.477548,18.785276],[-91.477793,18.785127],[-91.477992,18.784958],[-91.478121,18.784824],[-91.478255,18.784747],[-91.47839,18.784706],[-91.478533,18.784553],[-91.47863,18.784425],[-91.478687,18.784357],[-91.478731,18.78428],[-91.478781,18.784177],[-91.47879,18.784064],[-91.47877,18.783949],[-91.478711,18.783803],[-91.478717,18.783702],[-91.478693,18.783609],[-91.47864,18.783551],[-91.47855,18.783487],[-91.478418,18.783387],[-91.478225,18.783194],[-91.478005,18.782897],[-91.477903,18.782788],[-91.477783,18.782757],[-91.477548,18.782765],[-91.477322,18.782806],[-91.477167,18.782876],[-91.477074,18.782966],[-91.477083,18.783056],[-91.477073,18.783105],[-91.477039,18.783151],[-91.476994,18.783125],[-91.476971,18.783081],[-91.476902,18.783046],[-91.476858,18.783033],[-91.476836,18.782985],[-91.476851,18.782925],[-91.476875,18.782883],[-91.476776,18.782753],[-91.476623,18.782724],[-91.476404,18.78278],[-91.476175,18.782908],[-91.476124,18.782919],[-91.476061,18.782947],[-91.47596,18.782878],[-91.475904,18.782733],[-91.475753,18.782687],[-91.475582,18.782687],[-91.475263,18.782754],[-91.474905,18.782868],[-91.474726,18.782959],[-91.47464,18.783046],[-91.474582,18.783126],[-91.474449,18.783155],[-91.474298,18.783141],[-91.474155,18.783096],[-91.47399,18.783082],[-91.473986,18.783082],[-91.473608,18.783206],[-91.47363,18.782917],[-91.473659,18.782684],[-91.473695,18.782421],[-91.473695,18.782386],[-91.473911,18.782362],[-91.474193,18.782313],[-91.474312,18.782296],[-91.474419,18.782296],[-91.474579,18.7823],[-91.474812,18.782297],[-91.475077,18.782223],[-91.475441,18.782133],[-91.475693,18.782102],[-91.475918,18.782058],[-91.476057,18.782059],[-91.476207,18.782082],[-91.476405,18.78212],[-91.476535,18.782169],[-91.476704,18.782211],[-91.476872,18.782258],[-91.477154,18.782294],[-91.477292,18.782303],[-91.477692,18.78233],[-91.478042,18.782321],[-91.478697,18.782313],[-91.478999,18.782338],[-91.479271,18.782304],[-91.479415,18.782215],[-91.479844,18.782139],[-91.479955,18.782117],[-91.48019,18.782079],[-91.480313,18.782067],[-91.480463,18.782051],[-91.480732,18.781987],[-91.481082,18.781941],[-91.481291,18.781919],[-91.481273,18.781798],[-91.481324,18.781781],[-91.481357,18.781939],[-91.481409,18.781934],[-91.481381,18.78165],[-91.481414,18.781642],[-91.481431,18.781636],[-91.48145,18.781898],[-91.48161,18.781873],[-91.481829,18.781844],[-91.482017,18.781823],[-91.482245,18.781817],[-91.482438,18.781816],[-91.48263,18.781794],[-91.482921,18.781736],[-91.483204,18.781696],[-91.483389,18.781643],[-91.483634,18.781582],[-91.483952,18.781573],[-91.483952,18.781572],[-91.483959,18.781188],[-91.483879,18.781183],[-91.483883,18.781149],[-91.484089,18.781147],[-91.484088,18.781184],[-91.484007,18.781187],[-91.484002,18.78157],[-91.484221,18.781574],[-91.484355,18.781594],[-91.484637,18.781634],[-91.484904,18.781667],[-91.484974,18.78168],[-91.485038,18.781317],[-91.48499,18.781309],[-91.484996,18.781276],[-91.485143,18.781296],[-91.485137,18.781334],[-91.485077,18.781327],[-91.485012,18.781687],[-91.485132,18.78171],[-91.485297,18.781732],[-91.485503,18.781767],[-91.485731,18.781808],[-91.486091,18.781854],[-91.486281,18.781862],[-91.486553,18.781856],[-91.486789,18.781861],[-91.487005,18.781861],[-91.48709,18.781882],[-91.487123,18.781633],[-91.487159,18.781638],[-91.487144,18.781894],[-91.487252,18.781918],[-91.487557,18.78194],[-91.487848,18.781906],[-91.488279,18.781857],[-91.488385,18.781839],[-91.488479,18.781815],[-91.488592,18.781796],[-91.488734,18.781782],[-91.488912,18.781784],[-91.48908,18.781828],[-91.489221,18.781841],[-91.489505,18.781821],[-91.489676,18.781782],[-91.489844,18.781771],[-91.490152,18.781776],[-91.490289,18.781775],[-91.490422,18.781742],[-91.490558,18.781694],[-91.490653,18.781708],[-91.49072,18.781696],[-91.491028,18.781693],[-91.491322,18.781649],[-91.491494,18.781613],[-91.491582,18.78159],[-91.49188,18.781504],[-91.492049,18.781449],[-91.492005,18.781312],[-91.491994,18.781315],[-91.491971,18.781323],[-91.491967,18.781304],[-91.491966,18.781299],[-91.492064,18.781267],[-91.492077,18.781288],[-91.492078,18.781289],[-91.492039,18.781301],[-91.492038,18.781302],[-91.492086,18.781444],[-91.492132,18.781456],[-91.492138,18.781457],[-91.492198,18.78144],[-91.492315,18.781368],[-91.492675,18.781146],[-91.492707,18.781177],[-91.492724,18.781192],[-91.492676,18.781228],[-91.492682,18.781236],[-91.492687,18.781243],[-91.492724,18.781218],[-91.492763,18.78127],[-91.492445,18.781474],[-91.492427,18.781522],[-91.492529,18.781531],[-91.492673,18.781549],[-91.492898,18.78158],[-91.493089,18.781597],[-91.49321,18.781631],[-91.493313,18.781661],[-91.493415,18.781685],[-91.493532,18.781718],[-91.493757,18.781734],[-91.494035,18.781736],[-91.494282,18.781746],[-91.494565,18.781807],[-91.494842,18.781878],[-91.495081,18.781898],[-91.495296,18.7819],[-91.495507,18.781865],[-91.495878,18.781779],[-91.496226,18.78168],[-91.496427,18.781639],[-91.496614,18.781593],[-91.497249,18.781404],[-91.497522,18.781621],[-91.498051,18.781777],[-91.498283,18.782154],[-91.498548,18.782611],[-91.498819,18.783046],[-91.498926,18.783239],[-91.49905,18.783396],[-91.499197,18.783753],[-91.499403,18.784097],[-91.499569,18.784445],[-91.499641,18.784828],[-91.499783,18.786189],[-91.499724,18.787033],[-91.499498,18.7879],[-91.499183,18.788621],[-91.499026,18.789042],[-91.498755,18.789713],[-91.498426,18.790313],[-91.498308,18.790501],[-91.498308,18.790501],[-91.498306,18.790503],[-91.498048,18.790913],[-91.497527,18.791491],[-91.497198,18.791876],[-91.496988,18.792176],[-91.496379,18.792684],[-91.495176,18.793628],[-91.494019,18.794466],[-91.492587,18.795562],[-91.491475,18.796342],[-91.491245,18.796524],[-91.490657,18.796915],[-91.490532,18.796998],[-91.490474,18.797037],[-91.490183,18.797253],[-91.489719,18.797597],[-91.489703,18.797608],[-91.489163,18.798026],[-91.488834,18.79731],[-91.488966,18.797193],[-91.489096,18.797083],[-91.489221,18.796974],[-91.489219,18.796894],[-91.489114,18.796758],[-91.489032,18.796577],[-91.489313,18.796353],[-91.490117,18.795742],[-91.489876,18.795515],[-91.489421,18.795049],[-91.489236,18.795239],[-91.488029,18.79614],[-91.487787,18.79578],[-91.487529,18.795984],[-91.487261,18.795666],[-91.486399,18.796358],[-91.486385,18.796367],[-91.48625,18.79622],[-91.485904,18.795886],[-91.48544,18.795473],[-91.486332,18.794706],[-91.486862,18.79428],[-91.487338,18.793899],[-91.487896,18.793497],[-91.48869,18.79292],[-91.489489,18.792321],[-91.48948,18.791838],[-91.48948,18.791837],[-91.488844,18.791414],[-91.488464,18.791161],[-91.488139,18.790945],[-91.487772,18.790887],[-91.487293,18.790833],[-91.48688,18.790787],[-91.486517,18.790749],[-91.486063,18.790698],[-91.485317,18.790619],[-91.484915,18.790573],[-91.481759,18.790216],[-91.481755,18.790216],[-91.481165,18.791238],[-91.480496,18.792301],[-91.47938,18.793523],[-91.478862,18.79407],[-91.478373,18.794586],[-91.476929,18.79601],[-91.474316,18.798774],[-91.473143,18.800015],[-91.471023,18.802417],[-91.470733,18.802774],[-91.470578,18.802652],[-91.470854,18.802286],[-91.470096,18.801741],[-91.471565,18.799751],[-91.472225,18.798709],[-91.472929,18.797422],[-91.473006,18.797255],[-91.474567,18.795067],[-91.474866,18.794739],[-91.475082,18.794064],[-91.475325,18.793862],[-91.475723,18.793313],[-91.475889,18.792971],[-91.476103,18.792601],[-91.476198,18.792509],[-91.47626,18.792165],[-91.476121,18.791842],[-91.476132,18.790854],[-91.476572,18.790318],[-91.476653,18.790107]]]]}},{"type":"Feature","properties":{"CVEGEO":"040030614","NOM_MUN":"Carmen","NOMGEO":"Sabancuy","POB1":7744.0,"POB8":2242.0,"POB12":4880.0,"POB24":613.0,"POB42":3897.0,"POB84":3847.0,"POB125_R":98.7,"POB126_R":58.5,"POB127_R":45.9,"POB128_R":12.6,"POB129_R":27.0,"OID":30,"denominacion_oficial":"C04_Loc_urb","modulo_asignado":"Mapa Base","instrumento_vigencia":"","fecha_actualizacion":"2026-07-29","fuente_custodio":"SCINCE_2020","responsable_institucional":"INEGI,2020","proyeccion_original":"EPSG:6372","proyeccion_actual":"EPSG:4326","cobertura_territorial":"Estatal","restricciones_uso":"Público"},"geometry":{"type":"MultiPolygon","coordinates":[[[[-91.165166,18.974944],[-91.165139,18.974924],[-91.165227,18.974884],[-91.165211,18.974854],[-91.165076,18.9747],[-91.16497,18.974675],[-91.164972,18.974673],[-91.165295,18.974397],[-91.16566,18.974118],[-91.165862,18.973725],[-91.166293,18.973529],[-91.166678,18.973282],[-91.16684,18.973328],[-91.166997,18.973285],[-91.167066,18.973387],[-91.167334,18.973207],[-91.167407,18.973291],[-91.168238,18.972859],[-91.172037,18.970814],[-91.173032,18.970106],[-91.173065,18.970083],[-91.173537,18.969735],[-91.1741,18.969333],[-91.174156,18.969293],[-91.174624,18.96891],[-91.173931,18.968048],[-91.174811,18.967513],[-91.17323,18.966498],[-91.17347,18.966111],[-91.173619,18.966105],[-91.173789,18.966079],[-91.173954,18.966027],[-91.174103,18.96594],[-91.174271,18.965801],[-91.174456,18.965645],[-91.174664,18.965473],[-91.175081,18.965134],[-91.175405,18.964886],[-91.175828,18.964596],[-91.176145,18.964396],[-91.176499,18.964214],[-91.176881,18.964058],[-91.177632,18.963952],[-91.177969,18.963864],[-91.178007,18.963843],[-91.178028,18.963803],[-91.178026,18.963754],[-91.177923,18.963215],[-91.178083,18.963103],[-91.178342,18.963056],[-91.178382,18.96281],[-91.178683,18.962828],[-91.178947,18.962754],[-91.179222,18.962679],[-91.179367,18.962644],[-91.179707,18.962562],[-91.179893,18.962535],[-91.18011,18.962567],[-91.180282,18.962619],[-91.179988,18.964833],[-91.183594,18.963573],[-91.183726,18.963535],[-91.183536,18.962858],[-91.184144,18.962575],[-91.184441,18.963137],[-91.184442,18.963139],[-91.184998,18.962577],[-91.185944,18.961459],[-91.186894,18.962409],[-91.192322,18.968139],[-91.192867,18.968666],[-91.192962,18.968777],[-91.191622,18.969442],[-91.190341,18.970141],[-91.189996,18.970316],[-91.189314,18.970648],[-91.188903,18.970824],[-91.188778,18.970881],[-91.188524,18.970995],[-91.188386,18.971044],[-91.1875,18.971401],[-91.186807,18.971681],[-91.185878,18.972175],[-91.185534,18.97235],[-91.184417,18.972929],[-91.183687,18.973254],[-91.183019,18.973577],[-91.182045,18.974137],[-91.181335,18.974531],[-91.180977,18.974751],[-91.180649,18.974959],[-91.180527,18.975036],[-91.179906,18.975211],[-91.179651,18.97528],[-91.179198,18.975451],[-91.178839,18.975582],[-91.177646,18.976092],[-91.177036,18.976349],[-91.17631,18.976712],[-91.175798,18.976972],[-91.175631,18.97705],[-91.174819,18.977521],[-91.174073,18.977908],[-91.173333,18.978241],[-91.172256,18.978808],[-91.171708,18.979182],[-91.17143,18.979285],[-91.17104,18.979424],[-91.170649,18.979603],[-91.170323,18.97976],[-91.169902,18.979977],[-91.16937,18.980266],[-91.169073,18.980413],[-91.169013,18.98033],[-91.168937,18.980257],[-91.169673,18.979183],[-91.169489,18.979004],[-91.169046,18.978326],[-91.169191,18.978238],[-91.168393,18.97723],[-91.167263,18.976355],[-91.166702,18.975814],[-91.166759,18.975777],[-91.166612,18.97556],[-91.165886,18.975309],[-91.165562,18.975237],[-91.165166,18.974944]]]]}},{"type":"Feature","properties":{"CVEGEO":"040090001","NOM_MUN":"Escárcega","NOMGEO":"Escárcega","POB1":31375.0,"POB8":9020.0,"POB12":20299.0,"POB24":2046.0,"POB42":16375.0,"POB84":15000.0,"POB125_R":91.6,"POB126_R":54.5,"POB127_R":44.4,"POB128_R":10.1,"POB129_R":27.0,"OID":31,"denominacion_oficial":"C04_Loc_urb","modulo_asignado":"Mapa Base","instrumento_vigencia":"","fecha_actualizacion":"2026-07-29","fuente_custodio":"SCINCE_2020","responsable_institucional":"INEGI,2020","proyeccion_original":"EPSG:6372","proyeccion_actual":"EPSG:4326","cobertura_territorial":"Estatal","restricciones_uso":"Público"},"geometry":{"type":"MultiPolygon","coordinates":[[[[-90.755591,18.625001],[-90.755681,18.623586],[-90.748844,18.623092],[-90.748844,18.623091],[-90.749454,18.62244],[-90.749501,18.621698],[-90.748946,18.62167],[-90.748649,18.621655],[-90.74862,18.622105],[-90.748505,18.622532],[-90.748499,18.622532],[-90.748365,18.622524],[-90.74802,18.622502],[-90.747522,18.622498],[-90.747278,18.622471],[-90.747275,18.622509],[-90.747267,18.623001],[-90.747267,18.623002],[-90.747267,18.623002],[-90.747267,18.623002],[-90.746037,18.622931],[-90.746037,18.622931],[-90.746098,18.62083],[-90.746132,18.620203],[-90.744986,18.620059],[-90.745618,18.622139],[-90.742104,18.621649],[-90.742279,18.619061],[-90.742229,18.619059],[-90.741457,18.620278],[-90.740631,18.620228],[-90.740631,18.620227],[-90.740671,18.618991],[-90.73981,18.618887],[-90.738978,18.618797],[-90.737808,18.618618],[-90.737744,18.618608],[-90.736745,18.618518],[-90.736733,18.618646],[-90.736733,18.618648],[-90.736762,18.618654],[-90.736744,18.618803],[-90.736659,18.619488],[-90.735913,18.619457],[-90.735855,18.619924],[-90.734794,18.619744],[-90.733545,18.619465],[-90.732588,18.619262],[-90.731872,18.619129],[-90.731374,18.621026],[-90.731084,18.621535],[-90.730617,18.621298],[-90.730724,18.621123],[-90.729008,18.619892],[-90.729008,18.619892],[-90.729039,18.61986],[-90.729324,18.619677],[-90.72955,18.619504],[-90.730141,18.618765],[-90.730082,18.618762],[-90.730079,18.618762],[-90.725956,18.618176],[-90.725841,18.61814],[-90.725449,18.617984],[-90.725473,18.61794],[-90.725481,18.617925],[-90.725528,18.617837],[-90.725262,18.617675],[-90.725089,18.617721],[-90.724876,18.617763],[-90.724587,18.61782],[-90.724601,18.617758],[-90.724628,18.617636],[-90.724693,18.617353],[-90.724622,18.617344],[-90.724464,18.617325],[-90.724457,18.617263],[-90.72446,18.617232],[-90.724464,18.617189],[-90.724493,18.616885],[-90.723813,18.616666],[-90.723823,18.616222],[-90.723889,18.615245],[-90.724619,18.615318],[-90.724749,18.614333],[-90.723684,18.614148],[-90.722657,18.614051],[-90.721575,18.613948],[-90.719924,18.61377],[-90.720034,18.612765],[-90.720206,18.611665],[-90.720374,18.610587],[-90.720526,18.609562],[-90.720659,18.608844],[-90.720805,18.607869],[-90.720941,18.606862],[-90.721109,18.605624],[-90.721235,18.604545],[-90.720843,18.604476],[-90.720939,18.604149],[-90.721169,18.603844],[-90.7219,18.603002],[-90.722401,18.602425],[-90.724213,18.600337],[-90.72467,18.59969],[-90.724888,18.599368],[-90.725305,18.598535],[-90.725613,18.598063],[-90.725808,18.597883],[-90.725963,18.597805],[-90.726193,18.597713],[-90.726366,18.597684],[-90.726679,18.597696],[-90.726808,18.597719],[-90.726809,18.597718],[-90.726846,18.597447],[-90.726916,18.59713],[-90.726982,18.596836],[-90.727051,18.596848],[-90.727658,18.596958],[-90.728214,18.597063],[-90.728384,18.597095],[-90.728615,18.595987],[-90.728615,18.595986],[-90.729112,18.596104],[-90.729117,18.596106],[-90.729159,18.595984],[-90.72916,18.595983],[-90.729369,18.596038],[-90.729375,18.596039],[-90.729737,18.595146],[-90.729737,18.595145],[-90.730576,18.595423],[-90.730788,18.595043],[-90.730797,18.595048],[-90.731332,18.595328],[-90.73152,18.595426],[-90.731913,18.594503],[-90.731914,18.594502],[-90.732484,18.594788],[-90.732489,18.59479],[-90.733023,18.593553],[-90.733023,18.593553],[-90.733309,18.593612],[-90.73407,18.593752],[-90.732941,18.596642],[-90.732524,18.597616],[-90.732094,18.598667],[-90.734631,18.599087],[-90.735487,18.596885],[-90.734986,18.596763],[-90.736607,18.592592],[-90.736608,18.59259],[-90.737069,18.592885],[-90.737182,18.592602],[-90.737182,18.592602],[-90.737627,18.591772],[-90.737663,18.591704],[-90.738344,18.590683],[-90.738883,18.590044],[-90.740179,18.588988],[-90.740144,18.589265],[-90.744005,18.590096],[-90.743704,18.591971],[-90.752207,18.593569],[-90.754278,18.594024],[-90.754328,18.594035],[-90.760105,18.595155],[-90.760115,18.595158],[-90.762349,18.595731],[-90.76449,18.596295],[-90.764491,18.596676],[-90.764645,18.597933],[-90.764634,18.597988],[-90.764634,18.597988],[-90.764664,18.598092],[-90.76467,18.598136],[-90.764793,18.59907],[-90.764794,18.599078],[-90.764782,18.599436],[-90.764747,18.599823],[-90.764548,18.600337],[-90.764433,18.600601],[-90.763734,18.601505],[-90.763174,18.602239],[-90.763039,18.60252],[-90.763015,18.602746],[-90.763064,18.602921],[-90.76319,18.603143],[-90.763191,18.603144],[-90.763415,18.603536],[-90.763515,18.603818],[-90.763535,18.603873],[-90.764004,18.603954],[-90.763407,18.605826],[-90.765975,18.606035],[-90.765831,18.607773],[-90.771294,18.608361],[-90.771068,18.609514],[-90.771039,18.609512],[-90.762718,18.608813],[-90.762718,18.608813],[-90.761291,18.608671],[-90.760418,18.6086],[-90.760146,18.60988],[-90.756564,18.609663],[-90.754747,18.609553],[-90.754705,18.609243],[-90.752893,18.609084],[-90.752849,18.610112],[-90.752797,18.611159],[-90.752737,18.613608],[-90.752415,18.615132],[-90.752714,18.615113],[-90.753453,18.615307],[-90.755895,18.61559],[-90.75594,18.615768],[-90.754994,18.616424],[-90.756233,18.61658],[-90.756794,18.616601],[-90.756896,18.615763],[-90.757259,18.615824],[-90.757652,18.615866],[-90.758034,18.615903],[-90.758035,18.615903],[-90.758395,18.615941],[-90.758375,18.616043],[-90.758717,18.616084],[-90.758777,18.616094],[-90.759116,18.616148],[-90.759164,18.616155],[-90.759491,18.616201],[-90.75956,18.616211],[-90.759901,18.616261],[-90.75995,18.616267],[-90.760349,18.616317],[-90.761399,18.616299],[-90.76198,18.616277],[-90.761938,18.616711],[-90.761339,18.616734],[-90.76133,18.61679],[-90.761257,18.61727],[-90.760226,18.617172],[-90.760166,18.617502],[-90.760163,18.617524],[-90.760066,18.618099],[-90.760015,18.618409],[-90.759996,18.618527],[-90.759922,18.61897],[-90.759856,18.619364],[-90.759717,18.620202],[-90.759205,18.622315],[-90.75911,18.622754],[-90.759052,18.62322],[-90.759045,18.623252],[-90.758886,18.624022],[-90.75885,18.624201],[-90.758883,18.624411],[-90.758937,18.624534],[-90.758787,18.62493],[-90.75872,18.625089],[-90.758617,18.625335],[-90.758561,18.625694],[-90.755686,18.625433],[-90.755564,18.625422],[-90.755591,18.625001]]]]}},{"type":"Feature","properties":{"CVEGEO":"040090002","NOM_MUN":"Escárcega","NOMGEO":"División del Norte","POB1":3963.0,"POB8":1205.0,"POB12":2395.0,"POB24":360.0,"POB42":1984.0,"POB84":1979.0,"POB125_R":99.7,"POB126_R":65.3,"POB127_R":50.3,"POB128_R":15.0,"POB129_R":27.0,"OID":32,"denominacion_oficial":"C04_Loc_urb","modulo_asignado":"Mapa Base","instrumento_vigencia":"","fecha_actualizacion":"2026-07-29","fuente_custodio":"SCINCE_2020","responsable_institucional":"INEGI,2020","proyeccion_original":"EPSG:6372","proyeccion_actual":"EPSG:4326","cobertura_territorial":"Estatal","restricciones_uso":"Público"},"geometry":{"type":"MultiPolygon","coordinates":[[[[-90.769978,18.540413],[-90.763883,18.538271],[-90.763806,18.538336],[-90.761714,18.537631],[-90.760779,18.537358],[-90.75996,18.537074],[-90.759107,18.53678],[-90.758358,18.536525],[-90.757925,18.536378],[-90.757852,18.536353],[-90.757757,18.536439],[-90.756668,18.536072],[-90.756896,18.535479],[-90.757199,18.534695],[-90.757059,18.534648],[-90.757345,18.533898],[-90.757488,18.533945],[-90.757826,18.533066],[-90.75756,18.532959],[-90.757856,18.532188],[-90.758429,18.530631],[-90.758697,18.529834],[-90.758991,18.529064],[-90.759308,18.528239],[-90.759624,18.527452],[-90.75994,18.52759],[-90.760247,18.526784],[-90.760553,18.526008],[-90.760315,18.52577],[-90.760539,18.525112],[-90.761165,18.523536],[-90.761462,18.522763],[-90.761754,18.522002],[-90.762055,18.52122],[-90.762355,18.520437],[-90.762662,18.519637],[-90.76289,18.519048],[-90.764026,18.519438],[-90.764415,18.51958],[-90.764857,18.51973],[-90.765664,18.520018],[-90.766464,18.520301],[-90.767306,18.520601],[-90.767945,18.520842],[-90.768112,18.520904],[-90.768532,18.521033],[-90.768931,18.521227],[-90.769736,18.521526],[-90.770286,18.521727],[-90.770544,18.521822],[-90.771331,18.522137],[-90.772269,18.522462],[-90.773065,18.522788],[-90.774742,18.523405],[-90.774928,18.523255],[-90.775184,18.523319],[-90.775622,18.523486],[-90.776455,18.523789],[-90.775989,18.524997],[-90.775673,18.525773],[-90.775424,18.526495],[-90.774847,18.528158],[-90.772921,18.53296],[-90.772662,18.533735],[-90.772275,18.534692],[-90.771956,18.535434],[-90.771651,18.53613],[-90.771294,18.537002],[-90.770715,18.538478],[-90.769978,18.540413]]]]}},{"type":"Feature","properties":{"CVEGEO":"040110001","NOM_MUN":"Candelaria","NOMGEO":"Candelaria","POB1":11121.0,"POB8":3364.0,"POB12":7049.0,"POB24":705.0,"POB42":5804.0,"POB84":5317.0,"POB125_R":91.6,"POB126_R":57.7,"POB127_R":47.7,"POB128_R":10.0,"POB129_R":26.0,"OID":33,"denominacion_oficial":"C04_Loc_urb","modulo_asignado":"Mapa Base","instrumento_vigencia":"","fecha_actualizacion":"2026-07-29","fuente_custodio":"SCINCE_2020","responsable_institucional":"INEGI,2020","proyeccion_original":"EPSG:6372","proyeccion_actual":"EPSG:4326","cobertura_territorial":"Estatal","restricciones_uso":"Público"},"geometry":{"type":"MultiPolygon","coordinates":[[[[-91.022404,18.189357],[-91.021809,18.187233],[-91.02099,18.184203],[-91.021194,18.184155],[-91.021201,18.184153],[-91.021226,18.184229],[-91.021226,18.184232],[-91.021475,18.184152],[-91.021401,18.183925],[-91.021806,18.183818],[-91.022159,18.183744],[-91.022483,18.183691],[-91.02249,18.18369],[-91.022847,18.184643],[-91.02302,18.185129],[-91.023551,18.186539],[-91.024033,18.187772],[-91.024034,18.187774],[-91.02447,18.187617],[-91.024476,18.187615],[-91.024842,18.188555],[-91.025135,18.189378],[-91.024955,18.18942],[-91.024825,18.189423],[-91.02482,18.189422],[-91.024719,18.189411],[-91.024632,18.189396],[-91.024629,18.189396],[-91.024251,18.189412],[-91.023835,18.189409],[-91.023393,18.1894],[-91.022802,18.189381],[-91.022404,18.189357],[-91.022404,18.189357]]],[[[-91.044623,18.203728],[-91.044494,18.203035],[-91.044487,18.203037],[-91.043793,18.203239],[-91.043793,18.203237],[-91.04352,18.20123],[-91.043472,18.201066],[-91.043221,18.200318],[-91.043215,18.20032],[-91.043215,18.20032],[-91.04305,18.200385],[-91.043049,18.200382],[-91.042776,18.199547],[-91.042769,18.199549],[-91.042343,18.199717],[-91.041883,18.199905],[-91.041882,18.199902],[-91.041569,18.198988],[-91.041562,18.19899],[-91.039843,18.199756],[-91.039842,18.199753],[-91.039362,18.198439],[-91.039998,18.198249],[-91.039897,18.197993],[-91.039891,18.197995],[-91.03887,18.198318],[-91.038953,18.19858],[-91.038737,18.19865],[-91.038736,18.198647],[-91.038361,18.197588],[-91.038301,18.197374],[-91.038274,18.197275],[-91.038267,18.197279],[-91.038267,18.197279],[-91.038094,18.197385],[-91.037674,18.197561],[-91.037263,18.197739],[-91.037261,18.197736],[-91.036962,18.197193],[-91.036842,18.196976],[-91.036703,18.196723],[-91.037454,18.196421],[-91.037287,18.196069],[-91.037546,18.195915],[-91.03727,18.195195],[-91.036873,18.194213],[-91.036247,18.192976],[-91.03586,18.191828],[-91.035853,18.19183],[-91.034461,18.192261],[-91.032672,18.192797],[-91.032694,18.1929],[-91.032614,18.192978],[-91.031899,18.193192],[-91.031898,18.19319],[-91.031484,18.19199],[-91.03137,18.191549],[-91.030914,18.189638],[-91.030788,18.189176],[-91.030781,18.189178],[-91.030121,18.189344],[-91.03012,18.189341],[-91.030116,18.189324],[-91.030006,18.188918],[-91.03,18.188921],[-91.029546,18.189067],[-91.029545,18.189064],[-91.029478,18.18888],[-91.029462,18.188837],[-91.029456,18.188839],[-91.026697,18.189645],[-91.026696,18.189642],[-91.026585,18.189396],[-91.026575,18.189373],[-91.026477,18.189141],[-91.026455,18.189092],[-91.026775,18.188998],[-91.028093,18.188612],[-91.028257,18.188564],[-91.028204,18.188406],[-91.027963,18.187694],[-91.028497,18.187446],[-91.029057,18.187255],[-91.028878,18.186808],[-91.029588,18.186509],[-91.028757,18.184533],[-91.029143,18.184283],[-91.029623,18.184184],[-91.029629,18.184182],[-91.029813,18.184599],[-91.029815,18.184602],[-91.030244,18.184431],[-91.030652,18.184305],[-91.030659,18.184303],[-91.030879,18.184784],[-91.03088,18.184787],[-91.031795,18.184428],[-91.031801,18.184426],[-91.03186,18.184558],[-91.031861,18.184561],[-91.03228,18.184389],[-91.032709,18.184203],[-91.032715,18.184201],[-91.033047,18.18497],[-91.03341,18.185792],[-91.033411,18.185794],[-91.033839,18.185628],[-91.034273,18.185485],[-91.034701,18.185319],[-91.035111,18.185149],[-91.03629,18.184701],[-91.03725,18.184333],[-91.038527,18.183693],[-91.036928,18.181935],[-91.036097,18.181024],[-91.036566,18.180738],[-91.036617,18.180688],[-91.038454,18.179769],[-91.037933,18.179049],[-91.037574,18.178086],[-91.038247,18.17774],[-91.03848,18.177548],[-91.038484,18.177544],[-91.039931,18.179879],[-91.039933,18.179882],[-91.040772,18.179484],[-91.040583,18.179095],[-91.041065,18.178866],[-91.04131,18.17875],[-91.043318,18.177379],[-91.044254,18.177055],[-91.04426,18.177052],[-91.044361,18.177257],[-91.044362,18.177259],[-91.044632,18.177184],[-91.044638,18.177182],[-91.045847,18.179268],[-91.048994,18.180728],[-91.048931,18.181436],[-91.0489,18.181524],[-91.048972,18.181671],[-91.049476,18.182696],[-91.049574,18.182931],[-91.049574,18.182933],[-91.049649,18.182914],[-91.049948,18.182833],[-91.05025,18.182753],[-91.050582,18.182664],[-91.050882,18.182576],[-91.052353,18.182141],[-91.052361,18.182138],[-91.052164,18.183413],[-91.053064,18.183701],[-91.053071,18.183703],[-91.053161,18.183482],[-91.053162,18.183479],[-91.054477,18.18413],[-91.054293,18.18474],[-91.054069,18.184924],[-91.054063,18.184922],[-91.053986,18.184902],[-91.053985,18.184904],[-91.05383,18.185195],[-91.053993,18.185255],[-91.053996,18.185256],[-91.054034,18.185253],[-91.054042,18.185252],[-91.053993,18.186943],[-91.054268,18.186981],[-91.055915,18.187428],[-91.055959,18.188428],[-91.056068,18.188529],[-91.055911,18.188992],[-91.055754,18.189182],[-91.055879,18.18938],[-91.055539,18.189614],[-91.055613,18.189728],[-91.055352,18.190027],[-91.055462,18.19017],[-91.055499,18.190374],[-91.055205,18.191031],[-91.055199,18.191028],[-91.05514,18.190997],[-91.055014,18.190935],[-91.054891,18.190867],[-91.05476,18.190815],[-91.054631,18.190759],[-91.054505,18.190698],[-91.054387,18.190623],[-91.054262,18.190559],[-91.054128,18.190514],[-91.054,18.190455],[-91.053866,18.190411],[-91.053733,18.190364],[-91.053594,18.190339],[-91.053456,18.190307],[-91.053316,18.190288],[-91.053312,18.190288],[-91.053174,18.190287],[-91.053032,18.190287],[-91.05289,18.190292],[-91.052749,18.190303],[-91.052609,18.190321],[-91.052472,18.190345],[-91.052339,18.190375],[-91.052195,18.190397],[-91.052056,18.190423],[-91.051919,18.190441],[-91.051778,18.190467],[-91.05165,18.190493],[-91.051508,18.190515],[-91.051365,18.190546],[-91.051227,18.190579],[-91.051115,18.190661],[-91.051018,18.19076],[-91.050922,18.19086],[-91.050836,18.190968],[-91.050735,18.191063],[-91.050634,18.191158],[-91.050533,18.191259],[-91.050436,18.191355],[-91.050348,18.191438],[-91.050218,18.191519],[-91.050097,18.191588],[-91.049975,18.191667],[-91.049848,18.19171],[-91.049709,18.191743],[-91.049575,18.191773],[-91.049434,18.191781],[-91.049292,18.191774],[-91.049291,18.191774],[-91.049155,18.191739],[-91.049016,18.191712],[-91.048883,18.191667],[-91.048746,18.191631],[-91.048615,18.191579],[-91.048494,18.191508],[-91.048398,18.191408],[-91.048307,18.191304],[-91.04823,18.191191],[-91.047451,18.191053],[-91.047449,18.191053],[-91.045934,18.191605],[-91.047085,18.194202],[-91.046765,18.194428],[-91.047243,18.195267],[-91.048202,18.195988],[-91.049003,18.196519],[-91.048915,18.197035],[-91.048908,18.197033],[-91.048541,18.196939],[-91.04854,18.19694],[-91.047551,18.197861],[-91.046857,18.199107],[-91.046856,18.199107],[-91.047246,18.19912],[-91.047254,18.19912],[-91.047253,18.204682],[-91.046252,18.20467],[-91.046118,18.204682],[-91.046035,18.204712],[-91.045899,18.204711],[-91.045898,18.20471],[-91.044623,18.203728]]]]}}]}