{"type":"FeatureCollection","name":"C04_corr_agua_2003","crs":{"type":"name","properties":{"name":"urn:ogc:def:crs:OGC:1.3:CRS84"}},"xy_coordinate_resolution":1e-06,"features":[{"type":"Feature","properties":{"gid":5609,"tipo":"Intermitente","longitud":10279.6098986,"denominacion_oficial":"C04_corr_agua_2003","modulo_asignado":"Mapa Base","instrumento_vigencia":"","fecha_actualizacion":"2026-07-29","fuente_custodio":"","responsable_institucional":"","proyeccion_original":"EPSG:6372","proyeccion_actual":"EPSG:4326","cobertura_territorial":"","restricciones_uso":""},"geometry":{"type":"LineString","coordinates":[[-89.581179,17.816219],[-89.589964,17.824863],[-89.593739,17.825023],[-89.599749,17.821738],[-89.603269,17.821367],[-89.610943,17.824091],[-89.615379,17.823742],[-89.621395,17.82867],[-89.626327,17.82966],[-89.631421,17.827069],[-89.635495,17.826861],[-89.639939,17.824752],[-89.651692,17.825315],[-89.657898,17.826781],[-89.664511,17.824569],[-89.669126,17.824233]]}},{"type":"Feature","properties":{"gid":5610,"tipo":"Intermitente","longitud":5629.94009558,"denominacion_oficial":"C04_corr_agua_2003","modulo_asignado":"Mapa Base","instrumento_vigencia":"","fecha_actualizacion":"2026-07-29","fuente_custodio":"","responsable_institucional":"","proyeccion_original":"EPSG:6372","proyeccion_actual":"EPSG:4326","cobertura_territorial":"","restricciones_uso":""},"geometry":{"type":"LineString","coordinates":[[-89.476747,17.849121],[-89.479404,17.849806],[-89.482764,17.849226],[-89.490153,17.844272],[-89.492982,17.843492],[-89.496046,17.841271],[-89.498189,17.840634],[-89.499158,17.838836],[-89.498337,17.833503],[-89.499294,17.829971],[-89.509353,17.8164]]}},{"type":"Feature","properties":{"gid":5611,"tipo":"Intermitente","longitud":7641.01781211,"denominacion_oficial":"C04_corr_agua_2003","modulo_asignado":"Mapa Base","instrumento_vigencia":"","fecha_actualizacion":"2026-07-29","fuente_custodio":"","responsable_institucional":"","proyeccion_original":"EPSG:6372","proyeccion_actual":"EPSG:4326","cobertura_territorial":"","restricciones_uso":""},"geometry":{"type":"LineString","coordinates":[[-89.542749,17.875271],[-89.543635,17.870634],[-89.539661,17.866291],[-89.535802,17.857555],[-89.535771,17.854875],[-89.533511,17.849931],[-89.529922,17.84876],[-89.529148,17.845909],[-89.530218,17.843003],[-89.52972,17.838686],[-89.52735,17.83121],[-89.528549,17.828759],[-89.532473,17.827907],[-89.533416,17.826606],[-89.532479,17.824922],[-89.534347,17.82054],[-89.533193,17.81625]]}},{"type":"Feature","properties":{"gid":5579,"tipo":"Intermitente","longitud":30913.3594211,"denominacion_oficial":"C04_corr_agua_2003","modulo_asignado":"Mapa Base","instrumento_vigencia":"","fecha_actualizacion":"2026-07-29","fuente_custodio":"","responsable_institucional":"","proyeccion_original":"EPSG:6372","proyeccion_actual":"EPSG:4326","cobertura_territorial":"","restricciones_uso":""},"geometry":{"type":"LineString","coordinates":[[-91.010932,18.561565],[-91.005754,18.560868],[-91.003371,18.562092],[-91.000768,18.562391],[-90.995843,18.567985],[-90.993584,18.569208],[-90.986587,18.569585],[-90.979622,18.568611],[-90.976633,18.570388],[-90.970947,18.570434],[-90.967723,18.573338],[-90.95422,18.573534],[-90.951484,18.574286],[-90.947059,18.587913],[-90.945742,18.589359],[-90.933266,18.592834],[-90.926268,18.593661],[-90.923533,18.594876],[-90.920213,18.594613],[-90.9135,18.59251],[-90.906848,18.594125],[-90.900931,18.593833],[-90.893725,18.591721],[-90.891119,18.592037],[-90.888178,18.590984],[-90.885938,18.589493],[-90.880487,18.576244],[-90.878774,18.573784],[-90.876093,18.573395],[-90.860678,18.584761],[-90.85467,18.590834],[-90.849918,18.59423],[-90.842096,18.595928],[-90.840408,18.599924],[-90.838372,18.599446],[-90.833258,18.594572],[-90.829169,18.592534],[-90.820647,18.59081],[-90.813288,18.593358],[-90.811106,18.593495],[-90.798322,18.58872],[-90.785916,18.586995],[-90.780509,18.584331],[-90.777665,18.5843],[-90.774362,18.583127],[-90.763956,18.58233]]}},{"type":"Feature","properties":{"gid":5580,"tipo":"Intermitente","longitud":26804.9829351,"denominacion_oficial":"C04_corr_agua_2003","modulo_asignado":"Mapa Base","instrumento_vigencia":"","fecha_actualizacion":"2026-07-29","fuente_custodio":"","responsable_institucional":"","proyeccion_original":"EPSG:6372","proyeccion_actual":"EPSG:4326","cobertura_territorial":"","restricciones_uso":""},"geometry":{"type":"LineString","coordinates":[[-91.010932,18.561565],[-91.010287,18.557869],[-91.007936,18.557052],[-91.005236,18.554658],[-91.004906,18.552728],[-90.999558,18.543976],[-90.993802,18.539361],[-90.985923,18.535588],[-90.982664,18.53081],[-90.979483,18.529424],[-90.97284,18.519197],[-90.973938,18.517735],[-90.973409,18.513212],[-90.972479,18.511174],[-90.967897,18.508187],[-90.966925,18.510094],[-90.964276,18.511088],[-90.961976,18.508351],[-90.958167,18.500628],[-90.955706,18.497996],[-90.947494,18.492036],[-90.945711,18.493493],[-90.942616,18.494363],[-90.934581,18.493254],[-90.932905,18.495272],[-90.930768,18.495587],[-90.930453,18.492078],[-90.929272,18.49151],[-90.928063,18.493862],[-90.926539,18.492833],[-90.926104,18.490223],[-90.924939,18.488631],[-90.920687,18.487455],[-90.917062,18.483248],[-90.915937,18.478944],[-90.912866,18.478227],[-90.912666,18.475063],[-90.911741,18.473805],[-90.913525,18.472921],[-90.915209,18.470803],[-90.915645,18.46391],[-90.913782,18.461077],[-90.911564,18.45947],[-90.907842,18.454121],[-90.907504,18.452426],[-90.90765,18.450277],[-90.909319,18.449284],[-90.910888,18.446477],[-90.912156,18.438811],[-90.914692,18.435567],[-90.915427,18.433425],[-90.914263,18.431724],[-90.914768,18.429247],[-90.913833,18.42788],[-90.914561,18.426409],[-90.916027,18.412205],[-90.912875,18.409458],[-90.9123,18.407873],[-90.910531,18.407288],[-90.9079,18.410306],[-90.906475,18.410183],[-90.904247,18.408575],[-90.901881,18.408327]]}},{"type":"Feature","properties":{"gid":5592,"tipo":"Intermitente","longitud":46371.4766734,"denominacion_oficial":"C04_corr_agua_2003","modulo_asignado":"Mapa Base","instrumento_vigencia":"","fecha_actualizacion":"2026-07-29","fuente_custodio":"","responsable_institucional":"","proyeccion_original":"EPSG:6372","proyeccion_actual":"EPSG:4326","cobertura_territorial":"","restricciones_uso":""},"geometry":{"type":"LineString","coordinates":[[-90.247711,18.261942],[-90.24406,18.260421],[-90.241265,18.258232],[-90.229733,18.255357],[-90.224338,18.252917],[-90.219613,18.252846],[-90.216333,18.251217],[-90.215179,18.249392],[-90.206668,18.249603],[-90.200475,18.252901],[-90.196811,18.25342],[-90.182319,18.250271],[-90.181754,18.24901],[-90.183437,18.247455],[-90.185676,18.247268],[-90.187245,18.245822],[-90.187981,18.243683],[-90.185898,18.241295],[-90.182495,18.239664],[-90.179648,18.240293],[-90.175591,18.24305],[-90.174074,18.242132],[-90.174288,18.235704],[-90.17291,18.23308],[-90.170806,18.231925],[-90.165646,18.236455],[-90.163373,18.23604],[-90.163184,18.23351],[-90.164716,18.229528],[-90.16312,18.227886],[-90.153923,18.232624],[-90.150571,18.229545],[-90.148854,18.229191],[-90.147311,18.230875],[-90.145419,18.237143],[-90.144105,18.23871],[-90.141594,18.23941],[-90.139387,18.237583],[-90.140265,18.232605],[-90.136973,18.227851],[-90.134392,18.22683],[-90.130762,18.22784],[-90.12881,18.223301],[-90.127849,18.222553],[-90.126147,18.222899],[-90.12462,18.221671],[-90.121673,18.22564],[-90.121116,18.2291],[-90.119195,18.230209],[-90.1175,18.229711],[-90.116696,18.228577],[-90.115209,18.224156],[-90.113133,18.224436],[-90.110695,18.226702],[-90.109126,18.227041],[-90.106757,18.225999],[-90.103836,18.22584],[-90.098578,18.222953],[-90.096894,18.222874],[-90.094562,18.223905],[-90.093519,18.226618],[-90.091314,18.227722],[-90.087484,18.225239],[-90.081589,18.22585],[-90.078707,18.225349],[-90.077516,18.224401],[-90.076521,18.221217],[-90.073719,18.219469],[-90.07269,18.216464],[-90.070564,18.214597],[-90.070904,18.211782],[-90.070136,18.209806],[-90.06825,18.206497],[-90.067992,18.202155],[-90.069132,18.199214],[-90.067788,18.195893],[-90.071301,18.190246],[-90.073604,18.18343],[-90.07364,18.180184],[-90.072141,18.17538],[-90.071938,18.168992],[-90.073177,18.164261],[-90.075161,18.162631],[-90.078674,18.160124],[-90.079813,18.157955],[-90.077738,18.155611],[-90.070954,18.151431],[-90.069457,18.144204],[-90.071743,18.138241],[-90.071382,18.132467],[-90.068182,18.127038],[-90.060453,18.122492],[-90.053077,18.121749],[-90.026056,18.120415],[-90.016977,18.123283],[-90.008733,18.123994],[-90.000241,18.123948]]}},{"type":"Feature","properties":{"gid":5593,"tipo":"Intermitente","longitud":44088.8590599,"denominacion_oficial":"C04_corr_agua_2003","modulo_asignado":"Mapa Base","instrumento_vigencia":"","fecha_actualizacion":"2026-07-29","fuente_custodio":"","responsable_institucional":"","proyeccion_original":"EPSG:6372","proyeccion_actual":"EPSG:4326","cobertura_territorial":"","restricciones_uso":""},"geometry":{"type":"LineString","coordinates":[[-89.704748,17.951879],[-89.708052,17.953631],[-89.715277,17.960406],[-89.721657,17.962436],[-89.72279,17.963437],[-89.725977,17.971051],[-89.730554,17.978071],[-89.736865,17.980567],[-89.741596,17.981427],[-89.746528,17.98598],[-89.750935,17.987503],[-89.755613,17.991508],[-89.76033,17.99232],[-89.762933,17.99365],[-89.769352,17.998559],[-89.775706,18.001865],[-89.780722,18.004109],[-89.789283,18.0099],[-89.792622,18.014158],[-89.798433,18.015476],[-89.804182,18.020901],[-89.809308,18.020974],[-89.813293,18.022025],[-89.816209,18.025503],[-89.818116,18.029226],[-89.820917,18.033357],[-89.826419,18.037744],[-89.82717,18.040074],[-89.831626,18.046301],[-89.838325,18.05152],[-89.844469,18.062903],[-89.848813,18.064953],[-89.853867,18.069703],[-89.861589,18.069939],[-89.872077,18.075374],[-89.883103,18.0846],[-89.906854,18.100964],[-89.909579,18.107719],[-89.911423,18.115421],[-89.912209,18.125978],[-89.913877,18.127937],[-89.917592,18.128546],[-89.927383,18.127003],[-89.935706,18.127565],[-89.945122,18.130167],[-89.94892,18.133069],[-89.952559,18.1382],[-89.95434,18.148601],[-89.956185,18.150293],[-89.964152,18.151569],[-89.966695,18.155586],[-89.969015,18.16731],[-89.971339,18.172308],[-89.976245,18.177641],[-89.980206,18.179574],[-89.988227,18.179501],[-89.993877,18.183186],[-90.000244,18.184105]]}},{"type":"Feature","properties":{"gid":5594,"tipo":"Intermitente","longitud":41935.046338,"denominacion_oficial":"C04_corr_agua_2003","modulo_asignado":"Mapa Base","instrumento_vigencia":"","fecha_actualizacion":"2026-07-29","fuente_custodio":"","responsable_institucional":"","proyeccion_original":"EPSG:6372","proyeccion_actual":"EPSG:4326","cobertura_territorial":"","restricciones_uso":""},"geometry":{"type":"LineString","coordinates":[[-89.835384,17.816678],[-89.831093,17.83258],[-89.831519,17.838232],[-89.833219,17.843634],[-89.83705,17.849245],[-89.84875,17.854272],[-89.860921,17.874317],[-89.864004,17.882626],[-89.865983,17.891635],[-89.866576,17.900132],[-89.867412,17.912097],[-89.867621,17.91509],[-89.869415,17.929511],[-89.875301,17.94333],[-89.883757,17.949234],[-89.892531,17.954119],[-89.910131,17.967941],[-89.912058,17.972208],[-89.911402,17.979642],[-89.911972,17.985224],[-89.914443,17.992685],[-89.914714,18.001855],[-89.912685,18.023883],[-89.915109,18.045208],[-89.917132,18.048403],[-89.924053,18.051685],[-89.942045,18.067378],[-89.960877,18.081329],[-89.967009,18.082603],[-89.972462,18.087181],[-89.978382,18.094754],[-89.981067,18.108604],[-89.98356,18.112317],[-89.986983,18.11408],[-89.992344,18.1154],[-89.998967,18.122566],[-90.000241,18.123948]]}},{"type":"Feature","properties":{"gid":5595,"tipo":"Intermitente","longitud":30234.171605500003,"denominacion_oficial":"C04_corr_agua_2003","modulo_asignado":"Mapa Base","instrumento_vigencia":"","fecha_actualizacion":"2026-07-29","fuente_custodio":"","responsable_institucional":"","proyeccion_original":"EPSG:6372","proyeccion_actual":"EPSG:4326","cobertura_territorial":"","restricciones_uso":""},"geometry":{"type":"LineString","coordinates":[[-90.199402,18.43665],[-90.202011,18.429355],[-90.200737,18.42053],[-90.201992,18.41558],[-90.205385,18.410545],[-90.206865,18.40673],[-90.206963,18.400863],[-90.208093,18.396258],[-90.210883,18.392573],[-90.213518,18.390465],[-90.216834,18.390172],[-90.219561,18.388979],[-90.227234,18.375428],[-90.229831,18.367905],[-90.229091,18.3627],[-90.235022,18.345707],[-90.241186,18.337703],[-90.243139,18.334007],[-90.24894,18.318393],[-90.250684,18.297878],[-90.252772,18.292713],[-90.259579,18.280619],[-90.261984,18.277839],[-90.266359,18.277673],[-90.268991,18.275565],[-90.27862,18.271752],[-90.281428,18.266253],[-90.289838,18.264569],[-90.296565,18.265231],[-90.299774,18.263584],[-90.302652,18.261258],[-90.305965,18.253629],[-90.314116,18.245842],[-90.318275,18.24386],[-90.321822,18.243919],[-90.327786,18.240045],[-90.330757,18.238952],[-90.334996,18.239808],[-90.340154,18.242815],[-90.343415,18.246018]]}},{"type":"Feature","properties":{"gid":5596,"tipo":"Intermitente","longitud":10698.9206565,"denominacion_oficial":"C04_corr_agua_2003","modulo_asignado":"Mapa Base","instrumento_vigencia":"","fecha_actualizacion":"2026-07-29","fuente_custodio":"","responsable_institucional":"","proyeccion_original":"EPSG:6372","proyeccion_actual":"EPSG:4326","cobertura_territorial":"","restricciones_uso":""},"geometry":{"type":"LineString","coordinates":[[-90.042359,18.668912],[-90.040399,18.672244],[-90.038999,18.676256],[-90.036136,18.684012],[-90.036023,18.68661],[-90.037057,18.689917],[-90.039915,18.69396],[-90.039699,18.699901],[-90.035662,18.707564],[-90.037016,18.712014],[-90.030736,18.721761],[-90.027113,18.725569],[-90.024967,18.73014],[-90.026706,18.733021],[-90.027894,18.738494],[-90.026456,18.745647],[-90.022862,18.750847],[-90.019562,18.75291],[-90.016706,18.753181]]}},{"type":"Feature","properties":{"gid":5597,"tipo":"Intermitente","longitud":28564.6533689,"denominacion_oficial":"C04_corr_agua_2003","modulo_asignado":"Mapa Base","instrumento_vigencia":"","fecha_actualizacion":"2026-07-29","fuente_custodio":"","responsable_institucional":"","proyeccion_original":"EPSG:6372","proyeccion_actual":"EPSG:4326","cobertura_territorial":"","restricciones_uso":""},"geometry":{"type":"LineString","coordinates":[[-89.962507,18.753473],[-89.956612,18.752737],[-89.953752,18.751436],[-89.943474,18.742572],[-89.939475,18.741097],[-89.933631,18.741409],[-89.919125,18.744885],[-89.90873,18.742205],[-89.900243,18.745328],[-89.897684,18.743859],[-89.893816,18.744574],[-89.88389,18.744564],[-89.880656,18.739861],[-89.878472,18.739003],[-89.871487,18.732952],[-89.870976,18.731721],[-89.872082,18.721971],[-89.871919,18.715117],[-89.865659,18.717973],[-89.858447,18.717917],[-89.854836,18.71639],[-89.851816,18.713148],[-89.846466,18.709208],[-89.839255,18.707961],[-89.829962,18.698642],[-89.825009,18.697741],[-89.818243,18.697928],[-89.813199,18.694421],[-89.797977,18.695256],[-89.794341,18.696677],[-89.792184,18.699373],[-89.776305,18.708057],[-89.758896,18.712408],[-89.754103,18.712053],[-89.737409,18.706003]]}},{"type":"Feature","properties":{"gid":5608,"tipo":"Intermitente","longitud":13419.1734566,"denominacion_oficial":"C04_corr_agua_2003","modulo_asignado":"Mapa Base","instrumento_vigencia":"","fecha_actualizacion":"2026-07-29","fuente_custodio":"","responsable_institucional":"","proyeccion_original":"EPSG:6372","proyeccion_actual":"EPSG:4326","cobertura_territorial":"","restricciones_uso":""},"geometry":{"type":"LineString","coordinates":[[-90.179386,19.547134],[-90.178961,19.550028],[-90.18045,19.55429],[-90.179822,19.55666],[-90.177906,19.558619],[-90.176358,19.558989],[-90.173469,19.558026],[-90.171233,19.55826],[-90.168965,19.560619],[-90.162287,19.558768],[-90.156667,19.563928],[-90.150019,19.56658],[-90.148471,19.569577],[-90.148989,19.573209],[-90.141513,19.578514],[-90.138733,19.581996],[-90.138172,19.584025],[-90.13957,19.586353],[-90.13679,19.589517],[-90.128945,19.593647],[-90.12749,19.59526],[-90.125538,19.595634],[-90.12376,19.594131],[-90.114835,19.584745],[-90.111106,19.57826],[-90.108234,19.576224],[-90.104756,19.57726],[-90.102441,19.569858]]}},{"type":"Feature","properties":{"gid":5598,"tipo":"Intermitente","longitud":93021.3556458,"denominacion_oficial":"C04_corr_agua_2003","modulo_asignado":"Mapa Base","instrumento_vigencia":"","fecha_actualizacion":"2026-07-29","fuente_custodio":"","responsable_institucional":"","proyeccion_original":"EPSG:6372","proyeccion_actual":"EPSG:4326","cobertura_territorial":"","restricciones_uso":""},"geometry":{"type":"LineString","coordinates":[[-89.650513,18.177879],[-89.651117,18.181079],[-89.655331,18.189326],[-89.661217,18.195577],[-89.662783,18.202861],[-89.662894,18.208055],[-89.661271,18.212561],[-89.662224,18.214737],[-89.662934,18.215613],[-89.667914,18.217067],[-89.671154,18.222437],[-89.675292,18.223223],[-89.683828,18.232569],[-89.686522,18.238838],[-89.690666,18.243265],[-89.695963,18.245017],[-89.698632,18.247352],[-89.700063,18.249077],[-89.700878,18.254074],[-89.702359,18.256412],[-89.702461,18.260352],[-89.732509,18.267674],[-89.740102,18.273399],[-89.746288,18.275213],[-89.75022,18.279176],[-89.753399,18.280716],[-89.762715,18.280805],[-89.765955,18.283467],[-89.77181,18.285171],[-89.784549,18.29609],[-89.786376,18.29958],[-89.788003,18.30073],[-89.793763,18.301908],[-89.796556,18.305332],[-89.800825,18.30863],[-89.812552,18.311864],[-89.815193,18.313595],[-89.816872,18.316728],[-89.818285,18.317624],[-89.823602,18.318011],[-89.825822,18.318918],[-89.83581,18.327075],[-89.837909,18.330632],[-89.842998,18.332952],[-89.845341,18.337283],[-89.856704,18.348402],[-89.862544,18.349565],[-89.865671,18.353432],[-89.866914,18.359462],[-89.867613,18.370861],[-89.871353,18.377584],[-89.871265,18.380292],[-89.872593,18.38355],[-89.876168,18.386455],[-89.886031,18.390639],[-89.893738,18.393505],[-89.908915,18.397191],[-89.914738,18.400511],[-89.935339,18.417009],[-89.941653,18.418325],[-89.946561,18.420817],[-89.951847,18.426573],[-89.954178,18.430229],[-89.95282,18.433979],[-89.9477,18.439934],[-89.943953,18.441739],[-89.940379,18.445048],[-89.936241,18.455586],[-89.933585,18.460239],[-89.920008,18.47592],[-89.908087,18.49296],[-89.890771,18.509301],[-89.882149,18.522028],[-89.876552,18.52342],[-89.873088,18.526082],[-89.868522,18.536849],[-89.864731,18.556797],[-89.861046,18.562039],[-89.85245,18.568846],[-89.847094,18.56953],[-89.844125,18.570997],[-89.838628,18.57711],[-89.836145,18.58145],[-89.835769,18.586316],[-89.837145,18.590433],[-89.840349,18.593708],[-89.853596,18.597488],[-89.857993,18.603848],[-89.868899,18.61672],[-89.879362,18.64448],[-89.883374,18.645004],[-89.890071,18.653083],[-89.89258,18.65423],[-89.895805,18.657515],[-89.900001,18.668445],[-89.908489,18.679449],[-89.909516,18.682484],[-89.910328,18.693868],[-89.915885,18.698712],[-89.918616,18.702529],[-89.922205,18.70517],[-89.924835,18.7055],[-89.939157,18.713654],[-89.944065,18.717446],[-89.94839,18.723843],[-89.952484,18.726388],[-89.95523,18.729633],[-89.955426,18.746946],[-89.958781,18.751612],[-89.961364,18.752373],[-89.962507,18.753473]]}},{"type":"Feature","properties":{"gid":5599,"tipo":"Intermitente","longitud":16330.0706401,"denominacion_oficial":"C04_corr_agua_2003","modulo_asignado":"Mapa Base","instrumento_vigencia":"","fecha_actualizacion":"2026-07-29","fuente_custodio":"","responsable_institucional":"","proyeccion_original":"EPSG:6372","proyeccion_actual":"EPSG:4326","cobertura_territorial":"","restricciones_uso":""},"geometry":{"type":"LineString","coordinates":[[-89.962507,18.753473],[-89.963253,18.758629],[-89.961714,18.763639],[-89.961771,18.771529],[-89.959544,18.780008],[-89.959232,18.784181],[-89.961029,18.796126],[-89.962724,18.799832],[-89.96271,18.808634],[-89.96634,18.815921],[-89.970057,18.820398],[-89.974195,18.829723],[-89.9752,18.834773],[-89.973279,18.842697],[-89.973813,18.848109],[-89.974904,18.85024],[-89.975054,18.853505],[-89.978305,18.857872],[-89.978587,18.86171],[-89.980155,18.864162],[-89.980189,18.867889],[-89.984334,18.870129],[-89.987825,18.877622],[-89.99151,18.879125],[-89.995031,18.883576],[-90.000248,18.886009]]}},{"type":"Feature","properties":{"gid":5600,"tipo":"Intermitente","longitud":13207.1936358,"denominacion_oficial":"C04_corr_agua_2003","modulo_asignado":"Mapa Base","instrumento_vigencia":"","fecha_actualizacion":"2026-07-29","fuente_custodio":"","responsable_institucional":"","proyeccion_original":"EPSG:6372","proyeccion_actual":"EPSG:4326","cobertura_territorial":"","restricciones_uso":""},"geometry":{"type":"LineString","coordinates":[[-90.230808,19.142622],[-90.222002,19.145487],[-90.218394,19.149494],[-90.216384,19.150727],[-90.203061,19.143041],[-90.202609,19.140643],[-90.204343,19.138289],[-90.214464,19.13481],[-90.217347,19.129129],[-90.221067,19.125803],[-90.221638,19.124185],[-90.212073,19.110115],[-90.209556,19.100767],[-90.204084,19.094641],[-90.199422,19.080945],[-90.196945,19.076453],[-90.195938,19.070431]]}},{"type":"Feature","properties":{"gid":5601,"tipo":"Intermitente","longitud":18231.8091274,"denominacion_oficial":"C04_corr_agua_2003","modulo_asignado":"Mapa Base","instrumento_vigencia":"","fecha_actualizacion":"2026-07-29","fuente_custodio":"","responsable_institucional":"","proyeccion_original":"EPSG:6372","proyeccion_actual":"EPSG:4326","cobertura_territorial":"","restricciones_uso":""},"geometry":{"type":"LineString","coordinates":[[-90.112652,18.937248],[-90.102335,18.930318],[-90.095371,18.921517],[-90.087735,18.917678],[-90.081989,18.913298],[-90.070821,18.908487],[-90.067188,18.905274],[-90.05734,18.899249],[-90.055501,18.895724],[-90.054557,18.895712],[-90.052865,18.897595],[-90.050376,18.897788],[-90.041268,18.895837],[-90.038382,18.89827],[-90.036367,18.904906],[-90.036934,18.906822],[-90.033785,18.910833],[-90.03325,18.91388],[-90.030726,18.915869],[-90.028646,18.919447],[-90.024815,18.921422],[-90.021021,18.921465],[-90.019059,18.918047],[-90.019151,18.913312],[-90.018345,18.912166],[-90.01445,18.910756],[-90.010976,18.9063],[-90.010598,18.894104],[-90.009429,18.893066],[-90.003888,18.891061],[-90.001562,18.888649],[-90.000248,18.886009]]}},{"type":"Feature","properties":{"gid":5602,"tipo":"Intermitente","longitud":14966.2856668,"denominacion_oficial":"C04_corr_agua_2003","modulo_asignado":"Mapa Base","instrumento_vigencia":"","fecha_actualizacion":"2026-07-29","fuente_custodio":"","responsable_institucional":"","proyeccion_original":"EPSG:6372","proyeccion_actual":"EPSG:4326","cobertura_territorial":"","restricciones_uso":""},"geometry":{"type":"LineString","coordinates":[[-90.206925,19.264898],[-90.200415,19.264043],[-90.197119,19.262422],[-90.193686,19.259199],[-90.188825,19.259855],[-90.185544,19.25907],[-90.183792,19.259406],[-90.183577,19.261761],[-90.181197,19.261947],[-90.180903,19.26555],[-90.179435,19.268017],[-90.174685,19.267944],[-90.170686,19.265394],[-90.164306,19.263039],[-90.158251,19.263554],[-90.153295,19.267382],[-90.149728,19.267783],[-90.144251,19.271316],[-90.136881,19.268254],[-90.133543,19.268882],[-90.131128,19.271328],[-90.128998,19.270615],[-90.12057,19.277032],[-90.114511,19.283707],[-90.110957,19.282973],[-90.106629,19.285613],[-90.104179,19.289864],[-90.096535,19.291997],[-90.093152,19.295102],[-90.090292,19.29573]]}},{"type":"Feature","properties":{"gid":5603,"tipo":"Intermitente","longitud":15843.614735,"denominacion_oficial":"C04_corr_agua_2003","modulo_asignado":"Mapa Base","instrumento_vigencia":"","fecha_actualizacion":"2026-07-29","fuente_custodio":"","responsable_institucional":"","proyeccion_original":"EPSG:6372","proyeccion_actual":"EPSG:4326","cobertura_territorial":"","restricciones_uso":""},"geometry":{"type":"LineString","coordinates":[[-90.411485,18.987589],[-90.409154,18.992416],[-90.405661,18.995635],[-90.398152,18.998127],[-90.395041,18.999777],[-90.393042,19.001831],[-90.389952,19.00559],[-90.38517,19.007901],[-90.383461,19.010467],[-90.382933,19.014188],[-90.380184,19.015057],[-90.378669,19.01345],[-90.37678,19.01275],[-90.373451,19.013483],[-90.3712,19.013],[-90.369322,19.011392],[-90.36455,19.013022],[-90.362724,19.016161],[-90.363141,19.019664],[-90.364523,19.022615],[-90.361891,19.030933],[-90.36266,19.035009],[-90.36174,19.040861],[-90.358855,19.043082],[-90.359366,19.048728],[-90.364105,19.055999],[-90.36435,19.063414],[-90.360829,19.072064],[-90.35867,19.074069],[-90.356661,19.080128],[-90.356341,19.085546],[-90.359419,19.090118]]}},{"type":"Feature","properties":{"gid":5604,"tipo":"Intermitente","longitud":23395.0731366,"denominacion_oficial":"C04_corr_agua_2003","modulo_asignado":"Mapa Base","instrumento_vigencia":"","fecha_actualizacion":"2026-07-29","fuente_custodio":"","responsable_institucional":"","proyeccion_original":"EPSG:6372","proyeccion_actual":"EPSG:4326","cobertura_territorial":"","restricciones_uso":""},"geometry":{"type":"LineString","coordinates":[[-90.23148,19.36009],[-90.229097,19.36195],[-90.229669,19.367621],[-90.228982,19.371349],[-90.224463,19.375195],[-90.216824,19.379226],[-90.204674,19.37983],[-90.198517,19.376613],[-90.193468,19.377063],[-90.187525,19.373707],[-90.185284,19.369186],[-90.182438,19.366009],[-90.181648,19.362757],[-90.180606,19.362402],[-90.178034,19.363673],[-90.171279,19.362053],[-90.168537,19.362974],[-90.164404,19.360941],[-90.161352,19.361119],[-90.157129,19.364406],[-90.154764,19.365284],[-90.153681,19.366717],[-90.153061,19.370749],[-90.148747,19.375401],[-90.146953,19.377414],[-90.146361,19.380795],[-90.143149,19.383242],[-90.137871,19.384118],[-90.134316,19.387747],[-90.130505,19.388929],[-90.128154,19.390617],[-90.123069,19.389835],[-90.120328,19.390728],[-90.115179,19.394386],[-90.109614,19.395465],[-90.10578,19.399099],[-90.093176,19.40495],[-90.087229,19.41279],[-90.086987,19.414671],[-90.089277,19.425706],[-90.090097,19.426844],[-90.092871,19.427335],[-90.095157,19.428807],[-90.096056,19.430787],[-90.098333,19.432039],[-90.100009,19.434344],[-90.100139,19.436473]]}},{"type":"Feature","properties":{"gid":5605,"tipo":"Intermitente","longitud":28594.5214379,"denominacion_oficial":"C04_corr_agua_2003","modulo_asignado":"Mapa Base","instrumento_vigencia":"","fecha_actualizacion":"2026-07-29","fuente_custodio":"","responsable_institucional":"","proyeccion_original":"EPSG:6372","proyeccion_actual":"EPSG:4326","cobertura_territorial":"","restricciones_uso":""},"geometry":{"type":"LineString","coordinates":[[-90.000244,18.914657],[-89.993956,18.910503],[-89.991645,18.904876],[-89.99056,18.903871],[-89.983774,18.901467],[-89.982214,18.89957],[-89.973162,18.895485],[-89.956571,18.896565],[-89.942975,18.896484],[-89.940632,18.898358],[-89.937389,18.898117],[-89.935263,18.899273],[-89.928745,18.899785],[-89.921506,18.898741],[-89.912149,18.899397],[-89.908464,18.898647],[-89.906312,18.896974],[-89.904536,18.896659],[-89.903002,18.897798],[-89.900279,18.897825],[-89.890049,18.895102],[-89.887174,18.892762],[-89.884035,18.887267],[-89.879489,18.882357],[-89.877365,18.878551],[-89.853666,18.874031],[-89.841826,18.874609],[-89.827975,18.866283],[-89.825729,18.866528],[-89.822788,18.868362],[-89.820575,18.871544],[-89.818612,18.876637],[-89.816373,18.879255],[-89.814874,18.883104],[-89.811578,18.884945],[-89.810773,18.887433],[-89.807839,18.889712],[-89.799555,18.891712],[-89.795783,18.893323],[-89.782364,18.903383],[-89.776901,18.902876],[-89.77128,18.897848]]}},{"type":"Feature","properties":{"gid":5606,"tipo":"Intermitente","longitud":28973.6767687,"denominacion_oficial":"C04_corr_agua_2003","modulo_asignado":"Mapa Base","instrumento_vigencia":"","fecha_actualizacion":"2026-07-29","fuente_custodio":"","responsable_institucional":"","proyeccion_original":"EPSG:6372","proyeccion_actual":"EPSG:4326","cobertura_territorial":"","restricciones_uso":""},"geometry":{"type":"LineString","coordinates":[[-89.77128,18.897848],[-89.767921,18.898156],[-89.757644,18.902872],[-89.75216,18.908214],[-89.75136,18.910112],[-89.751862,18.912697],[-89.755208,18.922429],[-89.755316,18.924937],[-89.754594,18.92596],[-89.73929,18.926131],[-89.730362,18.924221],[-89.727966,18.923253],[-89.725412,18.920555],[-89.717749,18.919329],[-89.712812,18.922715],[-89.710255,18.922906],[-89.705059,18.926089],[-89.699851,18.927081],[-89.695389,18.926689],[-89.685849,18.9213],[-89.680961,18.914102],[-89.675425,18.909541],[-89.671132,18.90718],[-89.66747,18.9028],[-89.657697,18.903697],[-89.654013,18.902004],[-89.637672,18.90615],[-89.63486,18.910409],[-89.631117,18.9123],[-89.626837,18.911266],[-89.624385,18.913655],[-89.621064,18.927822],[-89.617248,18.932816],[-89.611284,18.938005],[-89.609021,18.945662],[-89.601918,18.946258],[-89.588863,18.952306],[-89.57722,18.951045],[-89.570645,18.949502],[-89.566033,18.946985]]}},{"type":"Feature","properties":{"gid":5607,"tipo":"Intermitente","longitud":40327.4922986,"denominacion_oficial":"C04_corr_agua_2003","modulo_asignado":"Mapa Base","instrumento_vigencia":"","fecha_actualizacion":"2026-07-29","fuente_custodio":"","responsable_institucional":"","proyeccion_original":"EPSG:6372","proyeccion_actual":"EPSG:4326","cobertura_territorial":"","restricciones_uso":""},"geometry":{"type":"LineString","coordinates":[[-89.77128,18.897848],[-89.768409,18.884847],[-89.765385,18.878658],[-89.758474,18.872389],[-89.754695,18.872063],[-89.752495,18.869139],[-89.745618,18.86876],[-89.744201,18.866691],[-89.742847,18.861265],[-89.74324,18.856363],[-89.744155,18.853093],[-89.746146,18.850366],[-89.746786,18.843367],[-89.751309,18.840083],[-89.751266,18.828985],[-89.748483,18.822152],[-89.746183,18.818548],[-89.744079,18.808527],[-89.74167,18.805395],[-89.740319,18.801005],[-89.735989,18.793138],[-89.721709,18.775335],[-89.716598,18.774363],[-89.702896,18.778212],[-89.692133,18.780347],[-89.689668,18.782617],[-89.6879,18.782863],[-89.68587,18.782315],[-89.6844,18.777142],[-89.677524,18.776178],[-89.673595,18.772476],[-89.671264,18.773248],[-89.667698,18.776817],[-89.654838,18.784402],[-89.652245,18.788287],[-89.65205,18.790852],[-89.64996,18.792761],[-89.642983,18.795213],[-89.638359,18.795596],[-89.631347,18.793901],[-89.625252,18.793472],[-89.62071,18.791689],[-89.611054,18.792538],[-89.604099,18.788857],[-89.599402,18.787533],[-89.594894,18.788533],[-89.594163,18.79059],[-89.595039,18.795633],[-89.590159,18.798828],[-89.587499,18.798808],[-89.5812,18.796943],[-89.565009,18.795985],[-89.560647,18.785874],[-89.55795,18.782488],[-89.555684,18.782337],[-89.553211,18.783304],[-89.54946,18.782684],[-89.548894,18.779275],[-89.549446,18.76968],[-89.546031,18.767379]]}},{"type":"Feature","properties":{"gid":5612,"tipo":"Intermitente","longitud":77796.0841172,"denominacion_oficial":"C04_corr_agua_2003","modulo_asignado":"Mapa Base","instrumento_vigencia":"","fecha_actualizacion":"2026-07-29","fuente_custodio":"","responsable_institucional":"","proyeccion_original":"EPSG:6372","proyeccion_actual":"EPSG:4326","cobertura_territorial":"","restricciones_uso":""},"geometry":{"type":"LineString","coordinates":[[-89.450419,17.99277],[-89.451298,17.991872],[-89.453127,17.991581],[-89.467408,17.993296],[-89.481358,17.993249],[-89.490115,17.994581],[-89.49931,17.998391],[-89.502209,18.001866],[-89.503696,18.004904],[-89.50528,18.022476],[-89.521908,18.041777],[-89.528483,18.05263],[-89.537158,18.062932],[-89.538827,18.066076],[-89.538486,18.072221],[-89.540344,18.081519],[-89.53979,18.086875],[-89.537194,18.090989],[-89.528525,18.097158],[-89.522787,18.10387],[-89.523241,18.106387],[-89.520675,18.109024],[-89.520441,18.112418],[-89.523878,18.120014],[-89.53016,18.127248],[-89.532459,18.13296],[-89.532474,18.142804],[-89.53471,18.166826],[-89.534094,18.174947],[-89.532255,18.178344],[-89.528874,18.179279],[-89.524841,18.17798],[-89.52265,18.175863],[-89.521115,18.176653],[-89.518472,18.184069],[-89.516208,18.186395],[-89.513864,18.18699],[-89.509905,18.184889],[-89.50727,18.178794],[-89.503699,18.179204],[-89.502301,18.182029],[-89.501317,18.191554],[-89.499061,18.200438],[-89.495546,18.204594],[-89.485838,18.208931],[-89.481644,18.209498],[-89.474887,18.212938],[-89.469914,18.213702],[-89.465276,18.212887],[-89.461208,18.214771],[-89.457336,18.217725],[-89.450597,18.219294],[-89.440705,18.218991],[-89.425305,18.21472],[-89.417767,18.214958],[-89.41186,18.213381],[-89.40517,18.208849],[-89.402746,18.204831],[-89.397576,18.203406],[-89.393077,18.196452],[-89.390575,18.19556],[-89.385195,18.198776],[-89.383313,18.202804],[-89.378487,18.203205],[-89.374891,18.205935],[-89.372882,18.206183],[-89.368733,18.205125],[-89.366365,18.207613],[-89.363894,18.208131],[-89.35929,18.213019],[-89.355399,18.213589],[-89.353366,18.215125],[-89.34797,18.220245],[-89.341564,18.234725],[-89.338638,18.240254],[-89.32648,18.247972],[-89.322076,18.253848],[-89.320648,18.264944],[-89.31837,18.270028],[-89.303532,18.282703],[-89.302551,18.287025],[-89.301007,18.289828],[-89.299184,18.29031],[-89.297405,18.293092],[-89.291127,18.294758],[-89.291101,18.30086],[-89.288325,18.300751],[-89.286384,18.301486],[-89.285589,18.304207],[-89.288339,18.307347],[-89.28855,18.308564],[-89.28449,18.309373],[-89.28403,18.312676],[-89.281606,18.315123],[-89.281943,18.319984],[-89.278903,18.320561],[-89.277202,18.320544],[-89.275275,18.322143],[-89.269376,18.324212],[-89.267247,18.323895],[-89.267002,18.330305],[-89.264602,18.33319],[-89.264699,18.337667],[-89.263737,18.339011],[-89.259389,18.34024],[-89.254385,18.344847],[-89.254406,18.347783],[-89.249536,18.349612],[-89.247227,18.352232],[-89.244885,18.351751],[-89.234335,18.355521],[-89.23418,18.359423],[-89.229525,18.362097],[-89.229073,18.363884],[-89.22972,18.368255],[-89.227545,18.370867],[-89.224381,18.371024]]}},{"type":"Feature","properties":{"gid":5613,"tipo":"Intermitente","longitud":20745.6155275,"denominacion_oficial":"C04_corr_agua_2003","modulo_asignado":"Mapa Base","instrumento_vigencia":"","fecha_actualizacion":"2026-07-29","fuente_custodio":"","responsable_institucional":"","proyeccion_original":"EPSG:6372","proyeccion_actual":"EPSG:4326","cobertura_territorial":"","restricciones_uso":""},"geometry":{"type":"LineString","coordinates":[[-89.579604,17.96772],[-89.574238,17.968962],[-89.570082,17.972529],[-89.562932,17.970745],[-89.551821,17.965899],[-89.544845,17.960225],[-89.547394,17.951696],[-89.547899,17.939565],[-89.549422,17.935126],[-89.549138,17.930836],[-89.547472,17.927684],[-89.538486,17.925264],[-89.532712,17.921824],[-89.531193,17.915388],[-89.52924,17.91174],[-89.526033,17.908967],[-89.520828,17.902305],[-89.511204,17.897444],[-89.511061,17.894436],[-89.509827,17.890711],[-89.508293,17.890284],[-89.505537,17.888801],[-89.503589,17.886568],[-89.503214,17.883823],[-89.498109,17.881598],[-89.496392,17.879539],[-89.496608,17.873848],[-89.495448,17.870774],[-89.491646,17.867987],[-89.486738,17.866514],[-89.483881,17.861382],[-89.480481,17.858964],[-89.477497,17.858233],[-89.475345,17.857099],[-89.476747,17.849121]]}},{"type":"Feature","properties":{"gid":5614,"tipo":"Intermitente","longitud":51767.2474732,"denominacion_oficial":"C04_corr_agua_2003","modulo_asignado":"Mapa Base","instrumento_vigencia":"","fecha_actualizacion":"2026-07-29","fuente_custodio":"","responsable_institucional":"","proyeccion_original":"EPSG:6372","proyeccion_actual":"EPSG:4326","cobertura_territorial":"","restricciones_uso":""},"geometry":{"type":"LineString","coordinates":[[-89.449848,17.930182],[-89.450522,17.93535],[-89.449318,17.942593],[-89.445734,17.945169],[-89.443602,17.950637],[-89.445717,17.956007],[-89.446055,17.959875],[-89.435938,17.966569],[-89.431395,17.965942],[-89.429344,17.966696],[-89.427633,17.966216],[-89.4256,17.964392],[-89.42365,17.965908],[-89.420856,17.966381],[-89.412148,17.957314],[-89.406525,17.954307],[-89.396252,17.957317],[-89.385573,17.956698],[-89.381703,17.963189],[-89.379703,17.965126],[-89.373414,17.966157],[-89.371085,17.969401],[-89.366684,17.972588],[-89.362773,17.974363],[-89.360167,17.973925],[-89.357821,17.970985],[-89.351496,17.968915],[-89.347883,17.962645],[-89.341208,17.960763],[-89.334471,17.953728],[-89.330996,17.952534],[-89.328545,17.950012],[-89.326604,17.951418],[-89.321571,17.95169],[-89.318608,17.954398],[-89.311004,17.95989],[-89.305836,17.961521],[-89.297124,17.967799],[-89.292853,17.966301],[-89.287574,17.965125],[-89.285052,17.960317],[-89.282992,17.95798],[-89.280244,17.957647],[-89.278738,17.960787],[-89.275528,17.958689],[-89.271941,17.957693],[-89.270212,17.956393],[-89.266904,17.951263],[-89.264907,17.950103],[-89.265048,17.952766],[-89.262029,17.955242],[-89.260089,17.954994],[-89.258462,17.952804],[-89.254877,17.951472],[-89.24641,17.957459],[-89.229494,17.956986],[-89.225338,17.954969],[-89.212766,17.958161],[-89.206574,17.966066],[-89.206243,17.967572],[-89.207635,17.970342],[-89.207217,17.971977],[-89.205218,17.973876],[-89.204446,17.974618],[-89.20346,17.982225],[-89.199657,17.984959],[-89.196265,17.99008],[-89.194751,17.993791],[-89.187638,18.001862],[-89.183244,18.006134],[-89.1804,18.007425],[-89.177037,18.010297],[-89.163468,18.015352],[-89.161334,18.016858],[-89.156775,18.027926],[-89.152567,18.031396],[-89.143126,18.042889],[-89.135198,18.059171],[-89.13194,18.062023],[-89.121383,18.064447],[-89.114995,18.068165],[-89.10924,18.068895],[-89.109098,18.0702]]}},{"type":"Feature","properties":{"gid":5615,"tipo":"Intermitente","longitud":9107.71414071,"denominacion_oficial":"C04_corr_agua_2003","modulo_asignado":"Mapa Base","instrumento_vigencia":"","fecha_actualizacion":"2026-07-29","fuente_custodio":"","responsable_institucional":"","proyeccion_original":"EPSG:6372","proyeccion_actual":"EPSG:4326","cobertura_territorial":"","restricciones_uso":""},"geometry":{"type":"LineString","coordinates":[[-89.476747,17.849121],[-89.475721,17.848109],[-89.470368,17.84717],[-89.46478,17.849097],[-89.453296,17.850747],[-89.447188,17.850279],[-89.443544,17.849101],[-89.431012,17.849654],[-89.427801,17.848403],[-89.425518,17.844671],[-89.42632,17.837695],[-89.425846,17.835522],[-89.423186,17.831985],[-89.422694,17.824446],[-89.420793,17.821209],[-89.419739,17.816483]]}},{"type":"Feature","properties":{"gid":5616,"tipo":"Intermitente","longitud":20359.0825988,"denominacion_oficial":"C04_corr_agua_2003","modulo_asignado":"Mapa Base","instrumento_vigencia":"","fecha_actualizacion":"2026-07-29","fuente_custodio":"","responsable_institucional":"","proyeccion_original":"EPSG:6372","proyeccion_actual":"EPSG:4326","cobertura_territorial":"","restricciones_uso":""},"geometry":{"type":"LineString","coordinates":[[-89.737409,18.706003],[-89.7365,18.704984],[-89.73759,18.698268],[-89.734944,18.693028],[-89.737996,18.682621],[-89.736158,18.677719],[-89.736966,18.67595],[-89.741142,18.673384],[-89.742239,18.670094],[-89.737096,18.659871],[-89.736566,18.653887],[-89.730302,18.648406],[-89.728684,18.642877],[-89.723067,18.638257],[-89.721429,18.634753],[-89.715767,18.6317],[-89.714429,18.629211],[-89.714966,18.624939],[-89.713563,18.621154],[-89.710131,18.617467],[-89.705718,18.617069],[-89.702407,18.615744],[-89.699664,18.613512],[-89.690681,18.604308],[-89.68415,18.594016],[-89.682693,18.590317],[-89.682169,18.584197],[-89.680841,18.582653],[-89.675706,18.577807],[-89.674099,18.577675],[-89.664893,18.569288],[-89.660426,18.567603],[-89.658976,18.56604],[-89.658315,18.561243]]}},{"type":"Feature","properties":{"gid":5617,"tipo":"Intermitente","longitud":39422.3798092,"denominacion_oficial":"C04_corr_agua_2003","modulo_asignado":"Mapa Base","instrumento_vigencia":"","fecha_actualizacion":"2026-07-29","fuente_custodio":"","responsable_institucional":"","proyeccion_original":"EPSG:6372","proyeccion_actual":"EPSG:4326","cobertura_territorial":"","restricciones_uso":""},"geometry":{"type":"LineString","coordinates":[[-89.658315,18.561243],[-89.659915,18.553971],[-89.658481,18.545605],[-89.660361,18.543988],[-89.661628,18.539978],[-89.665746,18.5373],[-89.675008,18.53312],[-89.678157,18.527029],[-89.683091,18.520785],[-89.687258,18.519347],[-89.689666,18.517247],[-89.702801,18.509786],[-89.708868,18.49813],[-89.708656,18.491918],[-89.710792,18.485317],[-89.711088,18.48129],[-89.710097,18.47644],[-89.704299,18.464085],[-89.703013,18.452581],[-89.706311,18.438455],[-89.715787,18.428215],[-89.716574,18.423802],[-89.718425,18.419612],[-89.718054,18.417811],[-89.714118,18.413556],[-89.710341,18.400123],[-89.705298,18.394105],[-89.69887,18.389537],[-89.671974,18.37809],[-89.651378,18.358231],[-89.633551,18.343047],[-89.629232,18.337178],[-89.62404,18.324689],[-89.613368,18.31853],[-89.596514,18.302251],[-89.585311,18.294239],[-89.583946,18.29399]]}},{"type":"Feature","properties":{"gid":5618,"tipo":"Intermitente","longitud":23852.3931794,"denominacion_oficial":"C04_corr_agua_2003","modulo_asignado":"Mapa Base","instrumento_vigencia":"","fecha_actualizacion":"2026-07-29","fuente_custodio":"","responsable_institucional":"","proyeccion_original":"EPSG:6372","proyeccion_actual":"EPSG:4326","cobertura_territorial":"","restricciones_uso":""},"geometry":{"type":"LineString","coordinates":[[-89.737409,18.706003],[-89.736536,18.707549],[-89.733531,18.722195],[-89.725558,18.731846],[-89.721753,18.733225],[-89.719657,18.732999],[-89.715965,18.73555],[-89.709852,18.735023],[-89.707985,18.736379],[-89.705799,18.740206],[-89.703932,18.741035],[-89.701613,18.737983],[-89.697191,18.736576],[-89.692877,18.73376],[-89.68495,18.731675],[-89.675675,18.733531],[-89.672153,18.733569],[-89.662788,18.736734],[-89.650447,18.746851],[-89.641461,18.747184],[-89.630543,18.750101],[-89.624243,18.749001],[-89.621973,18.747006],[-89.621174,18.74236],[-89.616014,18.7389],[-89.614706,18.736493],[-89.613659,18.731328],[-89.605984,18.726061],[-89.60045,18.723269],[-89.59884,18.719374],[-89.594844,18.718017],[-89.589917,18.717774],[-89.586347,18.715607],[-89.583455,18.715749],[-89.577328,18.717787],[-89.571856,18.717143],[-89.568909,18.714537],[-89.567049,18.710467],[-89.56741,18.708071]]}},{"type":"Feature","properties":{"gid":5619,"tipo":"Intermitente","longitud":24277.7230437,"denominacion_oficial":"C04_corr_agua_2003","modulo_asignado":"Mapa Base","instrumento_vigencia":"","fecha_actualizacion":"2026-07-29","fuente_custodio":"","responsable_institucional":"","proyeccion_original":"EPSG:6372","proyeccion_actual":"EPSG:4326","cobertura_territorial":"","restricciones_uso":""},"geometry":{"type":"LineString","coordinates":[[-89.658315,18.561243],[-89.656497,18.560494],[-89.651226,18.560324],[-89.64582,18.555755],[-89.643225,18.551598],[-89.642494,18.551575],[-89.644828,18.545989],[-89.644626,18.54064],[-89.643223,18.537309],[-89.644144,18.534287],[-89.64281,18.530308],[-89.642767,18.527098],[-89.645576,18.523832],[-89.646005,18.521941],[-89.643356,18.517536],[-89.642393,18.511979],[-89.640239,18.509694],[-89.640203,18.507039],[-89.643151,18.498552],[-89.64183,18.496736],[-89.636878,18.494338],[-89.633751,18.491764],[-89.631674,18.486206],[-89.627912,18.483607],[-89.598622,18.469543],[-89.590188,18.459916],[-89.58779,18.455512],[-89.587923,18.453733],[-89.589271,18.452837],[-89.590186,18.450932],[-89.588195,18.447398],[-89.588574,18.44375],[-89.58326,18.438233],[-89.579886,18.429188],[-89.580142,18.424704],[-89.578192,18.419674],[-89.574637,18.418271],[-89.567209,18.41771],[-89.563292,18.415478],[-89.557701,18.408855],[-89.553212,18.40633],[-89.549192,18.405033]]}},{"type":"Feature","properties":{"gid":5620,"tipo":"Intermitente","longitud":26580.2489075,"denominacion_oficial":"C04_corr_agua_2003","modulo_asignado":"Mapa Base","instrumento_vigencia":"","fecha_actualizacion":"2026-07-29","fuente_custodio":"","responsable_institucional":"","proyeccion_original":"EPSG:6372","proyeccion_actual":"EPSG:4326","cobertura_territorial":"","restricciones_uso":""},"geometry":{"type":"LineString","coordinates":[[-89.452629,18.771101],[-89.450071,18.781684],[-89.447136,18.786091],[-89.445614,18.793298],[-89.433594,18.802371],[-89.432436,18.804165],[-89.433793,18.808495],[-89.433413,18.81148],[-89.429433,18.819654],[-89.427624,18.825401],[-89.421866,18.829772],[-89.421301,18.834551],[-89.413145,18.843592],[-89.413874,18.845925],[-89.416335,18.847495],[-89.418046,18.850783],[-89.419497,18.858629],[-89.419269,18.867099],[-89.415624,18.869966],[-89.414765,18.872548],[-89.412039,18.874465],[-89.407772,18.874761],[-89.405781,18.87564],[-89.402918,18.882135],[-89.397759,18.882266],[-89.395004,18.881398],[-89.393179,18.882127],[-89.388685,18.89313],[-89.387464,18.898481],[-89.383679,18.906043],[-89.369668,18.9218],[-89.360946,18.933447],[-89.350419,18.938497],[-89.345064,18.9476],[-89.345864,18.950604],[-89.348538,18.953083],[-89.35546,18.954674]]}},{"type":"Feature","properties":{"gid":5621,"tipo":"Intermitente","longitud":36575.0736967,"denominacion_oficial":"C04_corr_agua_2003","modulo_asignado":"Mapa Base","instrumento_vigencia":"","fecha_actualizacion":"2026-07-29","fuente_custodio":"","responsable_institucional":"","proyeccion_original":"EPSG:6372","proyeccion_actual":"EPSG:4326","cobertura_territorial":"","restricciones_uso":""},"geometry":{"type":"LineString","coordinates":[[-89.45809,18.33104],[-89.452323,18.340512],[-89.454235,18.347548],[-89.456185,18.350036],[-89.456732,18.35288],[-89.455572,18.354635],[-89.443808,18.361035],[-89.441633,18.364004],[-89.436176,18.368106],[-89.428832,18.371841],[-89.426828,18.375833],[-89.422244,18.38088],[-89.421876,18.383747],[-89.419628,18.386356],[-89.417234,18.395102],[-89.415506,18.396093],[-89.407985,18.396451],[-89.404135,18.398889],[-89.39746,18.398745],[-89.385819,18.404969],[-89.380246,18.404219],[-89.374788,18.406448],[-89.371037,18.4113],[-89.370786,18.413914],[-89.368023,18.415806],[-89.364204,18.416457],[-89.361562,18.420122],[-89.357268,18.422603],[-89.355594,18.427222],[-89.353689,18.429505],[-89.350867,18.430484],[-89.341958,18.427515],[-89.336611,18.428317],[-89.330521,18.424405],[-89.319733,18.42262],[-89.316896,18.42437],[-89.309316,18.431486],[-89.299457,18.433831],[-89.293563,18.431396],[-89.288504,18.432067],[-89.287651,18.429778],[-89.283887,18.428495],[-89.278602,18.424949],[-89.276613,18.425361],[-89.273927,18.422826],[-89.270963,18.417659],[-89.266522,18.413548],[-89.265167,18.4092],[-89.260794,18.403641],[-89.260614,18.399955],[-89.262356,18.395352],[-89.261838,18.388358],[-89.259793,18.382943],[-89.257292,18.380986],[-89.247629,18.37851],[-89.245305,18.380066],[-89.241194,18.381187],[-89.237855,18.380167],[-89.229887,18.373701],[-89.22522,18.373249],[-89.224381,18.371024]]}},{"type":"Feature","properties":{"gid":5622,"tipo":"Intermitente","longitud":32443.8123005,"denominacion_oficial":"C04_corr_agua_2003","modulo_asignado":"Mapa Base","instrumento_vigencia":"","fecha_actualizacion":"2026-07-29","fuente_custodio":"","responsable_institucional":"","proyeccion_original":"EPSG:6372","proyeccion_actual":"EPSG:4326","cobertura_territorial":"","restricciones_uso":""},"geometry":{"type":"LineString","coordinates":[[-89.397288,18.784371],[-89.39366,18.781513],[-89.392813,18.778288],[-89.39357,18.772681],[-89.391752,18.766249],[-89.384152,18.757749],[-89.381875,18.756377],[-89.377358,18.757869],[-89.373673,18.757796],[-89.371505,18.756078],[-89.36745,18.755364],[-89.363158,18.751649],[-89.361216,18.751086],[-89.357314,18.752021],[-89.355325,18.754025],[-89.352541,18.754109],[-89.351234,18.755344],[-89.352079,18.758678],[-89.347196,18.762974],[-89.342416,18.762671],[-89.332748,18.764555],[-89.328387,18.768877],[-89.318742,18.773279],[-89.314421,18.777677],[-89.307244,18.778615],[-89.304628,18.779866],[-89.304629,18.784456],[-89.303557,18.78542],[-89.30046,18.784858],[-89.294763,18.781695],[-89.289142,18.780474],[-89.282461,18.781617],[-89.276647,18.786251],[-89.277186,18.789368],[-89.263745,18.793601],[-89.259934,18.793532],[-89.253754,18.798697],[-89.249412,18.800328],[-89.243676,18.799105],[-89.235686,18.800762],[-89.228005,18.800027],[-89.224894,18.800944],[-89.223456,18.80234],[-89.221391,18.808172],[-89.218267,18.81136],[-89.21665,18.815876],[-89.211525,18.825329],[-89.202734,18.831325],[-89.191997,18.8318],[-89.188486,18.834628],[-89.183993,18.840889],[-89.181911,18.848201],[-89.179153,18.85072],[-89.175162,18.852443],[-89.17044,18.852703]]}},{"type":"Feature","properties":{"gid":5623,"tipo":"Intermitente","longitud":31178.1668879,"denominacion_oficial":"C04_corr_agua_2003","modulo_asignado":"Mapa Base","instrumento_vigencia":"","fecha_actualizacion":"2026-07-29","fuente_custodio":"","responsable_institucional":"","proyeccion_original":"EPSG:6372","proyeccion_actual":"EPSG:4326","cobertura_territorial":"","restricciones_uso":""},"geometry":{"type":"LineString","coordinates":[[-89.332999,18.573494],[-89.328887,18.570266],[-89.318959,18.569555],[-89.299276,18.563828],[-89.289048,18.562861],[-89.287272,18.564646],[-89.284104,18.582905],[-89.287043,18.58777],[-89.285595,18.590827],[-89.288009,18.594276],[-89.285626,18.594383],[-89.282712,18.592518],[-89.278007,18.595763],[-89.271044,18.595536],[-89.269134,18.592411],[-89.26687,18.593083],[-89.264566,18.592242],[-89.260418,18.592789],[-89.250182,18.58913],[-89.24448,18.585401],[-89.241949,18.588521],[-89.24039,18.593477],[-89.238491,18.595233],[-89.236256,18.595697],[-89.232469,18.594011],[-89.225858,18.587878],[-89.222286,18.586229],[-89.217525,18.582434],[-89.211252,18.582463],[-89.206173,18.584093],[-89.194864,18.591388],[-89.193236,18.59452],[-89.186983,18.597684],[-89.18468,18.597851],[-89.179834,18.60348],[-89.173836,18.606557],[-89.164511,18.605078],[-89.155786,18.604831],[-89.152387,18.605403],[-89.149152,18.605953],[-89.14046,18.605344],[-89.130851,18.600004],[-89.123148,18.600033],[-89.1179,18.601009],[-89.110088,18.605109],[-89.102988,18.605717]]}},{"type":"Feature","properties":{"gid":5624,"tipo":"Intermitente","longitud":47423.6765837,"denominacion_oficial":"C04_corr_agua_2003","modulo_asignado":"Mapa Base","instrumento_vigencia":"","fecha_actualizacion":"2026-07-29","fuente_custodio":"","responsable_institucional":"","proyeccion_original":"EPSG:6372","proyeccion_actual":"EPSG:4326","cobertura_territorial":"","restricciones_uso":""},"geometry":{"type":"LineString","coordinates":[[-89.224381,18.371024],[-89.22136,18.370667],[-89.216151,18.372048],[-89.212656,18.375838],[-89.207672,18.377048],[-89.205513,18.378971],[-89.204553,18.380988],[-89.198596,18.385466],[-89.196728,18.394028],[-89.192859,18.395614],[-89.18979,18.401548],[-89.184532,18.406367],[-89.180324,18.413484],[-89.168561,18.419664],[-89.160916,18.421717],[-89.150724,18.419371],[-89.144467,18.415973],[-89.132678,18.416641],[-89.130864,18.416304],[-89.125619,18.412873],[-89.118675,18.411622],[-89.116938,18.410964],[-89.114816,18.410155],[-89.112519,18.410293],[-89.110161,18.411481],[-89.109064,18.415239],[-89.103925,18.416341],[-89.101423,18.415426],[-89.095655,18.417837],[-89.09231,18.417285],[-89.090309,18.418212],[-89.091144,18.419956],[-89.090668,18.421659],[-89.08525,18.425008],[-89.081331,18.435047],[-89.078972,18.436633],[-89.074955,18.437241],[-89.072436,18.436596],[-89.0685,18.436947],[-89.066686,18.435591],[-89.061264,18.43585],[-89.042955,18.422538],[-89.038761,18.421893],[-89.035278,18.423691],[-89.033716,18.426209],[-89.034042,18.42989],[-89.029487,18.433057],[-89.02877,18.434994],[-89.023839,18.437093],[-89.022753,18.439907],[-89.023749,18.441347],[-89.036757,18.446516],[-89.035448,18.448575],[-89.03898,18.450489],[-89.03927,18.45214],[-89.037108,18.454561],[-89.036706,18.456689],[-89.038732,18.461225],[-89.032943,18.46704],[-89.033282,18.470386],[-89.032723,18.471155],[-89.029125,18.471843],[-89.027834,18.472904],[-89.024812,18.481665],[-89.022001,18.483784],[-89.017434,18.482744],[-89.013338,18.487759],[-89.009315,18.4907],[-89.004791,18.492507],[-89.000955,18.492683],[-88.999895,18.493518],[-88.996468,18.4999],[-88.994751,18.513227],[-88.992275,18.516511],[-88.991386,18.520151],[-88.988108,18.524256],[-88.988117,18.526065],[-88.990498,18.528761],[-88.988855,18.532608],[-88.987673,18.532615],[-88.983674,18.529296],[-88.980728,18.529222],[-88.979934,18.527454],[-88.978317,18.526831],[-88.976343,18.52955],[-88.97616,18.532869],[-88.974911,18.536068],[-88.964847,18.536211],[-88.96339,18.534604],[-88.961219,18.535096],[-88.958425,18.534217],[-88.952907,18.536236]]}},{"type":"Feature","properties":{"gid":5626,"tipo":"Intermitente","longitud":16954.2409076,"denominacion_oficial":"C04_corr_agua_2003","modulo_asignado":"Mapa Base","instrumento_vigencia":"","fecha_actualizacion":"2026-07-29","fuente_custodio":"","responsable_institucional":"","proyeccion_original":"EPSG:6372","proyeccion_actual":"EPSG:4326","cobertura_territorial":"","restricciones_uso":""},"geometry":{"type":"LineString","coordinates":[[-89.467882,19.13414],[-89.474922,19.146808],[-89.473911,19.150615],[-89.468835,19.156593],[-89.466684,19.157923],[-89.444013,19.159443],[-89.442166,19.16048],[-89.438341,19.164707],[-89.435888,19.165475],[-89.430852,19.165609],[-89.426846,19.168684],[-89.419434,19.169683],[-89.413677,19.177503],[-89.412039,19.18444],[-89.409947,19.185847],[-89.399216,19.186095],[-89.396651,19.190017],[-89.386951,19.195651],[-89.375347,19.204562],[-89.372242,19.208421],[-89.369921,19.213418],[-89.363722,19.218108]]}},{"type":"Feature","properties":{"gid":5634,"tipo":"Perenne","longitud":16116.4376382,"denominacion_oficial":"C04_corr_agua_2003","modulo_asignado":"Mapa Base","instrumento_vigencia":"","fecha_actualizacion":"2026-07-29","fuente_custodio":"","responsable_institucional":"","proyeccion_original":"EPSG:6372","proyeccion_actual":"EPSG:4326","cobertura_territorial":"","restricciones_uso":""},"geometry":{"type":"LineString","coordinates":[[-89.2072,17.824065],[-89.205697,17.827477],[-89.206168,17.830549],[-89.214246,17.837614],[-89.214266,17.840548],[-89.211358,17.847334],[-89.201908,17.863882],[-89.201327,17.867155],[-89.195875,17.880958],[-89.193693,17.891012],[-89.190072,17.896784],[-89.189268,17.900411],[-89.187984,17.901771],[-89.184216,17.902928],[-89.182569,17.90462],[-89.17705,17.907361],[-89.173873,17.910402],[-89.17268,17.913631],[-89.17171,17.921955],[-89.168539,17.927566],[-89.168923,17.93065],[-89.167257,17.935473],[-89.164264,17.937459],[-89.160888,17.93745],[-89.154686,17.939468],[-89.15235,17.941419]]}},{"type":"Feature","properties":{"gid":5635,"tipo":"Perenne","longitud":22224.3604982,"denominacion_oficial":"C04_corr_agua_2003","modulo_asignado":"Mapa Base","instrumento_vigencia":"","fecha_actualizacion":"2026-07-29","fuente_custodio":"","responsable_institucional":"","proyeccion_original":"EPSG:6372","proyeccion_actual":"EPSG:4326","cobertura_territorial":"","restricciones_uso":""},"geometry":{"type":"LineString","coordinates":[[-89.15235,17.941419],[-89.148386,17.944238],[-89.146412,17.946974],[-89.145983,17.950033],[-89.1446,17.952638],[-89.142489,17.953909],[-89.139998,17.953259],[-89.137416,17.954299],[-89.135562,17.957263],[-89.135588,17.959408],[-89.134316,17.961341],[-89.134122,17.964621],[-89.133209,17.967566],[-89.133343,17.969375],[-89.134195,17.970602],[-89.134236,17.971985],[-89.13254,17.972965],[-89.131419,17.973087],[-89.130722,17.973944],[-89.129418,17.974186],[-89.128727,17.97498],[-89.12737,17.974881],[-89.124846,17.976098],[-89.123719,17.975774],[-89.123524,17.974422],[-89.122925,17.973127],[-89.121925,17.972859],[-89.120742,17.973029],[-89.119669,17.972537],[-89.118652,17.970743],[-89.116921,17.969576],[-89.115916,17.969871],[-89.115169,17.97106],[-89.113876,17.971193],[-89.112514,17.97064],[-89.111153,17.970995],[-89.109656,17.97299],[-89.107593,17.974138],[-89.107089,17.976065],[-89.10528,17.977943],[-89.103759,17.979092],[-89.102963,17.981194],[-89.100902,17.982124],[-89.098831,17.981345],[-89.096876,17.98075],[-89.095117,17.981388],[-89.093659,17.983269],[-89.092571,17.985254],[-89.091044,17.986857],[-89.088999,17.988514],[-89.086307,17.989898],[-89.082964,17.991734],[-89.080561,17.993569],[-89.076515,17.994618],[-89.075722,17.994277],[-89.073615,17.993777],[-89.07071,17.993389],[-89.067324,17.99217],[-89.062251,17.991631],[-89.059291,17.990821],[-89.057609,17.991956],[-89.055724,17.993327],[-89.054925,17.995655],[-89.053313,17.999057],[-89.052555,18.000644],[-89.051314,18.000328],[-89.04989,17.999432],[-89.047949,17.999682],[-89.04556,18.001863],[-89.045154,18.003045],[-89.044097,18.003389],[-89.042392,18.003859],[-89.041033,18.003877],[-89.038555,18.003789],[-89.037319,18.003809],[-89.036607,18.003411],[-89.036364,18.002573],[-89.037038,18.001869],[-89.036629,18.00088],[-89.035508,18.000492],[-89.034335,18.001353],[-89.033024,18.001866],[-89.032225,18.002387],[-89.031332,18.0024],[-89.029988,18.001865],[-89.029645,18.001182],[-89.029883,17.999368],[-89.029759,17.998068],[-89.028389,17.997513],[-89.02698,17.997754],[-89.024114,17.994962],[-89.022378,17.99295],[-89.020666,17.992792],[-89.019774,17.993096],[-89.01866,17.992536],[-89.018997,17.991176],[-89.018686,17.990159],[-89.017094,17.98934],[-89.015027,17.989914],[-89.012663,17.989036],[-89.009466,17.989122],[-89.007138,17.990663]]}},{"type":"Feature","properties":{"gid":5636,"tipo":"Perenne","longitud":18607.5503202,"denominacion_oficial":"C04_corr_agua_2003","modulo_asignado":"Mapa Base","instrumento_vigencia":"","fecha_actualizacion":"2026-07-29","fuente_custodio":"","responsable_institucional":"","proyeccion_original":"EPSG:6372","proyeccion_actual":"EPSG:4326","cobertura_territorial":"","restricciones_uso":""},"geometry":{"type":"LineString","coordinates":[[-89.109098,18.0702],[-89.10677,18.070226],[-89.09899,18.067248],[-89.088645,18.068525],[-89.08774,18.066249],[-89.082341,18.063095],[-89.077569,18.058042],[-89.076066,18.054951],[-89.077278,18.049562],[-89.072933,18.047015],[-89.070274,18.043716],[-89.071536,18.042617],[-89.072631,18.03967],[-89.068853,18.035147],[-89.06637,18.034206],[-89.062281,18.034588],[-89.059976,18.039492],[-89.046573,18.0414],[-89.040328,18.040786],[-89.036495,18.04287],[-89.031893,18.04356],[-89.028922,18.042449],[-89.028317,18.038718],[-89.029196,18.037559],[-89.029395,18.035461],[-89.025475,18.033159],[-89.025407,18.030265],[-89.022924,18.027724],[-89.024097,18.024366],[-89.018668,18.017865],[-89.019793,18.013803],[-89.014711,18.008158],[-89.014406,18.001865],[-89.013606,17.998299],[-89.009742,17.995412],[-89.008564,17.992231],[-89.007138,17.990663]]}},{"type":"Feature","properties":{"gid":5637,"tipo":"Perenne","longitud":23478.5931012,"denominacion_oficial":"C04_corr_agua_2003","modulo_asignado":"Mapa Base","instrumento_vigencia":"","fecha_actualizacion":"2026-07-29","fuente_custodio":"","responsable_institucional":"","proyeccion_original":"EPSG:6372","proyeccion_actual":"EPSG:4326","cobertura_territorial":"","restricciones_uso":""},"geometry":{"type":"LineString","coordinates":[[-90.948603,19.151002],[-90.946031,19.148306],[-90.943767,19.148058],[-90.940198,19.148814],[-90.935882,19.151804],[-90.933735,19.152354],[-90.930664,19.150966],[-90.922371,19.149167],[-90.92061,19.148138],[-90.917338,19.143246],[-90.912399,19.139694],[-90.906959,19.137595],[-90.904705,19.137229],[-90.900536,19.138539],[-90.892332,19.138335],[-90.888064,19.137938],[-90.884277,19.136205],[-90.875402,19.124813],[-90.868686,19.12022],[-90.867003,19.112756],[-90.863828,19.110568],[-90.861689,19.110428],[-90.858058,19.105754],[-90.852383,19.103881],[-90.849561,19.101819],[-90.845587,19.097255],[-90.844749,19.098147],[-90.843326,19.097905],[-90.838734,19.094131],[-90.835066,19.093187],[-90.833337,19.089099],[-90.829718,19.084997],[-90.828796,19.082503],[-90.826459,19.079541],[-90.82743,19.078305],[-90.827445,19.076725],[-90.826088,19.071965],[-90.820189,19.068402],[-90.816951,19.070496],[-90.814254,19.068661],[-90.812198,19.070897],[-90.809214,19.072329],[-90.802587,19.070783],[-90.798764,19.072542],[-90.794373,19.072379],[-90.787876,19.069597],[-90.784908,19.06944],[-90.778568,19.073101]]}},{"type":"Feature","properties":{"gid":5638,"tipo":"Perenne","longitud":10561.1590398,"denominacion_oficial":"C04_corr_agua_2003","modulo_asignado":"Mapa Base","instrumento_vigencia":"","fecha_actualizacion":"2026-07-29","fuente_custodio":"","responsable_institucional":"","proyeccion_original":"EPSG:6372","proyeccion_actual":"EPSG:4326","cobertura_territorial":"","restricciones_uso":""},"geometry":{"type":"LineString","coordinates":[[-90.645529,19.409899],[-90.652038,19.412124],[-90.656449,19.411956],[-90.658575,19.413452],[-90.662162,19.420047],[-90.663005,19.42728],[-90.662652,19.435633],[-90.663822,19.436884],[-90.670334,19.439564],[-90.677704,19.440335],[-90.68076,19.442863],[-90.681213,19.444779],[-90.679139,19.447359],[-90.679114,19.449274],[-90.680054,19.450181],[-90.684111,19.449903],[-90.686601,19.450717],[-90.68988,19.454371],[-90.695931,19.455579],[-90.698146,19.458889],[-90.700272,19.459821],[-90.703084,19.463576],[-90.704253,19.46449],[-90.706677,19.463572]]}},{"type":"Feature","properties":{"gid":5687,"tipo":"Perenne","longitud":22727.8797063,"denominacion_oficial":"C04_corr_agua_2003","modulo_asignado":"Mapa Base","instrumento_vigencia":"","fecha_actualizacion":"2026-07-29","fuente_custodio":"","responsable_institucional":"","proyeccion_original":"EPSG:6372","proyeccion_actual":"EPSG:4326","cobertura_territorial":"","restricciones_uso":""},"geometry":{"type":"LineString","coordinates":[[-91.318661,18.359704],[-91.317882,18.354958],[-91.320633,18.35137],[-91.323823,18.351516],[-91.323611,18.349251],[-91.327918,18.344095],[-91.325801,18.342493],[-91.328546,18.341046],[-91.33034,18.338017],[-91.329903,18.334855],[-91.334168,18.333762],[-91.333164,18.327757],[-91.335172,18.327101],[-91.335233,18.321453],[-91.343048,18.320394],[-91.342837,18.317004],[-91.344402,18.31521],[-91.3443,18.312499],[-91.341717,18.310665],[-91.341045,18.306489],[-91.341892,18.305134],[-91.341928,18.301861],[-91.343611,18.29916],[-91.338793,18.29517],[-91.33809,18.294939],[-91.335945,18.296501],[-91.333603,18.293776],[-91.332876,18.29591],[-91.330748,18.29555],[-91.331016,18.292848],[-91.333856,18.291743],[-91.334231,18.290954],[-91.330824,18.287645],[-91.328116,18.287171],[-91.327792,18.283782],[-91.327085,18.283097],[-91.325556,18.282861],[-91.322457,18.284972],[-91.321043,18.284961],[-91.320459,18.284049],[-91.322054,18.277966],[-91.318893,18.274548],[-91.318832,18.269246],[-91.315064,18.26729],[-91.313023,18.270437],[-91.31089,18.270639],[-91.309857,18.267698],[-91.301963,18.264459],[-91.299827,18.26603],[-91.298266,18.268386],[-91.295788,18.268019],[-91.294418,18.262587],[-91.293712,18.261901],[-91.289936,18.261985],[-91.289001,18.260957],[-91.287961,18.258469],[-91.288165,18.25647],[-91.287181,18.253034],[-91.285473,18.249746],[-91.281812,18.246436],[-91.282303,18.244412],[-91.284679,18.243647],[-91.284458,18.241382]]}},{"type":"Feature","properties":{"gid":5639,"tipo":"Perenne","longitud":46913.2994979,"denominacion_oficial":"C04_corr_agua_2003","modulo_asignado":"Mapa Base","instrumento_vigencia":"","fecha_actualizacion":"2026-07-29","fuente_custodio":"","responsable_institucional":"","proyeccion_original":"EPSG:6372","proyeccion_actual":"EPSG:4326","cobertura_territorial":"","restricciones_uso":""},"geometry":{"type":"LineString","coordinates":[[-90.722994,19.359528],[-90.721919,19.359339],[-90.721301,19.359393],[-90.720569,19.360029],[-90.719885,19.360886],[-90.719354,19.361855],[-90.718592,19.36297],[-90.717675,19.363856],[-90.716439,19.364563],[-90.715059,19.365042],[-90.713953,19.365441],[-90.71313,19.366015],[-90.711832,19.366772],[-90.711131,19.367138],[-90.710066,19.367167],[-90.70929,19.367054],[-90.70832,19.366509],[-90.706612,19.365527],[-90.705185,19.364485],[-90.698298,19.363714],[-90.696906,19.360993],[-90.693257,19.357675],[-90.692114,19.354382],[-90.686341,19.351041],[-90.686377,19.34889],[-90.689986,19.345444],[-90.690357,19.3442],[-90.688887,19.339555],[-90.690213,19.337537],[-90.689885,19.335613],[-90.687556,19.332312],[-90.68759,19.329834],[-90.684395,19.32854],[-90.684447,19.325046],[-90.680897,19.323762],[-90.6801,19.321385],[-90.681443,19.318241],[-90.684797,19.316703],[-90.686257,19.314341],[-90.687336,19.314022],[-90.688497,19.316517],[-90.68955,19.316869],[-90.692311,19.315776],[-90.690583,19.311467],[-90.688122,19.30872],[-90.68959,19.306149],[-90.687944,19.304881],[-90.686959,19.298319],[-90.686259,19.29753],[-90.683048,19.297935],[-90.68211,19.296901],[-90.682878,19.29297],[-90.68194,19.292281],[-90.680276,19.291693],[-90.675374,19.293551],[-90.672419,19.292839],[-90.664048,19.287648],[-90.66349,19.28538],[-90.661737,19.282994],[-90.657102,19.283155],[-90.652138,19.281173],[-90.651191,19.280484],[-90.647148,19.28077],[-90.640742,19.279561],[-90.634788,19.280493],[-90.632054,19.279778],[-90.630363,19.281686],[-90.626683,19.28209],[-90.625577,19.284106],[-90.625445,19.285341],[-90.622444,19.286886],[-90.620799,19.285626],[-90.620703,19.284374],[-90.618579,19.283451],[-90.615596,19.283525],[-90.613952,19.282483],[-90.612517,19.282584],[-90.611209,19.282894],[-90.608457,19.284331],[-90.606449,19.283743],[-90.604137,19.28654],[-90.602412,19.290798],[-90.597722,19.294915],[-90.596757,19.295805],[-90.593057,19.296325],[-90.587544,19.299297],[-90.58373,19.30049],[-90.583986,19.298692],[-90.583183,19.297431],[-90.577342,19.297925],[-90.576741,19.298697],[-90.575803,19.297899],[-90.5739,19.297873],[-90.572572,19.298872],[-90.572554,19.299998],[-90.569163,19.304248],[-90.565207,19.306902],[-90.565754,19.309842],[-90.567036,19.311893],[-90.565928,19.313908],[-90.564743,19.313664],[-90.564246,19.315017],[-90.565855,19.319219],[-90.562528,19.319057],[-90.560731,19.320275],[-90.559669,19.319359],[-90.558368,19.319342],[-90.553684,19.321994],[-90.546634,19.316479],[-90.545564,19.316798],[-90.544493,19.316107],[-90.54282,19.316989],[-90.54128,19.316518],[-90.533064,19.309295],[-90.524888,19.307383],[-90.523464,19.30702],[-90.521819,19.306214],[-90.515547,19.304427],[-90.513588,19.307904],[-90.509879,19.309539],[-90.503339,19.309568],[-90.500881,19.307054],[-90.500575,19.303768],[-90.497755,19.301472],[-90.488719,19.301473],[-90.487878,19.301791],[-90.487858,19.302816],[-90.486673,19.302798],[-90.479379,19.298179],[-90.477476,19.298152],[-90.476625,19.299268],[-90.472697,19.299322],[-90.470899,19.300884],[-90.468422,19.307283],[-90.466874,19.307928],[-90.461778,19.314064],[-90.460065,19.317432],[-90.459674,19.320128],[-90.460581,19.323078],[-90.46018,19.325329],[-90.457425,19.326872],[-90.456555,19.329114]]}},{"type":"Feature","properties":{"gid":5640,"tipo":"Perenne","longitud":65318.3254214,"denominacion_oficial":"C04_corr_agua_2003","modulo_asignado":"Mapa Base","instrumento_vigencia":"","fecha_actualizacion":"2026-07-29","fuente_custodio":"","responsable_institucional":"","proyeccion_original":"EPSG:6372","proyeccion_actual":"EPSG:4326","cobertura_territorial":"","restricciones_uso":""},"geometry":{"type":"LineString","coordinates":[[-90.793558,18.119355],[-90.790992,18.116732],[-90.788816,18.11597],[-90.782678,18.116073],[-90.781547,18.116796],[-90.782507,18.120134],[-90.77351,18.131036],[-90.758114,18.143337],[-90.748996,18.154864],[-90.745303,18.157645],[-90.740368,18.159724],[-90.742412,18.16602],[-90.741632,18.16754],[-90.736336,18.169964],[-90.736271,18.170866],[-90.742456,18.17703],[-90.747329,18.178829],[-90.748754,18.183201],[-90.755247,18.187119],[-90.755587,18.188641],[-90.753232,18.191423],[-90.752171,18.192668],[-90.752011,18.195886],[-90.75025,18.199755],[-90.749161,18.206524],[-90.745618,18.211049],[-90.74504,18.214381],[-90.742996,18.217295],[-90.738648,18.220062],[-90.737442,18.222023],[-90.736782,18.227154],[-90.739404,18.234638],[-90.738461,18.243088],[-90.739683,18.245313],[-90.737907,18.249698],[-90.739395,18.253885],[-90.739063,18.256764],[-90.738019,18.258954],[-90.73557,18.261465],[-90.73032,18.265245],[-90.727756,18.266849],[-90.723431,18.267703],[-90.722734,18.271426],[-90.719516,18.273471],[-90.720308,18.275962],[-90.719842,18.28081],[-90.716102,18.286182],[-90.712588,18.287787],[-90.707758,18.29128],[-90.703244,18.293145],[-90.702286,18.294271],[-90.702148,18.299969],[-90.70137,18.300754],[-90.697052,18.300583],[-90.694658,18.298742],[-90.687031,18.298829],[-90.685002,18.298095],[-90.683931,18.298985],[-90.679809,18.29724],[-90.679124,18.29599],[-90.676541,18.294606],[-90.675741,18.292794],[-90.673026,18.292416],[-90.672456,18.291166],[-90.670197,18.291476],[-90.668695,18.289539],[-90.664802,18.288137],[-90.664003,18.287006],[-90.659541,18.284799],[-90.658705,18.284908],[-90.659752,18.286721],[-90.657968,18.28693],[-90.6508,18.284128],[-90.646662,18.283851],[-90.642911,18.281661],[-90.640539,18.28208],[-90.639748,18.279588],[-90.637974,18.279335],[-90.637139,18.280234],[-90.635391,18.278295],[-90.634785,18.279647],[-90.624762,18.277825],[-90.617876,18.280442],[-90.615362,18.282792],[-90.610723,18.28499],[-90.610355,18.286224],[-90.60879,18.287448],[-90.604757,18.288866],[-90.596728,18.28831],[-90.595473,18.285137],[-90.588493,18.27759],[-90.584003,18.277203],[-90.571459,18.278398],[-90.568403,18.277339],[-90.562114,18.273138],[-90.559129,18.272484],[-90.556643,18.272902],[-90.554129,18.275015],[-90.543336,18.285808],[-90.542555,18.283452],[-90.539034,18.28193],[-90.535499,18.284546],[-90.528571,18.287292],[-90.524822,18.287813],[-90.521937,18.287211],[-90.517109,18.279988],[-90.516564,18.27697],[-90.509661,18.277266],[-90.505249,18.272009],[-90.502657,18.271193],[-90.499069,18.271163],[-90.496774,18.26987],[-90.494449,18.267023],[-90.489733,18.266616],[-90.487712,18.267386],[-90.485473,18.266787],[-90.483919,18.264599],[-90.481611,18.264594],[-90.479504,18.262762],[-90.476459,18.261475],[-90.470424,18.261283],[-90.467083,18.263948],[-90.464484,18.263576],[-90.462614,18.262424],[-90.460005,18.26284],[-90.455601,18.265605],[-90.448371,18.266518],[-90.442316,18.269147],[-90.436202,18.274711],[-90.434235,18.279996],[-90.428216,18.287246],[-90.414701,18.294807]]}},{"type":"Feature","properties":{"gid":5641,"tipo":"Perenne","longitud":31475.3387461,"denominacion_oficial":"C04_corr_agua_2003","modulo_asignado":"Mapa Base","instrumento_vigencia":"","fecha_actualizacion":"2026-07-29","fuente_custodio":"","responsable_institucional":"","proyeccion_original":"EPSG:6372","proyeccion_actual":"EPSG:4326","cobertura_territorial":"","restricciones_uso":""},"geometry":{"type":"LineString","coordinates":[[-90.471625,17.829843],[-90.468299,17.832907],[-90.46863,17.834719],[-90.472781,17.841098],[-90.480746,17.84515],[-90.482988,17.844271],[-90.485514,17.841373],[-90.488219,17.8413],[-90.493915,17.847344],[-90.493271,17.85095],[-90.494765,17.854022],[-90.496629,17.855735],[-90.500176,17.855799],[-90.508512,17.863008],[-90.515862,17.861767],[-90.519546,17.863692],[-90.524425,17.86277],[-90.526854,17.864081],[-90.532175,17.87678],[-90.532625,17.88623],[-90.533723,17.888056],[-90.536365,17.889991],[-90.5406,17.889872],[-90.546681,17.885467],[-90.548396,17.885462],[-90.554347,17.889174],[-90.557011,17.889496],[-90.557837,17.888226],[-90.557674,17.884386],[-90.560723,17.882469],[-90.563446,17.876854],[-90.566455,17.873374],[-90.565958,17.868783],[-90.56697,17.866747],[-90.568267,17.866873],[-90.571461,17.870138],[-90.576085,17.871598],[-90.59177,17.867844],[-90.59832,17.865386],[-90.600055,17.8656],[-90.603056,17.867779],[-90.609887,17.867983],[-90.611765,17.869767],[-90.613927,17.87054],[-90.62132,17.87093],[-90.624703,17.872059],[-90.628271,17.871632],[-90.630983,17.872165],[-90.632499,17.875464],[-90.635063,17.87847],[-90.637036,17.880271],[-90.638817,17.880833],[-90.641844,17.881108],[-90.654263,17.879847],[-90.658606,17.88024],[-90.660475,17.881126],[-90.662003,17.884063],[-90.660785,17.891689],[-90.661156,17.893041],[-90.666547,17.899092],[-90.67204,17.903354]]}},{"type":"Feature","properties":{"gid":5642,"tipo":"Perenne","longitud":37956.3062909,"denominacion_oficial":"C04_corr_agua_2003","modulo_asignado":"Mapa Base","instrumento_vigencia":"","fecha_actualizacion":"2026-07-29","fuente_custodio":"","responsable_institucional":"","proyeccion_original":"EPSG:6372","proyeccion_actual":"EPSG:4326","cobertura_territorial":"","restricciones_uso":""},"geometry":{"type":"LineString","coordinates":[[-91.019399,18.141957],[-91.016884,18.141028],[-91.015893,18.138833],[-91.015989,18.136572],[-91.016951,18.135228],[-91.016186,18.133638],[-91.015426,18.131296],[-91.015118,18.130167],[-91.013328,18.128947],[-91.013364,18.126011],[-91.011857,18.126],[-91.011409,18.124252],[-91.008254,18.124674],[-91.007338,18.122257],[-91.003267,18.120262],[-90.997939,18.118093],[-90.996545,18.116194],[-90.992471,18.114126],[-90.991202,18.114332],[-90.990574,18.114712],[-90.989239,18.114922],[-90.98782,18.114754],[-90.986164,18.114578],[-90.984439,18.11456],[-90.983736,18.1141],[-90.982731,18.112212],[-90.982115,18.111377],[-90.981092,18.110767],[-90.979296,18.110217],[-90.977084,18.110118],[-90.975118,18.109801],[-90.973476,18.109108],[-90.971835,18.107808],[-90.970737,18.107419],[-90.969954,18.107488],[-90.969394,18.108082],[-90.969694,18.109066],[-90.970084,18.110346],[-90.969752,18.111174],[-90.968492,18.111617],[-90.964945,18.111727],[-90.962105,18.111772],[-90.959908,18.111365],[-90.957091,18.110069],[-90.954973,18.109287],[-90.952223,18.108802],[-90.950025,18.109003],[-90.948757,18.109073],[-90.94625,18.108516],[-90.94475,18.108423],[-90.943008,18.109311],[-90.940315,18.110708],[-90.938089,18.112195],[-90.936044,18.112851],[-90.93352,18.112973],[-90.931862,18.113413],[-90.930342,18.115197],[-90.929235,18.115868],[-90.92789,18.116077],[-90.925521,18.116283],[-90.92347,18.117002],[-90.921572,18.118413],[-90.920458,18.118938],[-90.919674,18.118771],[-90.918172,18.11846],[-90.917163,18.117687],[-90.915913,18.117531],[-90.914093,18.118104],[-90.909499,18.120241],[-90.90475,18.122293],[-90.902919,18.123935],[-90.901157,18.126472],[-90.899228,18.130139],[-90.898182,18.131568],[-90.895875,18.133574],[-90.893565,18.135498],[-90.891579,18.137283],[-90.890858,18.138564],[-90.890522,18.140135],[-90.890587,18.141791],[-90.891108,18.143908],[-90.891241,18.146013],[-90.890877,18.149552],[-90.890942,18.150981],[-90.892558,18.154685],[-90.892768,18.156651],[-90.893527,18.158767],[-90.894931,18.160059],[-90.895626,18.161199],[-90.896389,18.163016],[-90.89717,18.163927],[-90.898732,18.164551],[-90.900066,18.165312],[-90.902323,18.167439],[-90.904417,18.170398],[-90.905251,18.172519],[-90.905249,18.172664],[-90.905074,18.174701],[-90.904189,18.17567],[-90.902525,18.176409],[-90.900397,18.176904],[-90.898664,18.176966],[-90.897171,18.17642],[-90.895999,18.175426],[-90.895386,18.174446],[-90.894846,18.173381],[-90.894142,18.172929],[-90.892183,18.172158],[-90.890541,18.171229],[-90.889217,18.170006],[-90.887978,18.167963],[-90.886573,18.167496],[-90.884922,18.167029],[-90.883984,18.166188],[-90.882436,18.163986],[-90.881118,18.162917],[-90.87909,18.161243],[-90.877297,18.159485],[-90.875733,18.158653],[-90.874246,18.157798],[-90.873073,18.156813],[-90.871438,18.154986],[-90.869491,18.154061],[-90.867535,18.152681],[-90.867312,18.151694],[-90.866054,18.150938],[-90.863639,18.149479],[-90.860033,18.148313],[-90.856649,18.147217],[-90.854853,18.146902],[-90.8539,18.147185],[-90.852954,18.14785],[-90.851769,18.14807],[-90.850124,18.147521],[-90.84674,18.146425],[-90.845337,18.145359],[-90.844569,18.144304],[-90.844181,18.143014],[-90.844596,18.14211],[-90.844996,18.141514],[-90.845088,18.140387],[-90.844379,18.140007],[-90.843522,18.139463],[-90.842909,18.138483],[-90.842767,18.137193],[-90.843017,18.135996],[-90.843334,18.135475],[-90.843261,18.135097],[-90.842483,18.134867],[-90.841453,18.1347],[-90.839474,18.135804],[-90.837267,18.136456],[-90.836156,18.137054],[-90.835266,18.138775],[-90.833751,18.139887],[-90.831625,18.140009],[-90.829504,18.139615],[-90.82699,18.139137],[-90.823375,18.138786],[-90.820935,18.138686],[-90.819201,18.138892],[-90.818104,18.138728],[-90.816068,18.137279],[-90.815057,18.136886],[-90.81388,18.136417],[-90.812249,18.134898],[-90.809444,18.132529],[-90.807802,18.131381],[-90.80601,18.129859],[-90.80508,18.128347],[-90.804308,18.127808],[-90.802333,18.127252],[-90.799981,18.126777],[-90.797952,18.125709],[-90.795294,18.123641],[-90.794053,18.122341],[-90.793291,18.121105],[-90.793417,18.120261],[-90.793558,18.119355]]}},{"type":"Feature","properties":{"gid":5643,"tipo":"Perenne","longitud":57096.798175,"denominacion_oficial":"C04_corr_agua_2003","modulo_asignado":"Mapa Base","instrumento_vigencia":"","fecha_actualizacion":"2026-07-29","fuente_custodio":"","responsable_institucional":"","proyeccion_original":"EPSG:6372","proyeccion_actual":"EPSG:4326","cobertura_territorial":"","restricciones_uso":""},"geometry":{"type":"LineString","coordinates":[[-90.819451,18.044895],[-90.821415,18.043727],[-90.82395,18.048334],[-90.82735,18.049894],[-90.831257,18.049777],[-90.836587,18.048025],[-90.837612,18.046623],[-90.837055,18.043452],[-90.835377,18.042165],[-90.833294,18.037828],[-90.832748,18.033243],[-90.833706,18.032071],[-90.834721,18.032074],[-90.836047,18.034069],[-90.838696,18.034947],[-90.839696,18.034895],[-90.842087,18.032787],[-90.843438,18.03365],[-90.843476,18.035168],[-90.841831,18.037667],[-90.84211,18.040182],[-90.847246,18.044529],[-90.849439,18.044838],[-90.85318,18.038023],[-90.857858,18.036348],[-90.858057,18.034485],[-90.859848,18.032641],[-90.861365,18.029497],[-90.862114,18.029263],[-90.869007,18.027154],[-90.871019,18.025263],[-90.875531,18.024347],[-90.876561,18.022046],[-90.873924,18.020091],[-90.872908,18.017883],[-90.873971,18.016475],[-90.879063,18.015293],[-90.879609,18.013828],[-90.881856,18.013351],[-90.882479,18.010694],[-90.881453,18.007806],[-90.881678,18.005972],[-90.882901,18.004213],[-90.884454,18.002015],[-90.886155,17.999284],[-90.885469,17.997691],[-90.883591,17.996881],[-90.883956,17.99542],[-90.883263,17.994389],[-90.880903,17.993914],[-90.880209,17.993119],[-90.881759,17.99201],[-90.8825,17.989307],[-90.881554,17.989745],[-90.880149,17.988262],[-90.878738,17.988365],[-90.878257,17.989264],[-90.876019,17.987882],[-90.873883,17.98932],[-90.872944,17.988978],[-90.872264,17.98626],[-90.870616,17.985784],[-90.869359,17.982942],[-90.865733,17.979969],[-90.863848,17.979611],[-90.86304,17.978708],[-90.863065,17.977004],[-90.860468,17.976421],[-90.858379,17.973907],[-90.85921,17.973016],[-90.859478,17.970533],[-90.861622,17.968634],[-90.860715,17.965809],[-90.861611,17.960506],[-90.862801,17.959615],[-90.866702,17.948813],[-90.864741,17.944957],[-90.866308,17.942824],[-90.866435,17.940902],[-90.864787,17.940779],[-90.863759,17.938281],[-90.862697,17.937821],[-90.86286,17.935112],[-90.861798,17.934425],[-90.862181,17.932395],[-90.861724,17.931146],[-90.860646,17.931809],[-90.85984,17.931241],[-90.859274,17.928297],[-90.858337,17.92829],[-90.857374,17.929407],[-90.855032,17.927799],[-90.854316,17.928916],[-90.853737,17.928573],[-90.853866,17.927105],[-90.850686,17.927303],[-90.849861,17.926724],[-90.851312,17.923921],[-90.850063,17.920291],[-90.852261,17.913417],[-90.851689,17.912059],[-90.846509,17.910766],[-90.842384,17.911283],[-90.841225,17.909573],[-90.840913,17.905958],[-90.844025,17.901474],[-90.84241,17.899205],[-90.843518,17.89526],[-90.840368,17.892177],[-90.840612,17.89128],[-90.838492,17.89114],[-90.834895,17.886699],[-90.832155,17.888354],[-90.829783,17.8898],[-90.826138,17.888965],[-90.825177,17.890762],[-90.822461,17.890849],[-90.820642,17.891783],[-90.819139,17.890582],[-90.813182,17.892313],[-90.811625,17.89421],[-90.799581,17.895322],[-90.795752,17.897429],[-90.79445,17.899454],[-90.792795,17.900228],[-90.791857,17.89965],[-90.791978,17.898516],[-90.774887,17.898322],[-90.772611,17.901008],[-90.765499,17.903413],[-90.764063,17.905092],[-90.762009,17.909808],[-90.761706,17.914656],[-90.75956,17.916562],[-90.744448,17.918074],[-90.7428,17.917497],[-90.741959,17.918268],[-90.740435,17.917917],[-90.740984,17.912389],[-90.744083,17.909602],[-90.743913,17.904519],[-90.735823,17.900028],[-90.734218,17.896615],[-90.734472,17.895146],[-90.733314,17.893554],[-90.729433,17.893061],[-90.727173,17.893825],[-90.725185,17.893231],[-90.724272,17.890858],[-90.726434,17.88772],[-90.72646,17.885799],[-90.723068,17.883276],[-90.721595,17.878965],[-90.718887,17.878144],[-90.709047,17.872612],[-90.700489,17.869344],[-90.69801,17.86932],[-90.694682,17.871082],[-90.69293,17.870161],[-90.691754,17.860775],[-90.68888,17.855433]]}},{"type":"Feature","properties":{"gid":5644,"tipo":"Perenne","longitud":12071.9474069,"denominacion_oficial":"C04_corr_agua_2003","modulo_asignado":"Mapa Base","instrumento_vigencia":"","fecha_actualizacion":"2026-07-29","fuente_custodio":"","responsable_institucional":"","proyeccion_original":"EPSG:6372","proyeccion_actual":"EPSG:4326","cobertura_territorial":"","restricciones_uso":""},"geometry":{"type":"LineString","coordinates":[[-90.819451,18.044895],[-90.818048,18.048492],[-90.818788,18.050815],[-90.817175,18.052327],[-90.816625,18.053955],[-90.819258,18.055513],[-90.819778,18.057031],[-90.818275,18.058714],[-90.814964,18.05873],[-90.813528,18.060519],[-90.80943,18.062508],[-90.807345,18.064347],[-90.807733,18.066218],[-90.810032,18.067089],[-90.810611,18.067667],[-90.810774,18.068341],[-90.810421,18.069186],[-90.809462,18.070357],[-90.807608,18.071806],[-90.806175,18.07286],[-90.805333,18.073986],[-90.805334,18.074321],[-90.805685,18.074556],[-90.806268,18.0745],[-90.806979,18.074735],[-90.807511,18.075192],[-90.80802,18.076391],[-90.808655,18.077908],[-90.808932,18.079045],[-90.808503,18.08011],[-90.807676,18.081183],[-90.806835,18.081954],[-90.805818,18.082795],[-90.804638,18.082951],[-90.803932,18.082998],[-90.804038,18.083569],[-90.804565,18.084189],[-90.805031,18.084986],[-90.804715,18.085833],[-90.804418,18.08611],[-90.803353,18.086602],[-90.802042,18.087438],[-90.800604,18.088664],[-90.80025,18.089282],[-90.80012,18.090297],[-90.800278,18.091371],[-90.800262,18.092612],[-90.799733,18.09329],[-90.799502,18.09437],[-90.800064,18.094802],[-90.800235,18.095731],[-90.800342,18.097318],[-90.799312,18.098076],[-90.798549,18.0979],[-90.797891,18.09806],[-90.797172,18.098732],[-90.796049,18.098775],[-90.795114,18.098369],[-90.794061,18.097683],[-90.793824,18.098137],[-90.794221,18.10361],[-90.795116,18.103568],[-90.796634,18.104144],[-90.797394,18.105054],[-90.797377,18.106187],[-90.796786,18.106805],[-90.796353,18.107807],[-90.796235,18.108324],[-90.796814,18.109011],[-90.797632,18.109798],[-90.797857,18.11065],[-90.79748,18.112001],[-90.797051,18.112958],[-90.796224,18.113903],[-90.794974,18.114689],[-90.794019,18.115688],[-90.794015,18.116087],[-90.794362,18.116367],[-90.795116,18.116895],[-90.795767,18.117289],[-90.795881,18.11786],[-90.795693,18.118417],[-90.795216,18.119035],[-90.793558,18.119355]]}},{"type":"Feature","properties":{"gid":5645,"tipo":"Perenne","longitud":74459.7755645,"denominacion_oficial":"C04_corr_agua_2003","modulo_asignado":"Mapa Base","instrumento_vigencia":"","fecha_actualizacion":"2026-07-29","fuente_custodio":"","responsable_institucional":"","proyeccion_original":"EPSG:6372","proyeccion_actual":"EPSG:4326","cobertura_territorial":"","restricciones_uso":""},"geometry":{"type":"LineString","coordinates":[[-90.819451,18.044895],[-90.818312,18.041662],[-90.814364,18.040887],[-90.808471,18.036074],[-90.804266,18.036594],[-90.802708,18.038718],[-90.799745,18.039702],[-90.796972,18.03905],[-90.793577,18.041835],[-90.789839,18.043714],[-90.783444,18.040985],[-90.7813,18.042031],[-90.779964,18.039935],[-90.780583,18.038521],[-90.779179,18.037599],[-90.776981,18.037806],[-90.775485,18.040216],[-90.768227,18.039454],[-90.767183,18.038541],[-90.767027,18.036506],[-90.759216,18.033824],[-90.757071,18.031195],[-90.755654,18.030898],[-90.755007,18.03173],[-90.752822,18.030976],[-90.750095,18.031397],[-90.74941,18.029803],[-90.744145,18.031222],[-90.743348,18.033411],[-90.741218,18.034177],[-90.740597,18.036089],[-90.735143,18.037829],[-90.732759,18.039836],[-90.7304,18.039694],[-90.729479,18.03821],[-90.730511,18.035003],[-90.72819,18.032561],[-90.724656,18.032068],[-90.724155,18.029281],[-90.719763,18.031835],[-90.716808,18.031803],[-90.709941,18.02918],[-90.705722,18.026757],[-90.701233,18.027153],[-90.695116,18.024749],[-90.691898,18.025604],[-90.689662,18.025353],[-90.688022,18.024658],[-90.684907,18.018408],[-90.683251,18.019289],[-90.681253,18.022232],[-90.679665,18.022184],[-90.678236,18.023745],[-90.677262,18.021313],[-90.669641,18.012916],[-90.667748,18.013226],[-90.666108,18.01253],[-90.662424,18.005493],[-90.660671,18.004108],[-90.658199,18.003975],[-90.655749,18.001839],[-90.656164,17.996835],[-90.658575,17.993244],[-90.658014,17.991324],[-90.653743,17.983597],[-90.651071,17.98119],[-90.650167,17.97791],[-90.645144,17.973783],[-90.642006,17.970133],[-90.637449,17.967138],[-90.634573,17.969814],[-90.631383,17.970678],[-90.620899,17.970008],[-90.617657,17.974125],[-90.613319,17.977614],[-90.604903,17.974868],[-90.602782,17.974843],[-90.593372,17.977654],[-90.591477,17.977646],[-90.58136,17.975976],[-90.577228,17.972213],[-90.570976,17.96944],[-90.568625,17.970458],[-90.56424,17.970313],[-90.561271,17.968625],[-90.5592,17.965056],[-90.556524,17.965323],[-90.551048,17.962228],[-90.548607,17.962739],[-90.547306,17.96107],[-90.543643,17.959429],[-90.542251,17.958052],[-90.540847,17.949109],[-90.541253,17.945048],[-90.539613,17.942455],[-90.535302,17.94188],[-90.532497,17.93995],[-90.529485,17.936308],[-90.525705,17.936635],[-90.524162,17.934131],[-90.523538,17.929475],[-90.522349,17.929066],[-90.519064,17.922028],[-90.516531,17.922967],[-90.514533,17.919331],[-90.511883,17.917939],[-90.50789,17.918321],[-90.504238,17.919945],[-90.502916,17.918429],[-90.502061,17.917211],[-90.501151,17.910891],[-90.498273,17.906687],[-90.492548,17.902092],[-90.492463,17.900171],[-90.493629,17.897231],[-90.490949,17.886275],[-90.487219,17.883421],[-90.480589,17.881386],[-90.477297,17.882574],[-90.473417,17.882629],[-90.468267,17.880563],[-90.463718,17.883514],[-90.455539,17.880524],[-90.453601,17.877888],[-90.451688,17.867427],[-90.448716,17.863922],[-90.444055,17.854944],[-90.43984,17.844386],[-90.429323,17.838275],[-90.426022,17.837883],[-90.416083,17.832904],[-90.415146,17.832668],[-90.412771,17.83399],[-90.410811,17.838809],[-90.404734,17.842909],[-90.400022,17.843079],[-90.398037,17.842144],[-90.396205,17.837938],[-90.393756,17.835997],[-90.38666,17.837705],[-90.382266,17.832002],[-90.380199,17.828014],[-90.375538,17.824231],[-90.369131,17.827533],[-90.365306,17.830982],[-90.363414,17.831179],[-90.359619,17.833161],[-90.357264,17.832905],[-90.354929,17.831516],[-90.35283,17.829575],[-90.351448,17.826346],[-90.349372,17.823799],[-90.343372,17.818187],[-90.34046,17.817806],[-90.337992,17.819546],[-90.335755,17.819462],[-90.32847,17.822158]]}},{"type":"Feature","properties":{"gid":5683,"tipo":"Perenne","longitud":20464.8788837,"denominacion_oficial":"C04_corr_agua_2003","modulo_asignado":"Mapa Base","instrumento_vigencia":"","fecha_actualizacion":"2026-07-29","fuente_custodio":"","responsable_institucional":"","proyeccion_original":"EPSG:6372","proyeccion_actual":"EPSG:4326","cobertura_territorial":"","restricciones_uso":""},"geometry":{"type":"LineString","coordinates":[[-91.834845,18.322194],[-91.833687,18.320275],[-91.833074,18.318301],[-91.831181,18.315923],[-91.832212,18.315331],[-91.832618,18.314352],[-91.832628,18.312548],[-91.832315,18.311266],[-91.831539,18.309825],[-91.829888,18.308534],[-91.828784,18.307924],[-91.827455,18.307163],[-91.82636,18.306182],[-91.82985,18.302663],[-91.830171,18.301533],[-91.830967,18.300789],[-91.832472,18.300347],[-91.833564,18.300349],[-91.834046,18.300127],[-91.834374,18.29878],[-91.834461,18.296591],[-91.834304,18.295755],[-91.83369,18.295079],[-91.833698,18.293945],[-91.834014,18.292896],[-91.83442,18.291772],[-91.834105,18.290644],[-91.832694,18.289197],[-91.831139,18.287759],[-91.830746,18.286018],[-91.831232,18.2846],[-91.83141,18.282716],[-91.831096,18.280681],[-91.830803,18.278494],[-91.830738,18.276685],[-91.831224,18.275257],[-91.831698,18.273983],[-91.831953,18.272477],[-91.831719,18.270892],[-91.83173,18.270367],[-91.830657,18.265388],[-91.830425,18.264556],[-91.828079,18.261376],[-91.826035,18.260394],[-91.822605,18.255853],[-91.823655,18.251181],[-91.821932,18.249976],[-91.821548,18.247864],[-91.81927,18.245814],[-91.820314,18.244543],[-91.820324,18.242884],[-91.81867,18.242272],[-91.817271,18.240155],[-91.814917,18.238635],[-91.81437,18.236294],[-91.815875,18.236224],[-91.816197,18.234958],[-91.817857,18.234581],[-91.818816,18.232406],[-91.816533,18.231716],[-91.815536,18.228021],[-91.81215,18.227618],[-91.812876,18.225899],[-91.811862,18.223708],[-91.804483,18.219071],[-91.802074,18.215352],[-91.804885,18.205658],[-91.80454,18.199713],[-91.803449,18.198051],[-91.804026,18.194128],[-91.805971,18.185101],[-91.807495,18.183237],[-91.804689,18.177723],[-91.804545,18.175836],[-91.806159,18.169969]]}},{"type":"Feature","properties":{"gid":5677,"tipo":"Perenne","longitud":376.402818064,"denominacion_oficial":"C04_corr_agua_2003","modulo_asignado":"Mapa Base","instrumento_vigencia":"","fecha_actualizacion":"2026-07-29","fuente_custodio":"","responsable_institucional":"","proyeccion_original":"EPSG:6372","proyeccion_actual":"EPSG:4326","cobertura_territorial":"","restricciones_uso":""},"geometry":{"type":"LineString","coordinates":[[-91.183138,18.993107],[-91.18384,18.994366],[-91.184868,18.996092]]}},{"type":"Feature","properties":{"gid":5678,"tipo":"Perenne","longitud":1548.54469585,"denominacion_oficial":"C04_corr_agua_2003","modulo_asignado":"Mapa Base","instrumento_vigencia":"","fecha_actualizacion":"2026-07-29","fuente_custodio":"","responsable_institucional":"","proyeccion_original":"EPSG:6372","proyeccion_actual":"EPSG:4326","cobertura_territorial":"","restricciones_uso":""},"geometry":{"type":"LineString","coordinates":[[-91.840071,18.416466],[-91.848065,18.409932],[-91.850126,18.406488]]}},{"type":"Feature","properties":{"gid":5679,"tipo":"Perenne","longitud":27436.3044046,"denominacion_oficial":"C04_corr_agua_2003","modulo_asignado":"Mapa Base","instrumento_vigencia":"","fecha_actualizacion":"2026-07-29","fuente_custodio":"","responsable_institucional":"","proyeccion_original":"EPSG:6372","proyeccion_actual":"EPSG:4326","cobertura_territorial":"","restricciones_uso":""},"geometry":{"type":"LineString","coordinates":[[-91.235996,18.747528],[-91.22133,18.75068],[-91.220118,18.749976],[-91.216728,18.749333],[-91.215399,18.749755],[-91.210511,18.748542],[-91.196905,18.752367],[-91.191871,18.753004],[-91.190517,18.752534],[-91.187083,18.749201],[-91.181205,18.747498],[-91.173345,18.747005],[-91.169923,18.74605],[-91.16672,18.744866],[-91.16238,18.741321],[-91.158855,18.741076],[-91.150264,18.735391],[-91.142907,18.734206],[-91.131226,18.734914],[-91.111751,18.739542],[-91.100499,18.734151],[-91.096676,18.732866],[-91.09249,18.73278],[-91.086876,18.729585],[-91.081225,18.727568],[-91.073802,18.721273],[-91.069178,18.719402],[-91.055867,18.719641],[-91.047876,18.718777],[-91.045133,18.716862],[-91.041496,18.712202],[-91.03797,18.71032],[-91.034639,18.710386],[-91.027086,18.702907],[-91.025779,18.702685],[-91.022478,18.703806],[-91.016344,18.699181],[-91.011392,18.696786],[-90.998521,18.694791]]}},{"type":"Feature","properties":{"gid":5680,"tipo":"Perenne","longitud":12015.5338753,"denominacion_oficial":"C04_corr_agua_2003","modulo_asignado":"Mapa Base","instrumento_vigencia":"","fecha_actualizacion":"2026-07-29","fuente_custodio":"","responsable_institucional":"","proyeccion_original":"EPSG:6372","proyeccion_actual":"EPSG:4326","cobertura_territorial":"","restricciones_uso":""},"geometry":{"type":"LineString","coordinates":[[-91.393876,18.876202],[-91.395756,18.872875],[-91.399086,18.87114],[-91.406381,18.866987],[-91.410956,18.865539],[-91.411599,18.864876],[-91.413956,18.855646],[-91.415386,18.853812],[-91.419213,18.851558],[-91.422681,18.84926],[-91.425278,18.844431],[-91.425243,18.844147],[-91.425659,18.843323],[-91.425509,18.842187],[-91.427303,18.839962],[-91.429184,18.837588],[-91.432554,18.832977],[-91.436669,18.828845],[-91.439395,18.83058],[-91.441925,18.830658],[-91.442146,18.829648],[-91.441333,18.826849],[-91.441255,18.824783],[-91.441115,18.821541],[-91.442091,18.819286],[-91.445491,18.818716],[-91.448334,18.819424],[-91.450878,18.818459],[-91.454698,18.815777],[-91.457988,18.810088],[-91.458853,18.80778],[-91.461321,18.805211]]}},{"type":"Feature","properties":{"gid":5681,"tipo":"Perenne","longitud":30232.679606,"denominacion_oficial":"C04_corr_agua_2003","modulo_asignado":"Mapa Base","instrumento_vigencia":"","fecha_actualizacion":"2026-07-29","fuente_custodio":"","responsable_institucional":"","proyeccion_original":"EPSG:6372","proyeccion_actual":"EPSG:4326","cobertura_territorial":"","restricciones_uso":""},"geometry":{"type":"LineString","coordinates":[[-92.031723,18.342404],[-92.031368,18.344666],[-92.027321,18.347807],[-92.028943,18.351216],[-92.028238,18.353464],[-92.026772,18.354291],[-92.021607,18.354773],[-92.018739,18.359063],[-92.015288,18.362089],[-92.011541,18.361504],[-92.009221,18.363354],[-92.003169,18.370388],[-92.003484,18.378291],[-92.002538,18.37928],[-92.000313,18.379295],[-91.998686,18.379458],[-91.997893,18.38043],[-91.998623,18.386166],[-91.997921,18.388496],[-91.991975,18.393659],[-91.989284,18.394849],[-91.982519,18.392402],[-91.977575,18.386875],[-91.976549,18.387777],[-91.976197,18.394773],[-91.979242,18.399385],[-91.979378,18.403222],[-91.978108,18.407065],[-91.977306,18.409061],[-91.978548,18.412727],[-91.978289,18.416909],[-91.977098,18.418372],[-91.975205,18.418925],[-91.971542,18.417556],[-91.970823,18.418678],[-91.970078,18.425331],[-91.967107,18.426448],[-91.960551,18.424105],[-91.958365,18.423459],[-91.954465,18.423897],[-91.952812,18.422979],[-91.950587,18.419129],[-91.939473,18.416352],[-91.931316,18.416658],[-91.925628,18.417636],[-91.921732,18.41479],[-91.920559,18.412525],[-91.920472,18.409589],[-91.919054,18.408451],[-91.916086,18.409793],[-91.912755,18.412817],[-91.903518,18.413211],[-91.901162,18.4123],[-91.898243,18.406407],[-91.897059,18.405719],[-91.895405,18.405717],[-91.894217,18.406498],[-91.8929,18.407734],[-91.891482,18.4084],[-91.889232,18.408503],[-91.886393,18.408593],[-91.88366,18.408926],[-91.881411,18.410044],[-91.879046,18.410927],[-91.877259,18.410807],[-91.876088,18.409558],[-91.875623,18.407748],[-91.875051,18.406494],[-91.873038,18.405696],[-91.871026,18.405796],[-91.86869,18.406156],[-91.868181,18.40623],[-91.861092,18.405851],[-91.857057,18.406957],[-91.850126,18.406488]]}},{"type":"Feature","properties":{"gid":5682,"tipo":"Perenne","longitud":21129.270092,"denominacion_oficial":"C04_corr_agua_2003","modulo_asignado":"Mapa Base","instrumento_vigencia":"","fecha_actualizacion":"2026-07-29","fuente_custodio":"","responsable_institucional":"","proyeccion_original":"EPSG:6372","proyeccion_actual":"EPSG:4326","cobertura_territorial":"","restricciones_uso":""},"geometry":{"type":"LineString","coordinates":[[-91.935291,18.317814],[-91.933421,18.319602],[-91.932541,18.322391],[-91.929536,18.323876],[-91.928107,18.32613],[-91.925091,18.328004],[-91.92215,18.332731],[-91.918682,18.332625],[-91.917785,18.335639],[-91.914627,18.337504],[-91.913973,18.340961],[-91.912534,18.343213],[-91.904729,18.342797],[-91.898023,18.34396],[-91.893623,18.341296],[-91.889316,18.336226],[-91.887031,18.335918],[-91.880621,18.339494],[-91.878847,18.346785],[-91.877344,18.347835],[-91.873793,18.347432],[-91.872045,18.347949],[-91.867145,18.351391],[-91.864916,18.35378],[-91.865369,18.355743],[-91.869303,18.358929],[-91.869581,18.360046],[-91.859531,18.369644],[-91.858637,18.371969],[-91.861755,18.379372],[-91.860082,18.382071],[-91.857551,18.38288],[-91.8554,18.384984],[-91.849642,18.386526],[-91.845619,18.3862],[-91.843391,18.387537],[-91.84048,18.387974],[-91.838016,18.390819],[-91.835961,18.390734],[-91.833364,18.38937],[-91.831228,18.390105],[-91.830747,18.391079],[-91.831367,18.394242],[-91.833068,18.398321],[-91.834786,18.400134],[-91.837374,18.402268],[-91.841627,18.403346],[-91.843376,18.40321],[-91.845661,18.401868],[-91.848348,18.402023],[-91.849291,18.403021],[-91.850126,18.406488]]}},{"type":"Feature","properties":{"gid":5684,"tipo":"Perenne","longitud":47945.5502152,"denominacion_oficial":"C04_corr_agua_2003","modulo_asignado":"Mapa Base","instrumento_vigencia":"","fecha_actualizacion":"2026-07-29","fuente_custodio":"","responsable_institucional":"","proyeccion_original":"EPSG:6372","proyeccion_actual":"EPSG:4326","cobertura_territorial":"","restricciones_uso":""},"geometry":{"type":"LineString","coordinates":[[-91.726783,18.359158],[-91.725919,18.359153],[-91.724813,18.358697],[-91.724032,18.35809],[-91.723025,18.356579],[-91.722872,18.355452],[-91.723279,18.353711],[-91.723865,18.351983],[-91.723687,18.350555],[-91.723146,18.350174],[-91.72251,18.350547],[-91.721713,18.351291],[-91.720925,18.352416],[-91.719519,18.352918],[-91.717925,18.352401],[-91.717146,18.35164],[-91.716279,18.350283],[-91.716283,18.349603],[-91.716371,18.348548],[-91.716476,18.346142],[-91.715684,18.345308],[-91.714348,18.345144],[-91.713083,18.345665],[-91.712185,18.345857],[-91.711509,18.345121],[-91.710493,18.34399],[-91.709395,18.34406],[-91.708279,18.344873],[-91.706853,18.345773],[-91.705352,18.346667],[-91.705109,18.347494],[-91.70407,18.347786],[-91.703058,18.347099],[-91.701962,18.34589],[-91.700967,18.34359],[-91.700648,18.342271],[-91.69963,18.341285],[-91.698532,18.340602],[-91.697759,18.339524],[-91.697609,18.337727],[-91.697857,18.336828],[-91.697459,18.336446],[-91.696509,18.337198],[-91.695395,18.337865],[-91.694609,18.338083],[-91.693189,18.338149],[-91.692,18.338294],[-91.690812,18.339192],[-91.689701,18.340313],[-91.687385,18.341931],[-91.685375,18.341122],[-91.684189,18.342247],[-91.683367,18.341682],[-91.683139,18.340551],[-91.684945,18.336375],[-91.684493,18.333432],[-91.680327,18.320419],[-91.67905,18.318717],[-91.677038,18.31769],[-91.678235,18.31555],[-91.675777,18.313267],[-91.675672,18.311128],[-91.673321,18.309188],[-91.673348,18.305689],[-91.675233,18.306381],[-91.676309,18.305593],[-91.676578,18.30153],[-91.679802,18.296927],[-91.680541,18.292297],[-91.678821,18.286528],[-91.679676,18.282242],[-91.67863,18.279748],[-91.678891,18.276918],[-91.680672,18.275472],[-91.681396,18.273544],[-91.680829,18.270494],[-91.673348,18.260056],[-91.673235,18.257898],[-91.675511,18.255552],[-91.676244,18.2525],[-91.675539,18.251146],[-91.670372,18.247044],[-91.669351,18.240706],[-91.669885,18.232127],[-91.668033,18.227364],[-91.670188,18.224339],[-91.67021,18.221284],[-91.665753,18.215834],[-91.665295,18.214242],[-91.667224,18.209179],[-91.672438,18.207742],[-91.674613,18.206214],[-91.675312,18.20336],[-91.672869,18.198258],[-91.673835,18.195776],[-91.676333,18.192974],[-91.676008,18.189242],[-91.67673,18.187333],[-91.684703,18.179366],[-91.686384,18.176326],[-91.68724,18.173284],[-91.685276,18.16661],[-91.685187,18.163892],[-91.686873,18.159274],[-91.689262,18.15602],[-91.686581,18.149669],[-91.686965,18.146847],[-91.691138,18.141567],[-91.698252,18.137776],[-91.699686,18.135861],[-91.699701,18.133142],[-91.695502,18.126687],[-91.694945,18.122622],[-91.691476,18.118566],[-91.691212,18.116153],[-91.691713,18.112651],[-91.692786,18.110739],[-91.69694,18.107715],[-91.69719,18.10591],[-91.695561,18.102851],[-91.690757,18.097397],[-91.686944,18.085963],[-91.688497,18.083712],[-91.692761,18.081485],[-91.69542,18.073362],[-91.690959,18.069274],[-91.688049,18.064621],[-91.685284,18.056016],[-91.682933,18.053633],[-91.681652,18.051014],[-91.679376,18.039705],[-91.675987,18.035509],[-91.675796,18.029738]]}},{"type":"Feature","properties":{"gid":5685,"tipo":"Perenne","longitud":32226.119395,"denominacion_oficial":"C04_corr_agua_2003","modulo_asignado":"Mapa Base","instrumento_vigencia":"","fecha_actualizacion":"2026-07-29","fuente_custodio":"","responsable_institucional":"","proyeccion_original":"EPSG:6372","proyeccion_actual":"EPSG:4326","cobertura_territorial":"","restricciones_uso":""},"geometry":{"type":"LineString","coordinates":[[-91.535567,18.325572],[-91.537215,18.325387],[-91.538102,18.32534],[-91.538231,18.325014],[-91.538109,18.324497],[-91.53876,18.324561],[-91.540182,18.324342],[-91.541549,18.32373],[-91.543738,18.323184],[-91.545347,18.322634],[-91.546464,18.322068],[-91.547305,18.321746],[-91.548546,18.321415],[-91.549905,18.321537],[-91.550909,18.321199],[-91.55151,18.320533],[-91.551637,18.319626],[-91.55141,18.318494],[-91.550879,18.318103],[-91.550757,18.317587],[-91.551302,18.317425],[-91.552659,18.317438],[-91.554077,18.317156],[-91.55503,18.316605],[-91.555807,18.315761],[-91.555983,18.315202],[-91.556408,18.314978],[-91.556876,18.315319],[-91.556635,18.316109],[-91.556746,18.316897],[-91.557217,18.317075],[-91.558337,18.316963],[-91.559467,18.31647],[-91.560126,18.315917],[-91.561264,18.314445],[-91.561855,18.313552],[-91.56192,18.312704],[-91.561812,18.31237],[-91.561392,18.312023],[-91.560334,18.311958],[-91.558734,18.311892],[-91.557619,18.311434],[-91.556561,18.311369],[-91.555378,18.311305],[-91.554248,18.309448],[-91.554804,18.308126],[-91.554624,18.307624],[-91.55447,18.306661],[-91.555004,18.305645],[-91.556018,18.304419],[-91.556622,18.303236],[-91.556871,18.301712],[-91.556703,18.300303],[-91.55595,18.2986],[-91.554377,18.296322],[-91.55385,18.295133],[-91.553631,18.293159],[-91.554015,18.289375],[-91.554645,18.285601],[-91.555663,18.283966],[-91.556614,18.283189],[-91.556794,18.282457],[-91.55681,18.280871],[-91.556512,18.27968],[-91.556053,18.278605],[-91.555893,18.277587],[-91.555296,18.276956],[-91.554298,18.276841],[-91.553463,18.276837],[-91.553168,18.277343],[-91.55358,18.277916],[-91.554341,18.278649],[-91.554463,18.279157],[-91.55381,18.278757],[-91.552988,18.277965],[-91.551516,18.276593],[-91.55082,18.276018],[-91.549929,18.275738],[-91.548278,18.274988],[-91.546575,18.274525],[-91.545679,18.275079],[-91.545326,18.275472],[-91.545978,18.275762],[-91.545796,18.276158],[-91.544196,18.276091],[-91.541596,18.276064],[-91.540645,18.276342],[-91.539349,18.276279],[-91.538696,18.275871],[-91.538053,18.274964],[-91.537652,18.273503],[-91.537075,18.271739],[-91.53703,18.27072],[-91.53775,18.26999],[-91.538689,18.270002],[-91.539926,18.270351],[-91.540745,18.270807],[-91.541805,18.271725],[-91.542277,18.272628],[-91.543271,18.272916],[-91.543984,18.27253],[-91.544462,18.271747],[-91.544456,18.271692],[-91.54424,18.270552],[-91.5436,18.269483],[-91.543131,18.268171],[-91.542904,18.267039],[-91.542853,18.266083],[-91.543528,18.264334],[-91.544295,18.26349],[-91.545611,18.262548],[-91.546671,18.262104],[-91.547862,18.261544],[-91.547922,18.260759],[-91.547768,18.25917],[-91.547305,18.258149],[-91.546414,18.257633],[-91.545009,18.256891],[-91.54388,18.256377],[-91.543077,18.254842],[-91.542307,18.25399],[-91.540194,18.252564],[-91.538383,18.250796],[-91.537852,18.248926],[-91.537876,18.247005],[-91.539074,18.244875],[-91.540031,18.243409],[-91.541409,18.2419],[-91.542069,18.24083],[-91.542607,18.239879],[-91.543319,18.239258],[-91.54368,18.238639],[-91.543512,18.237729],[-91.542212,18.237221],[-91.540863,18.236864],[-91.538735,18.236516],[-91.537254,18.236277],[-91.535909,18.235248],[-91.534665,18.234499],[-91.533252,18.234491],[-91.531946,18.235053],[-91.53189,18.235049],[-91.530997,18.235549],[-91.530532,18.235426],[-91.5303,18.234866],[-91.530833,18.233969],[-91.531243,18.233208],[-91.531885,18.231639],[-91.53221,18.230736],[-91.532226,18.229295],[-91.531598,18.228317],[-91.530659,18.227934],[-91.529717,18.22785],[-91.528829,18.228903],[-91.527647,18.229347],[-91.526463,18.229563],[-91.525208,18.229095],[-91.524666,18.228485],[-91.524443,18.227427],[-91.524599,18.226386],[-91.525168,18.225028],[-91.525974,18.222926],[-91.526057,18.221726],[-91.52607,18.220067],[-91.525215,18.219082],[-91.524051,18.217794],[-91.522161,18.216945],[-91.520586,18.216327],[-91.518622,18.216317],[-91.517053,18.215481],[-91.515409,18.214033],[-91.514212,18.212562],[-91.514572,18.210337],[-91.515374,18.208915],[-91.516409,18.207418],[-91.517295,18.206138],[-91.517611,18.205235],[-91.517538,18.205067],[-91.517307,18.204488],[-91.515973,18.203197],[-91.511386,18.205724],[-91.508229,18.205549],[-91.508801,18.204038],[-91.511649,18.202414],[-91.51253,18.200453],[-91.511039,18.19985],[-91.507718,18.201323],[-91.505434,18.201163],[-91.508795,18.194704],[-91.508663,18.192219],[-91.507964,18.191689],[-91.502991,18.192556],[-91.50248,18.191432],[-91.505862,18.188658],[-91.50811,18.182729],[-91.505997,18.180831],[-91.502996,18.181482],[-91.501438,18.181019],[-91.503181,18.179074],[-91.505788,18.178494],[-91.507807,18.172332]]}},{"type":"Feature","properties":{"gid":5686,"tipo":"Perenne","longitud":19721.4078296,"denominacion_oficial":"C04_corr_agua_2003","modulo_asignado":"Mapa Base","instrumento_vigencia":"","fecha_actualizacion":"2026-07-29","fuente_custodio":"","responsable_institucional":"","proyeccion_original":"EPSG:6372","proyeccion_actual":"EPSG:4326","cobertura_territorial":"","restricciones_uso":""},"geometry":{"type":"LineString","coordinates":[[-91.513997,18.337445],[-91.511678,18.339197],[-91.510904,18.339869],[-91.510768,18.340776],[-91.511419,18.341456],[-91.512413,18.34237],[-91.513704,18.344356],[-91.514713,18.345443],[-91.515276,18.345781],[-91.515827,18.345049],[-91.516368,18.34319],[-91.516686,18.340536],[-91.519944,18.340165],[-91.520256,18.341675],[-91.520812,18.342721],[-91.520631,18.343225],[-91.519784,18.34362],[-91.519257,18.34429],[-91.519483,18.345304],[-91.520077,18.34599],[-91.520624,18.346046],[-91.522308,18.347252],[-91.523247,18.347763],[-91.524671,18.34778],[-91.525029,18.348059],[-91.525336,18.349133],[-91.525344,18.349279],[-91.524469,18.350034],[-91.523166,18.350306],[-91.52293,18.351152],[-91.523157,18.352283],[-91.522695,18.353222],[-91.521537,18.353957],[-91.520174,18.354016],[-91.519404,18.354516],[-91.519147,18.355768],[-91.51886,18.356537],[-91.518309,18.35678],[-91.518071,18.358514],[-91.517224,18.359779],[-91.516218,18.361369],[-91.515264,18.362046],[-91.514183,18.362887],[-91.513174,18.363896],[-91.511913,18.366085],[-91.511433,18.368383],[-91.510752,18.370204],[-91.51033,18.37149],[-91.510146,18.373138],[-91.510476,18.374658],[-91.510653,18.37545],[-91.510286,18.375905],[-91.509459,18.376519],[-91.508859,18.377529],[-91.506369,18.381374],[-91.507034,18.383108],[-91.507926,18.383615],[-91.508211,18.384243],[-91.508141,18.385145],[-91.508202,18.385839],[-91.50891,18.38578],[-91.509912,18.385723],[-91.510266,18.386065],[-91.510195,18.386741],[-91.509506,18.387173],[-91.508888,18.387919],[-91.507784,18.389185],[-91.507178,18.390757],[-91.506956,18.39242],[-91.50553,18.393536],[-91.504335,18.395113],[-91.504607,18.396148],[-91.505396,18.397383],[-91.505929,18.399108],[-91.506506,18.400128],[-91.50602,18.401255],[-91.504823,18.402369],[-91.502922,18.403488],[-91.500437,18.404031],[-91.498778,18.404359],[-91.496279,18.405581],[-91.495237,18.407015],[-91.495039,18.407872],[-91.495687,18.409323],[-91.497094,18.410683],[-91.499447,18.412463],[-91.501051,18.413609],[-91.501987,18.413793],[-91.502893,18.413266],[-91.50489,18.412009],[-91.506317,18.411619],[-91.507689,18.411579],[-91.508357,18.411544],[-91.509704,18.41269],[-91.510048,18.414275],[-91.509567,18.415965],[-91.508607,18.417204],[-91.506556,18.418785],[-91.505756,18.420289],[-91.505508,18.421787],[-91.505343,18.422692],[-91.505405,18.424121],[-91.505244,18.425099],[-91.504676,18.42593],[-91.50373,18.426744],[-91.502853,18.427635],[-91.502054,18.428015],[-91.501343,18.428981],[-91.500707,18.429962],[-91.500138,18.430929],[-91.499352,18.431382],[-91.497686,18.431665],[-91.495953,18.432324],[-91.494916,18.433077],[-91.494039,18.434349],[-91.493235,18.4354],[-91.492048,18.436133],[-91.490705,18.436656],[-91.489398,18.437581],[-91.488627,18.438588],[-91.487493,18.43948],[-91.486542,18.439976],[-91.485176,18.440814],[-91.484401,18.441486],[-91.483271,18.442949],[-91.482306,18.444125],[-91.481291,18.44497],[-91.480938,18.445471],[-91.480748,18.44671],[-91.480322,18.447551],[-91.479429,18.448396]]}},{"type":"Feature","properties":{"gid":5688,"tipo":"Perenne","longitud":44651.8787746,"denominacion_oficial":"C04_corr_agua_2003","modulo_asignado":"Mapa Base","instrumento_vigencia":"","fecha_actualizacion":"2026-07-29","fuente_custodio":"","responsable_institucional":"","proyeccion_original":"EPSG:6372","proyeccion_actual":"EPSG:4326","cobertura_territorial":"","restricciones_uso":""},"geometry":{"type":"LineString","coordinates":[[-91.318661,18.359704],[-91.319359,18.360734],[-91.319117,18.361524],[-91.317335,18.36196],[-91.317199,18.364663],[-91.319178,18.367063],[-91.321188,18.367977],[-91.318326,18.381619],[-91.317259,18.382741],[-91.31394,18.383503],[-91.312359,18.387437],[-91.309032,18.388533],[-91.30853,18.391918],[-91.31004,18.395211],[-91.306957,18.395744],[-91.306592,18.396644],[-91.308805,18.400059],[-91.309039,18.401083],[-91.30819,18.402084],[-91.305347,18.403079],[-91.302403,18.40158],[-91.300979,18.401687],[-91.299903,18.402799],[-91.300472,18.40597],[-91.302216,18.408581],[-91.302082,18.41005],[-91.299464,18.412168],[-91.300857,18.41489],[-91.300369,18.415908],[-91.297049,18.416669],[-91.296446,18.417452],[-91.296795,18.418693],[-91.300084,18.420878],[-91.300309,18.421892],[-91.298869,18.424258],[-91.30002,18.427761],[-91.299033,18.431138],[-91.299381,18.432161],[-91.301259,18.433194],[-91.30137,18.434327],[-91.29839,18.436555],[-91.293598,18.442384],[-91.292173,18.442373],[-91.289713,18.440891],[-91.284845,18.441859],[-91.280605,18.439786],[-91.279544,18.440228],[-91.277616,18.443593],[-91.275377,18.442444],[-91.274887,18.443234],[-91.277565,18.448117],[-91.279057,18.453097],[-91.278789,18.456027],[-91.2802,18.457062],[-91.283515,18.456755],[-91.284582,18.45733],[-91.285267,18.459139],[-91.281508,18.468145],[-91.283914,18.476629],[-91.28676,18.47587],[-91.287568,18.477571],[-91.286738,18.478582],[-91.281517,18.479543],[-91.281144,18.480669],[-91.282198,18.48226],[-91.285976,18.483201],[-91.288319,18.485828],[-91.288301,18.487514],[-91.287564,18.489994],[-91.286474,18.492012],[-91.285167,18.493026],[-91.284219,18.493466],[-91.282089,18.493224],[-91.280434,18.49286],[-91.279255,18.492849],[-91.278292,18.49386],[-91.276495,18.495537],[-91.274123,18.496312],[-91.271643,18.496398],[-91.270223,18.495706],[-91.269287,18.494795],[-91.267632,18.494668],[-91.266092,18.49454],[-91.264661,18.4952],[-91.262644,18.496662],[-91.261676,18.498562],[-91.261888,18.500945],[-91.263045,18.50366],[-91.264334,18.504687],[-91.265148,18.505943],[-91.264415,18.508976],[-91.263084,18.510778],[-91.261778,18.511782],[-91.259636,18.512773],[-91.258321,18.514013],[-91.257352,18.515813],[-91.25699,18.517266],[-91.257322,18.518969],[-91.258382,18.519889],[-91.260158,18.519562],[-91.261475,18.518785],[-91.262788,18.517327],[-91.26411,18.515643],[-91.264941,18.514749],[-91.266482,18.514869],[-91.268002,18.516466],[-91.268934,18.518284],[-91.269151,18.51976],[-91.268966,18.520419],[-91.268658,18.52144],[-91.267821,18.523014],[-91.267335,18.524595],[-91.267079,18.5264],[-91.267879,18.528327],[-91.26894,18.529347],[-91.269878,18.530603],[-91.270096,18.532188],[-91.269847,18.533541],[-91.26888,18.535677],[-91.26637,18.537231],[-91.265307,18.537446],[-91.263651,18.537327],[-91.261636,18.537419],[-91.260916,18.537858],[-91.257725,18.538401],[-91.256408,18.539296],[-91.255682,18.540297],[-91.256262,18.541999],[-91.257547,18.543924],[-91.258932,18.546873],[-91.2608,18.549375],[-91.262201,18.551772],[-91.262632,18.555723],[-91.262258,18.558428],[-91.261518,18.560572],[-91.260087,18.561459],[-91.257597,18.561662],[-91.254877,18.561522],[-91.253335,18.561284],[-91.251799,18.561946],[-91.251082,18.562956],[-91.251875,18.565563],[-91.254336,18.568517],[-91.255972,18.57034],[-91.256435,18.571589],[-91.259236,18.57591],[-91.261705,18.57694],[-91.263599,18.577302],[-91.264416,18.578894],[-91.265448,18.581382],[-91.265424,18.583867],[-91.263875,18.585663],[-91.261603,18.58756],[-91.25935,18.587762],[-91.25804,18.588204],[-91.256359,18.590217],[-91.255611,18.594275],[-91.254386,18.598226],[-91.240501,18.612553]]}},{"type":"Feature","properties":{"gid":5689,"tipo":"Perenne","longitud":33858.3885865,"denominacion_oficial":"C04_corr_agua_2003","modulo_asignado":"Mapa Base","instrumento_vigencia":"","fecha_actualizacion":"2026-07-29","fuente_custodio":"","responsable_institucional":"","proyeccion_original":"EPSG:6372","proyeccion_actual":"EPSG:4326","cobertura_territorial":"","restricciones_uso":""},"geometry":{"type":"LineString","coordinates":[[-91.225877,18.627416],[-91.225114,18.624775],[-91.223151,18.622873],[-91.221598,18.6212],[-91.220583,18.619457],[-91.220453,18.617732],[-91.220782,18.616222],[-91.222292,18.614815],[-91.223175,18.613762],[-91.223424,18.612182],[-91.224002,18.609555],[-91.223866,18.608274],[-91.223073,18.60819],[-91.221093,18.608547],[-91.218564,18.608148],[-91.215818,18.607597],[-91.212974,18.607565],[-91.211876,18.606651],[-91.209652,18.608289],[-91.208028,18.611966],[-91.205337,18.61337],[-91.201695,18.613562],[-91.199736,18.612568],[-91.197797,18.609533],[-91.197176,18.607873],[-91.19607,18.608011],[-91.193841,18.609721],[-91.190118,18.610442],[-91.188923,18.611473],[-91.187948,18.614407],[-91.186594,18.615517],[-91.185311,18.617167],[-91.183975,18.61708],[-91.182328,18.616008],[-91.181398,18.614652],[-91.180169,18.61057],[-91.177509,18.608581],[-91.1735,18.606441],[-91.167602,18.604354],[-91.165084,18.603564],[-91.163278,18.602572],[-91.162733,18.601289],[-91.162918,18.59956],[-91.163646,18.59806],[-91.163653,18.596781],[-91.1632,18.595051],[-91.163057,18.593606],[-91.162629,18.589536],[-91.161942,18.588951],[-91.160835,18.588027],[-91.158631,18.586425],[-91.157552,18.584904],[-91.156033,18.583424],[-91.155229,18.582394],[-91.154983,18.581415],[-91.154127,18.579973],[-91.152648,18.578459],[-91.151248,18.575962],[-91.148063,18.571484],[-91.146936,18.566274],[-91.145367,18.564455],[-91.143795,18.564595],[-91.144599,18.562865],[-91.141556,18.559605],[-91.137937,18.558807],[-91.132621,18.554093],[-91.128545,18.551865],[-91.120828,18.549464],[-91.112398,18.548017],[-91.099189,18.543147],[-91.098962,18.54992],[-91.094108,18.553034],[-91.093062,18.555282],[-91.088399,18.554925],[-91.084114,18.557219],[-91.081745,18.556974],[-91.079823,18.559584],[-91.077314,18.559184],[-91.075788,18.560897],[-91.073974,18.561328],[-91.072234,18.560711],[-91.070888,18.561829],[-91.068291,18.560751],[-91.068657,18.562711],[-91.067301,18.564428],[-91.065247,18.564405],[-91.063967,18.566726],[-91.059266,18.569688],[-91.05871,18.570809],[-91.057671,18.571178],[-91.054941,18.569264],[-91.052724,18.56902],[-91.04913,18.572525],[-91.043024,18.57532],[-91.04122,18.574317],[-91.039796,18.574386],[-91.037617,18.572248],[-91.034392,18.571168],[-91.032182,18.571061],[-91.028843,18.573059],[-91.026239,18.567568],[-91.022985,18.566014],[-91.019817,18.563277],[-91.012368,18.562406],[-91.010932,18.561565]]}},{"type":"Feature","properties":{"gid":5690,"tipo":"Perenne","longitud":6930.28084558,"denominacion_oficial":"C04_corr_agua_2003","modulo_asignado":"Mapa Base","instrumento_vigencia":"","fecha_actualizacion":"2026-07-29","fuente_custodio":"","responsable_institucional":"","proyeccion_original":"EPSG:6372","proyeccion_actual":"EPSG:4326","cobertura_territorial":"","restricciones_uso":""},"geometry":{"type":"LineString","coordinates":[[-91.284458,18.241382],[-91.282145,18.24206],[-91.280601,18.239718],[-91.281317,18.238816],[-91.280293,18.237827],[-91.278246,18.238633],[-91.277861,18.237127],[-91.278508,18.236384],[-91.277645,18.235397],[-91.275917,18.235527],[-91.274081,18.23702],[-91.273309,18.235731],[-91.273563,18.234306],[-91.272457,18.233765],[-91.271305,18.230897],[-91.274649,18.227236],[-91.276418,18.223933],[-91.276421,18.223035],[-91.272388,18.217576],[-91.270783,18.212145],[-91.271071,18.207022],[-91.273157,18.203652],[-91.274455,18.199454],[-91.273142,18.196947]]}},{"type":"Feature","properties":{"gid":5691,"tipo":"Perenne","longitud":3874.47039442,"denominacion_oficial":"C04_corr_agua_2003","modulo_asignado":"Mapa Base","instrumento_vigencia":"","fecha_actualizacion":"2026-07-29","fuente_custodio":"","responsable_institucional":"","proyeccion_original":"EPSG:6372","proyeccion_actual":"EPSG:4326","cobertura_territorial":"","restricciones_uso":""},"geometry":{"type":"LineString","coordinates":[[-91.189209,18.162529],[-91.185914,18.163525],[-91.182986,18.161672],[-91.180845,18.161989],[-91.177384,18.165676],[-91.176249,18.171626],[-91.174187,18.175015],[-91.169506,18.177335],[-91.167716,18.17657],[-91.163033,18.176622]]}},{"type":"Feature","properties":{"gid":5692,"tipo":"Perenne","longitud":1185.90025305,"denominacion_oficial":"C04_corr_agua_2003","modulo_asignado":"Mapa Base","instrumento_vigencia":"","fecha_actualizacion":"2026-07-29","fuente_custodio":"","responsable_institucional":"","proyeccion_original":"EPSG:6372","proyeccion_actual":"EPSG:4326","cobertura_territorial":"","restricciones_uso":""},"geometry":{"type":"LineString","coordinates":[[-91.019399,18.141957],[-91.017325,18.144036],[-91.015687,18.142819],[-91.012693,18.14347],[-91.01003,18.142014]]}},{"type":"Feature","properties":{"gid":5694,"tipo":"Perenne","longitud":1893.63164793,"denominacion_oficial":"C04_corr_agua_2003","modulo_asignado":"Mapa Base","instrumento_vigencia":"","fecha_actualizacion":"2026-07-29","fuente_custodio":"","responsable_institucional":"","proyeccion_original":"EPSG:6372","proyeccion_actual":"EPSG:4326","cobertura_territorial":"","restricciones_uso":""},"geometry":{"type":"LineString","coordinates":[[-91.129528,17.768205],[-91.13096,17.768871],[-91.1326,17.769906],[-91.133403,17.771606],[-91.133309,17.780311],[-91.133892,17.781668],[-91.135531,17.782241]]}},{"type":"Feature","properties":{"gid":5695,"tipo":"Perenne","longitud":4989.78309413,"denominacion_oficial":"C04_corr_agua_2003","modulo_asignado":"Mapa Base","instrumento_vigencia":"","fecha_actualizacion":"2026-07-29","fuente_custodio":"","responsable_institucional":"","proyeccion_original":"EPSG:6372","proyeccion_actual":"EPSG:4326","cobertura_territorial":"","restricciones_uso":""},"geometry":{"type":"LineString","coordinates":[[-91.189209,18.162529],[-91.188453,18.167183],[-91.185367,18.168284],[-91.181552,18.171411],[-91.1813,18.172917],[-91.182077,18.173526],[-91.183499,18.173311],[-91.184035,18.174448],[-91.181377,18.180216],[-91.174194,18.181883],[-91.170947,18.182982],[-91.167971,18.182576],[-91.165773,18.181328],[-91.163033,18.176622]]}},{"type":"Feature","properties":{"gid":5700,"tipo":"Perenne","longitud":41682.2119168,"denominacion_oficial":"C04_corr_agua_2003","modulo_asignado":"Mapa Base","instrumento_vigencia":"","fecha_actualizacion":"2026-07-29","fuente_custodio":"","responsable_institucional":"","proyeccion_original":"EPSG:6372","proyeccion_actual":"EPSG:4326","cobertura_territorial":"","restricciones_uso":""},"geometry":{"type":"LineString","coordinates":[[-91.966762,18.203155],[-91.959488,18.202205],[-91.957353,18.20169],[-91.952302,18.198776],[-91.944281,18.198701],[-91.937602,18.196366],[-91.930355,18.196088],[-91.92636,18.197896],[-91.922809,18.197802],[-91.920998,18.199331],[-91.917268,18.199488],[-91.913093,18.200776],[-91.907932,18.195105],[-91.905542,18.191108],[-91.90361,18.19106],[-91.901779,18.187327],[-91.898962,18.18604],[-91.897385,18.182987],[-91.889545,18.175457],[-91.888118,18.173974],[-91.888405,18.172397],[-91.885802,18.173872],[-91.884345,18.17215],[-91.881864,18.176063],[-91.880392,18.176462],[-91.879735,18.175602],[-91.878797,18.174822],[-91.877953,18.174049],[-91.876818,18.173228],[-91.876635,18.172373],[-91.876685,18.172331],[-91.876463,18.171101],[-91.874449,18.169351],[-91.87274,18.16783],[-91.872179,18.167329],[-91.871902,18.166467],[-91.872239,18.165882],[-91.872792,18.165466],[-91.873516,18.165171],[-91.873249,18.163384],[-91.875182,18.162645],[-91.875619,18.160978],[-91.874745,18.158172],[-91.876823,18.157777],[-91.877778,18.156155],[-91.877311,18.155026],[-91.875757,18.154613],[-91.874266,18.151574],[-91.874818,18.14706],[-91.872813,18.142753],[-91.874258,18.1377],[-91.876316,18.134503],[-91.876752,18.132066],[-91.875681,18.129618],[-91.8765,18.128422],[-91.873199,18.126258],[-91.871858,18.121053],[-91.873521,18.112933],[-91.875047,18.111268],[-91.875839,18.104539],[-91.869264,18.092035],[-91.865248,18.084556],[-91.850419,18.075382],[-91.847211,18.075182],[-91.844062,18.072639],[-91.84229,18.072382],[-91.838622,18.073004],[-91.837105,18.074034],[-91.83088,18.073231],[-91.829172,18.074393],[-91.827522,18.073891],[-91.824046,18.070663],[-91.822779,18.062072],[-91.815595,18.055563],[-91.81344,18.052298],[-91.812305,18.047043],[-91.814262,18.042906],[-91.813339,18.039126],[-91.814541,18.036352],[-91.818113,18.032152],[-91.818363,18.030193],[-91.81673,18.0268],[-91.812599,18.021949],[-91.8085,18.008008],[-91.804789,18.004781],[-91.803673,18.001822],[-91.799132,17.99639],[-91.791287,17.991304],[-91.784117,17.985439],[-91.782184,17.982007],[-91.773925,17.971833]]}},{"type":"Feature","properties":{"gid":5709,"tipo":"Perenne","longitud":45824.287655,"denominacion_oficial":"C04_corr_agua_2003","modulo_asignado":"Mapa Base","instrumento_vigencia":"","fecha_actualizacion":"2026-07-29","fuente_custodio":"","responsable_institucional":"","proyeccion_original":"EPSG:6372","proyeccion_actual":"EPSG:4326","cobertura_territorial":"","restricciones_uso":""},"geometry":{"type":"LineString","coordinates":[[-91.505134,18.124802],[-91.503801,18.124863],[-91.502446,18.123979],[-91.502392,18.123948],[-91.502413,18.123914],[-91.503742,18.121921],[-91.503067,18.121075],[-91.502106,18.119883],[-91.503392,18.11981],[-91.50463,18.119743],[-91.504173,18.11816],[-91.503785,18.118269],[-91.501256,18.118971],[-91.501408,18.11822],[-91.500786,18.117923],[-91.498983,18.117071],[-91.495985,18.117577],[-91.494896,18.116811],[-91.4948,18.117947],[-91.492524,18.118069],[-91.49168,18.118436],[-91.489434,18.119403],[-91.489443,18.118542],[-91.48945,18.11759],[-91.486221,18.117273],[-91.483803,18.114917],[-91.48112,18.114901],[-91.477911,18.113587],[-91.474022,18.107682],[-91.472657,18.106688],[-91.472217,18.106358],[-91.471132,18.105556],[-91.469008,18.104935],[-91.468143,18.105074],[-91.46459,18.105649],[-91.453538,18.09991],[-91.453314,18.099749],[-91.451109,18.098089],[-91.450096,18.097328],[-91.445448,18.098198],[-91.442629,18.094426],[-91.438934,18.08701],[-91.438556,18.086257],[-91.434606,18.084473],[-91.433746,18.084077],[-91.427562,18.082743],[-91.423953,18.081962],[-91.421117,18.081716],[-91.419993,18.08228],[-91.417321,18.083597],[-91.416031,18.083361],[-91.415039,18.081967],[-91.414979,18.08189],[-91.412034,18.080358],[-91.40446,18.081318],[-91.399155,18.081985],[-91.393419,18.077081],[-91.393411,18.077062],[-91.392988,18.071999],[-91.390893,18.068812],[-91.39049,18.068621],[-91.38384,18.065365],[-91.38362,18.065395],[-91.37867,18.065896],[-91.376496,18.067519],[-91.376133,18.067793],[-91.373298,18.06878],[-91.368807,18.06886],[-91.360041,18.071602],[-91.354042,18.069742],[-91.347817,18.065291],[-91.341907,18.065695],[-91.340151,18.064999],[-91.336609,18.065191],[-91.334754,18.064415],[-91.331249,18.064981],[-91.328464,18.064221],[-91.32826,18.064043],[-91.326973,18.062908],[-91.323832,18.060154],[-91.323623,18.057727],[-91.323469,18.055929],[-91.320163,18.052365],[-91.31914,18.051267],[-91.317021,18.050227],[-91.309481,18.048691],[-91.300079,18.044655],[-91.29921,18.043885],[-91.296452,18.041457],[-91.292367,18.036231],[-91.289848,18.034863],[-91.288138,18.033933],[-91.285919,18.03177],[-91.284509,18.029193],[-91.283248,18.02689],[-91.280204,18.024496],[-91.279923,18.024331],[-91.277993,18.023195],[-91.259546,18.012331],[-91.256054,18.011047],[-91.25296,18.0099],[-91.251685,18.008629],[-91.249093,18.006031],[-91.248979,18.005914],[-91.24897,18.005795],[-91.248551,18.001829],[-91.246914,18.000587],[-91.246346,17.998769],[-91.244702,17.997744],[-91.244012,17.99627],[-91.244155,17.99288],[-91.243113,17.991064],[-91.23961,17.987529],[-91.235254,17.98591],[-91.232801,17.984083],[-91.228617,17.983673],[-91.227724,17.983581],[-91.223966,17.982077],[-91.217412,17.976372],[-91.215929,17.97632],[-91.21316,17.97622],[-91.211109,17.976761],[-91.210683,17.976876],[-91.210354,17.976834],[-91.204316,17.976027],[-91.203242,17.977146],[-91.202113,17.97692],[-91.200882,17.976667],[-91.197918,17.978449],[-91.192723,17.979198],[-91.192444,17.979005],[-91.185226,17.973931],[-91.184592,17.974284],[-91.183083,17.975146],[-91.18032,17.979417],[-91.169289,17.985411]]}},{"type":"Feature","properties":{"gid":5707,"tipo":"Perenne","longitud":44659.2524357,"denominacion_oficial":"C04_corr_agua_2003","modulo_asignado":"Mapa Base","instrumento_vigencia":"","fecha_actualizacion":"2026-07-29","fuente_custodio":"","responsable_institucional":"","proyeccion_original":"EPSG:6372","proyeccion_actual":"EPSG:4326","cobertura_territorial":"","restricciones_uso":""},"geometry":{"type":"LineString","coordinates":[[-91.590377,17.904796],[-91.591689,17.906836],[-91.595846,17.908966],[-91.599858,17.909381],[-91.60403,17.908801],[-91.611696,17.913232],[-91.615055,17.914136],[-91.615705,17.914308],[-91.622174,17.922417],[-91.624721,17.928686],[-91.622953,17.933641],[-91.623367,17.941557],[-91.622118,17.946039],[-91.621497,17.948236],[-91.62241,17.952315],[-91.621663,17.953805],[-91.62105,17.955013],[-91.622008,17.964509],[-91.621584,17.967979],[-91.620123,17.971377],[-91.619974,17.971721],[-91.620058,17.972742],[-91.620412,17.977073],[-91.617014,17.987899],[-91.617427,17.999079],[-91.617531,18.001825],[-91.617623,18.006492],[-91.618723,18.007982],[-91.619892,18.00956],[-91.619415,18.01785],[-91.61843,18.019595],[-91.616721,18.022641],[-91.617374,18.02527],[-91.617636,18.026313],[-91.617069,18.026927],[-91.613829,18.03041],[-91.615168,18.032117],[-91.614172,18.033753],[-91.615175,18.037032],[-91.615364,18.037653],[-91.614506,18.040595],[-91.612821,18.046444],[-91.614524,18.047478],[-91.616561,18.051491],[-91.616187,18.052798],[-91.61546,18.055387],[-91.618512,18.057276],[-91.619952,18.06191],[-91.618119,18.063705],[-91.615714,18.068661],[-91.608885,18.073075],[-91.608569,18.076236],[-91.607236,18.079444],[-91.60812,18.081029],[-91.606606,18.086238],[-91.606529,18.086505],[-91.607172,18.088027],[-91.607963,18.088726],[-91.609749,18.090301],[-91.609985,18.092439],[-91.610178,18.094139],[-91.610525,18.09731],[-91.608957,18.100983],[-91.605086,18.106255],[-91.600512,18.109664],[-91.596896,18.109585],[-91.595003,18.108665],[-91.593841,18.108104],[-91.592138,18.108421],[-91.589984,18.110438],[-91.589837,18.111371],[-91.589813,18.111569],[-91.589736,18.112071],[-91.59102,18.114401],[-91.591293,18.117167],[-91.595018,18.123557],[-91.595026,18.123575],[-91.595706,18.126352],[-91.594228,18.127583],[-91.592715,18.131014],[-91.592816,18.133561],[-91.586496,18.13995],[-91.582064,18.141102],[-91.579711,18.143985],[-91.579556,18.14801],[-91.579515,18.14905],[-91.580564,18.149595],[-91.58228,18.150485],[-91.582571,18.151394],[-91.582674,18.154032],[-91.581952,18.154662],[-91.581602,18.155272],[-91.581141,18.156092],[-91.580848,18.157324],[-91.580317,18.159563],[-91.578663,18.16011],[-91.578214,18.160024],[-91.571693,18.1587],[-91.569961,18.159395],[-91.568082,18.160153],[-91.565596,18.16028],[-91.557083,18.158081],[-91.556228,18.157858],[-91.556142,18.157979],[-91.555511,18.158924],[-91.551303,18.16048],[-91.547376,18.163943],[-91.546425,18.164221],[-91.5438,18.162941],[-91.54279,18.165482],[-91.541206,18.166723],[-91.536566,18.163252],[-91.534999,18.15956],[-91.53122,18.159477],[-91.525113,18.161916],[-91.522811,18.161129],[-91.520926,18.162331],[-91.52084,18.164819],[-91.518591,18.166067],[-91.518352,18.166205],[-91.51735,18.168266],[-91.515998,18.171055],[-91.514288,18.171208],[-91.513822,18.170722],[-91.513295,18.170177],[-91.511736,18.171084],[-91.511269,18.17135],[-91.510928,18.171218],[-91.510033,18.170892],[-91.510111,18.17136],[-91.510257,18.172304],[-91.507807,18.172332]]}},{"type":"Feature","properties":{"gid":5708,"tipo":"Perenne","longitud":9195.49669612,"denominacion_oficial":"C04_corr_agua_2003","modulo_asignado":"Mapa Base","instrumento_vigencia":"","fecha_actualizacion":"2026-07-29","fuente_custodio":"","responsable_institucional":"","proyeccion_original":"EPSG:6372","proyeccion_actual":"EPSG:4326","cobertura_territorial":"","restricciones_uso":""},"geometry":{"type":"LineString","coordinates":[[-91.507807,18.172332],[-91.507583,18.17179],[-91.506031,18.168027],[-91.504075,18.166429],[-91.50544,18.162979],[-91.505365,18.162847],[-91.502258,18.157223],[-91.502994,18.154672],[-91.501757,18.152254],[-91.50429,18.150772],[-91.504929,18.149112],[-91.504314,18.147609],[-91.503525,18.147381],[-91.501307,18.149466],[-91.500291,18.14885],[-91.499281,18.146812],[-91.500078,18.146069],[-91.502277,18.146087],[-91.502682,18.144891],[-91.501516,18.143894],[-91.501209,18.142085],[-91.499634,18.142828],[-91.498691,18.142517],[-91.495564,18.138506],[-91.495729,18.137974],[-91.497073,18.138748],[-91.498856,18.140488],[-91.499732,18.140195],[-91.498273,18.135595],[-91.500446,18.130641],[-91.503208,18.129755],[-91.504688,18.132099],[-91.506111,18.131727],[-91.506087,18.130927],[-91.506041,18.129174],[-91.505342,18.128263],[-91.504503,18.128078],[-91.503216,18.127797],[-91.503861,18.126799],[-91.505134,18.124802]]}},{"type":"Feature","properties":{"gid":5710,"tipo":"Perenne","longitud":43418.6255067,"denominacion_oficial":"C04_corr_agua_2003","modulo_asignado":"Mapa Base","instrumento_vigencia":"","fecha_actualizacion":"2026-07-29","fuente_custodio":"","responsable_institucional":"","proyeccion_original":"EPSG:6372","proyeccion_actual":"EPSG:4326","cobertura_territorial":"","restricciones_uso":""},"geometry":{"type":"LineString","coordinates":[[-91.505134,18.124802],[-91.506,18.124265],[-91.507938,18.125579],[-91.507639,18.121695],[-91.508854,18.118579],[-91.50521,18.114406],[-91.503418,18.109201],[-91.502786,18.101866],[-91.501701,18.098706],[-91.49922,18.095567],[-91.497706,18.091198],[-91.498442,18.090497],[-91.500443,18.090628],[-91.50107,18.089738],[-91.502011,18.088109],[-91.502911,18.082304],[-91.50236,18.074648],[-91.498651,18.06405],[-91.500097,18.060152],[-91.500785,18.053526],[-91.500088,18.051863],[-91.496723,18.049877],[-91.492994,18.043376],[-91.492798,18.039382],[-91.49383,18.03804],[-91.491875,18.036959],[-91.490835,18.038537],[-91.489568,18.038611],[-91.486857,18.034295],[-91.487201,18.031054],[-91.486508,18.029092],[-91.486998,18.027522],[-91.488177,18.027341],[-91.488268,18.025416],[-91.485794,18.021099],[-91.484414,18.016731],[-91.487139,18.010493],[-91.486236,18.005968],[-91.486895,18.001825],[-91.487318,18.000758],[-91.490957,17.995074],[-91.494641,17.991144],[-91.494202,17.987976],[-91.492338,17.984236],[-91.490002,17.981841],[-91.489352,17.974506],[-91.487404,17.968158],[-91.48862,17.964662],[-91.4864,17.961604],[-91.484985,17.960916],[-91.484791,17.956278],[-91.487926,17.948392],[-91.486107,17.940249],[-91.487077,17.936981],[-91.482645,17.931302],[-91.478011,17.921094],[-91.474246,17.920049],[-91.472505,17.917324],[-91.471811,17.915507],[-91.471751,17.908395],[-91.473188,17.905468],[-91.471785,17.903883],[-91.468604,17.903513],[-91.467315,17.901918],[-91.46817,17.899784],[-91.467711,17.897748],[-91.464322,17.893429],[-91.45541,17.888042],[-91.435839,17.886307],[-91.430788,17.883901],[-91.428661,17.884104],[-91.423311,17.889147],[-91.421183,17.88935],[-91.416678,17.892141],[-91.414549,17.892126],[-91.410646,17.894353],[-91.408159,17.894557],[-91.401345,17.891445],[-91.399828,17.889633],[-91.395349,17.889261],[-91.393456,17.890478],[-91.392163,17.889688],[-91.388849,17.890668],[-91.379166,17.891721],[-91.376211,17.892826],[-91.372875,17.896406],[-91.370518,17.896392],[-91.369667,17.898082],[-91.368008,17.899079],[-91.364534,17.904925],[-91.357535,17.908824],[-91.354585,17.909131]]}},{"type":"Feature","properties":{"gid":5713,"tipo":"Perenne","longitud":6433.98325053,"denominacion_oficial":"C04_corr_agua_2003","modulo_asignado":"Mapa Base","instrumento_vigencia":"","fecha_actualizacion":"2026-07-29","fuente_custodio":"","responsable_institucional":"","proyeccion_original":"EPSG:6372","proyeccion_actual":"EPSG:4326","cobertura_territorial":"","restricciones_uso":""},"geometry":{"type":"LineString","coordinates":[[-91.284458,18.241382],[-91.285437,18.238458],[-91.284277,18.236416],[-91.280735,18.235709],[-91.279447,18.234446],[-91.278767,18.231504],[-91.279136,18.229698],[-91.282002,18.226564],[-91.280724,18.225312],[-91.281729,18.221202],[-91.281063,18.216981],[-91.279679,18.213199],[-91.27917,18.208074],[-91.282291,18.203734],[-91.282144,18.202826],[-91.279871,18.201674],[-91.279035,18.197922],[-91.275438,18.195624],[-91.273142,18.196947]]}},{"type":"Feature","properties":{"gid":5714,"tipo":"Perenne","longitud":16444.2417976,"denominacion_oficial":"C04_corr_agua_2003","modulo_asignado":"Mapa Base","instrumento_vigencia":"","fecha_actualizacion":"2026-07-29","fuente_custodio":"","responsable_institucional":"","proyeccion_original":"EPSG:6372","proyeccion_actual":"EPSG:4326","cobertura_territorial":"","restricciones_uso":""},"geometry":{"type":"LineString","coordinates":[[-91.273142,18.196947],[-91.264813,18.194845],[-91.261442,18.192925],[-91.253043,18.190146],[-91.251003,18.188693],[-91.249853,18.185454],[-91.252082,18.184262],[-91.252508,18.180283],[-91.249701,18.177007],[-91.251536,18.175152],[-91.251403,18.172738],[-91.250398,18.170544],[-91.251778,18.167241],[-91.254072,18.165455],[-91.254797,18.163584],[-91.252084,18.160315],[-91.252005,18.159266],[-91.254553,18.157399],[-91.251459,18.151725],[-91.245731,18.148439],[-91.241778,18.151411],[-91.240668,18.151404],[-91.237538,18.149945],[-91.23662,18.147385],[-91.23411,18.1454],[-91.230397,18.146647],[-91.226796,18.145037],[-91.225137,18.145017],[-91.221887,18.146643],[-91.221471,18.149643],[-91.219809,18.150983],[-91.219782,18.153013],[-91.218499,18.154971],[-91.218166,18.157151],[-91.217287,18.157823],[-91.212581,18.155661],[-91.209512,18.155712],[-91.208798,18.156459],[-91.209008,18.159095],[-91.204743,18.159513],[-91.202066,18.160618],[-91.199894,18.164207],[-91.19519,18.162136],[-91.192276,18.163232],[-91.190311,18.161557],[-91.189209,18.162529]]}},{"type":"Feature","properties":{"gid":5716,"tipo":"Perenne","longitud":29110.2585922,"denominacion_oficial":"C04_corr_agua_2003","modulo_asignado":"Mapa Base","instrumento_vigencia":"","fecha_actualizacion":"2026-07-29","fuente_custodio":"","responsable_institucional":"","proyeccion_original":"EPSG:6372","proyeccion_actual":"EPSG:4326","cobertura_territorial":"","restricciones_uso":""},"geometry":{"type":"LineString","coordinates":[[-91.163033,18.176622],[-91.15778,18.176686],[-91.155549,18.179446],[-91.156111,18.186607],[-91.154754,18.188405],[-91.139329,18.187351],[-91.137167,18.189961],[-91.135756,18.190167],[-91.132808,18.19263],[-91.131705,18.192768],[-91.13049,18.195764],[-91.128198,18.19665],[-91.128063,18.201693],[-91.122639,18.201263],[-91.121759,18.201707],[-91.120947,18.204406],[-91.118031,18.203705],[-91.115072,18.201412],[-91.111826,18.202963],[-91.108832,18.20241],[-91.10661,18.203972],[-91.103662,18.207024],[-91.103093,18.208679],[-91.101187,18.210092],[-91.09953,18.209917],[-91.093057,18.211813],[-91.087464,18.211007],[-91.081449,18.214406],[-91.078807,18.21777],[-91.078455,18.221228],[-91.080223,18.225014],[-91.079347,18.226583],[-91.075001,18.226919],[-91.072088,18.225228],[-91.071175,18.223946],[-91.067886,18.222336],[-91.065724,18.218386],[-91.063514,18.218596],[-91.060259,18.221198],[-91.056331,18.220331],[-91.055271,18.216026],[-91.053084,18.214877],[-91.052156,18.212831],[-91.054426,18.207363],[-91.057838,18.205063],[-91.059411,18.204851],[-91.062472,18.205864],[-91.063829,18.204448],[-91.063003,18.194127],[-91.061753,18.193138],[-91.056792,18.192857],[-91.05318,18.191613],[-91.050642,18.193324],[-91.048839,18.192847],[-91.050793,18.18693],[-91.049902,18.182174],[-91.051359,18.178198],[-91.051139,18.176912],[-91.0474,18.173482],[-91.040481,18.17206],[-91.038555,18.167673],[-91.034424,18.164395],[-91.03288,18.161515],[-91.027636,18.158754],[-91.025629,18.155495],[-91.022008,18.148235],[-91.021971,18.144087],[-91.020655,18.142267],[-91.019399,18.141957]]}},{"type":"Feature","properties":{"gid":5806,"tipo":"Perenne","longitud":2345.33531463,"denominacion_oficial":"C04_corr_agua_2003","modulo_asignado":"Mapa Base","instrumento_vigencia":"","fecha_actualizacion":"2026-07-29","fuente_custodio":"","responsable_institucional":"","proyeccion_original":"EPSG:6372","proyeccion_actual":"EPSG:4326","cobertura_territorial":"","restricciones_uso":""},"geometry":{"type":"LineString","coordinates":[[-92.031723,18.342404],[-92.041454,18.337364],[-92.049229,18.342496],[-92.050652,18.341611]]}},{"type":"Feature","properties":{"gid":5807,"tipo":"Perenne","longitud":4286.51299883,"denominacion_oficial":"C04_corr_agua_2003","modulo_asignado":"Mapa Base","instrumento_vigencia":"","fecha_actualizacion":"2026-07-29","fuente_custodio":"","responsable_institucional":"","proyeccion_original":"EPSG:6372","proyeccion_actual":"EPSG:4326","cobertura_territorial":"","restricciones_uso":""},"geometry":{"type":"LineString","coordinates":[[-91.969338,18.310119],[-91.968374,18.313946],[-91.961498,18.316279],[-91.958668,18.315246],[-91.957362,18.315585],[-91.952853,18.318267],[-91.951064,18.320514],[-91.941619,18.318538],[-91.938431,18.316946],[-91.935291,18.317814]]}},{"type":"Feature","properties":{"gid":5808,"tipo":"Perenne","longitud":180.282783076,"denominacion_oficial":"C04_corr_agua_2003","modulo_asignado":"Mapa Base","instrumento_vigencia":"","fecha_actualizacion":"2026-07-29","fuente_custodio":"","responsable_institucional":"","proyeccion_original":"EPSG:6372","proyeccion_actual":"EPSG:4326","cobertura_territorial":"","restricciones_uso":""},"geometry":{"type":"LineString","coordinates":[[-91.969338,18.310119],[-91.969678,18.309371],[-91.969338,18.310119]]}},{"type":"Feature","properties":{"gid":5809,"tipo":"Perenne","longitud":74.4635596394,"denominacion_oficial":"C04_corr_agua_2003","modulo_asignado":"Mapa Base","instrumento_vigencia":"","fecha_actualizacion":"2026-07-29","fuente_custodio":"","responsable_institucional":"","proyeccion_original":"EPSG:6372","proyeccion_actual":"EPSG:4326","cobertura_territorial":"","restricciones_uso":""},"geometry":{"type":"LineString","coordinates":[[-92.031723,18.342404],[-92.031055,18.342187]]}},{"type":"Feature","properties":{"gid":5810,"tipo":"Perenne","longitud":2.83259649503,"denominacion_oficial":"C04_corr_agua_2003","modulo_asignado":"Mapa Base","instrumento_vigencia":"","fecha_actualizacion":"2026-07-29","fuente_custodio":"","responsable_institucional":"","proyeccion_original":"EPSG:6372","proyeccion_actual":"EPSG:4326","cobertura_territorial":"","restricciones_uso":""},"geometry":{"type":"LineString","coordinates":[[-92.432597,18.569005],[-92.432615,18.569025]]}},{"type":"Feature","properties":{"gid":5813,"tipo":"Perenne","longitud":3.60347448129,"denominacion_oficial":"C04_corr_agua_2003","modulo_asignado":"Mapa Base","instrumento_vigencia":"","fecha_actualizacion":"2026-07-29","fuente_custodio":"","responsable_institucional":"","proyeccion_original":"EPSG:6372","proyeccion_actual":"EPSG:4326","cobertura_territorial":"","restricciones_uso":""},"geometry":{"type":"LineString","coordinates":[[-92.342619,18.453371],[-92.34264,18.453345]]}},{"type":"Feature","properties":{"gid":5814,"tipo":"Perenne","longitud":2382.74569552,"denominacion_oficial":"C04_corr_agua_2003","modulo_asignado":"Mapa Base","instrumento_vigencia":"","fecha_actualizacion":"2026-07-29","fuente_custodio":"","responsable_institucional":"","proyeccion_original":"EPSG:6372","proyeccion_actual":"EPSG:4326","cobertura_territorial":"","restricciones_uso":""},"geometry":{"type":"LineString","coordinates":[[-92.225252,18.461263],[-92.220276,18.465447],[-92.214231,18.472472],[-92.212654,18.478429]]}},{"type":"Feature","properties":{"gid":5818,"tipo":"Perenne","longitud":10479.416710999998,"denominacion_oficial":"C04_corr_agua_2003","modulo_asignado":"Mapa Base","instrumento_vigencia":"","fecha_actualizacion":"2026-07-29","fuente_custodio":"","responsable_institucional":"","proyeccion_original":"EPSG:6372","proyeccion_actual":"EPSG:4326","cobertura_territorial":"","restricciones_uso":""},"geometry":{"type":"LineString","coordinates":[[-92.470342,18.650983],[-92.470069,18.647936],[-92.470132,18.647178],[-92.469956,18.646414],[-92.469708,18.64589],[-92.469351,18.645414],[-92.468965,18.644936],[-92.468658,18.644436],[-92.468449,18.643888],[-92.468249,18.64334],[-92.468078,18.642785],[-92.468031,18.642646],[-92.467918,18.642221],[-92.467776,18.641668],[-92.467659,18.641161],[-92.467644,18.641106],[-92.467502,18.640544],[-92.467379,18.639983],[-92.467257,18.639421],[-92.467124,18.638869],[-92.466992,18.638307],[-92.46687,18.637746],[-92.466738,18.637184],[-92.466492,18.636062],[-92.466341,18.635372],[-92.466218,18.634675],[-92.466143,18.633981],[-92.466165,18.633392],[-92.466282,18.632801],[-92.466465,18.632232],[-92.466685,18.631675],[-92.466952,18.63112],[-92.467184,18.630663],[-92.467227,18.630593],[-92.467355,18.629985],[-92.467463,18.629384],[-92.467573,18.628765],[-92.467682,18.628164],[-92.467772,18.627553],[-92.467872,18.626942],[-92.467961,18.62634],[-92.468043,18.62572],[-92.468123,18.625108],[-92.468191,18.62455],[-92.468212,18.62398],[-92.468204,18.623408],[-92.468129,18.62285],[-92.468011,18.622225],[-92.467845,18.621598],[-92.467651,18.620978],[-92.467446,18.620366],[-92.467213,18.619753],[-92.466979,18.619157],[-92.466726,18.618552],[-92.466489,18.618001],[-92.466232,18.61745],[-92.465966,18.616907],[-92.46569,18.616363],[-92.465384,18.615836],[-92.465068,18.615317],[-92.464722,18.614823],[-92.464339,18.614318],[-92.463916,18.613838],[-92.463462,18.613383],[-92.462988,18.612953],[-92.462473,18.612558],[-92.461966,18.61219],[-92.461448,18.61184],[-92.460901,18.611506],[-92.460352,18.61119],[-92.459802,18.610892],[-92.459231,18.61062],[-92.457868,18.609843],[-92.455918,18.608468],[-92.455531,18.608017],[-92.455184,18.607541],[-92.454866,18.60705],[-92.45456,18.60654],[-92.454251,18.605922],[-92.454146,18.605244],[-92.454374,18.604705],[-92.45462,18.604177],[-92.454721,18.603548],[-92.454688,18.602929],[-92.454386,18.602221],[-92.453918,18.601565],[-92.453428,18.601225],[-92.452919,18.600885],[-92.452542,18.600425],[-92.452196,18.599941],[-92.45187,18.59943],[-92.451574,18.598903],[-92.451288,18.598368],[-92.451021,18.597834],[-92.450774,18.597283],[-92.450517,18.596741],[-92.450269,18.596199],[-92.448267,18.59218],[-92.443835,18.586465],[-92.4435,18.585945],[-92.443165,18.585443],[-92.442932,18.585101],[-92.442475,18.584428],[-92.442131,18.583908],[-92.441803,18.583424],[-92.441475,18.582941],[-92.441129,18.582456],[-92.440475,18.581471],[-92.440128,18.580986],[-92.439801,18.580494],[-92.439483,18.580011],[-92.439168,18.579483],[-92.438903,18.578931],[-92.438797,18.57867],[-92.438685,18.578373],[-92.438488,18.577789],[-92.4383,18.577215],[-92.438104,18.576622],[-92.437897,18.576046],[-92.43766,18.575487],[-92.437093,18.574217],[-92.436785,18.57359],[-92.436427,18.572995],[-92.435903,18.572463],[-92.435288,18.572007],[-92.434713,18.571526],[-92.434272,18.571035],[-92.433841,18.570536],[-92.43341,18.570037],[-92.432615,18.569025]]}},{"type":"Feature","properties":{"gid":5819,"tipo":"Perenne","longitud":20431.4760268,"denominacion_oficial":"C04_corr_agua_2003","modulo_asignado":"Mapa Base","instrumento_vigencia":"","fecha_actualizacion":"2026-07-29","fuente_custodio":"","responsable_institucional":"","proyeccion_original":"EPSG:6372","proyeccion_actual":"EPSG:4326","cobertura_territorial":"","restricciones_uso":""},"geometry":{"type":"LineString","coordinates":[[-92.432597,18.569005],[-92.432206,18.568482],[-92.431815,18.567958],[-92.431453,18.567418],[-92.431111,18.56687],[-92.430789,18.566305],[-92.430487,18.565733],[-92.430454,18.565667],[-92.430204,18.565152],[-92.429932,18.564563],[-92.429226,18.562958],[-92.428988,18.562417],[-92.428759,18.561885],[-92.428531,18.561345],[-92.428293,18.560804],[-92.428074,18.560273],[-92.427836,18.559731],[-92.427607,18.559191],[-92.427388,18.558651],[-92.427159,18.558119],[-92.426712,18.557038],[-92.426214,18.555864],[-92.42598,18.555268],[-92.425746,18.554682],[-92.425522,18.554078],[-92.425482,18.553967],[-92.425091,18.55289],[-92.424886,18.552287],[-92.424708,18.551713],[-92.424549,18.551132],[-92.424419,18.550543],[-92.424208,18.54935],[-92.424126,18.548756],[-92.424063,18.548162],[-92.424018,18.547588],[-92.423981,18.547023],[-92.423977,18.54695],[-92.423964,18.54645],[-92.423957,18.545879],[-92.42396,18.545298],[-92.42397,18.544737],[-92.424001,18.544167],[-92.424081,18.54302],[-92.424111,18.53582],[-92.424109,18.534215],[-92.424082,18.533388],[-92.424187,18.532569],[-92.424386,18.531893],[-92.424614,18.531218],[-92.424759,18.530774],[-92.424833,18.530533],[-92.425028,18.529929],[-92.42537,18.528708],[-92.425546,18.528103],[-92.425703,18.527487],[-92.42588,18.526863],[-92.426037,18.526247],[-92.426181,18.525685],[-92.426297,18.525112],[-92.426404,18.524538],[-92.426492,18.523964],[-92.42657,18.523388],[-92.426641,18.522794],[-92.426709,18.522218],[-92.426769,18.521641],[-92.426829,18.521056],[-92.426911,18.520435],[-92.426964,18.519812],[-92.427007,18.519189],[-92.427045,18.518512],[-92.427055,18.517832],[-92.427054,18.517161],[-92.427045,18.51648],[-92.427016,18.515807],[-92.426972,18.515224],[-92.426878,18.514655],[-92.426747,18.514085],[-92.426578,18.513521],[-92.426398,18.512965],[-92.426199,18.512408],[-92.425976,18.511795],[-92.425743,18.511191],[-92.42549,18.510585],[-92.425209,18.509987],[-92.424908,18.509405],[-92.424557,18.508848],[-92.424043,18.508452],[-92.423557,18.508058],[-92.42325,18.507549],[-92.422983,18.507024],[-92.422726,18.506491],[-92.422497,18.50595],[-92.422318,18.505394],[-92.420144,18.498834],[-92.419876,18.498328],[-92.419597,18.497829],[-92.419309,18.497321],[-92.419041,18.496814],[-92.418753,18.496306],[-92.418196,18.495309],[-92.417351,18.493795],[-92.416795,18.49278],[-92.416482,18.492234],[-92.416168,18.491697],[-92.415855,18.491142],[-92.41562,18.490564],[-92.415473,18.489947],[-92.415365,18.489324],[-92.415256,18.4887],[-92.415099,18.488091],[-92.414853,18.487541],[-92.414537,18.487031],[-92.414152,18.486553],[-92.413737,18.486109],[-92.4133,18.485691],[-92.412824,18.485298],[-92.412346,18.484932],[-92.41183,18.484563],[-92.411321,18.484231],[-92.410792,18.483916],[-92.410252,18.48361],[-92.409723,18.483304],[-92.409203,18.48299],[-92.408674,18.482675],[-92.408144,18.48236],[-92.407615,18.482054],[-92.407075,18.481747],[-92.406535,18.481459],[-92.406003,18.48118],[-92.405442,18.480917],[-92.40488,18.480655],[-92.404326,18.480429],[-92.403751,18.48022],[-92.403166,18.480028],[-92.402541,18.479861],[-92.401906,18.479693],[-92.40127,18.479553],[-92.40062,18.479466],[-92.400007,18.479391],[-92.399394,18.479324],[-92.398789,18.479285],[-92.397572,18.479425],[-92.396977,18.479496],[-92.396374,18.479557],[-92.39516,18.479661],[-92.393948,18.479729],[-92.393338,18.479753],[-92.392738,18.479769],[-92.392129,18.479775],[-92.391511,18.479772],[-92.390903,18.479769],[-92.390287,18.479748],[-92.389663,18.479699],[-92.38905,18.479633],[-92.388439,18.479539],[-92.38783,18.479409],[-92.387243,18.479245],[-92.386649,18.479034],[-92.386057,18.478806],[-92.385485,18.478552],[-92.384935,18.478263],[-92.384407,18.477939],[-92.383962,18.477511],[-92.383517,18.477074],[-92.381746,18.475374],[-92.381291,18.474945],[-92.379511,18.473226],[-92.379083,18.472827],[-92.378655,18.472419],[-92.378236,18.472029],[-92.377799,18.471629],[-92.377351,18.471237],[-92.376912,18.470856],[-92.376435,18.47048],[-92.375945,18.47015],[-92.375426,18.469826],[-92.374895,18.469538],[-92.374353,18.469268],[-92.373802,18.468996],[-92.373249,18.468752],[-92.372658,18.468506],[-92.372065,18.468286],[-92.371453,18.468075],[-92.370839,18.46789],[-92.370236,18.467679],[-92.369643,18.46746],[-92.369052,18.467213],[-92.368436,18.46692],[-92.36783,18.466618],[-92.367243,18.466308],[-92.366648,18.465989],[-92.366074,18.465644],[-92.365511,18.465272],[-92.365043,18.464897],[-92.364615,18.464498],[-92.364198,18.464072],[-92.363801,18.463639],[-92.363371,18.46313],[-92.363092,18.462768],[-92.362961,18.462614],[-92.362571,18.462072],[-92.36221,18.461532],[-92.36185,18.460974],[-92.361529,18.460409],[-92.361314,18.459951],[-92.361257,18.45982],[-92.361034,18.459216],[-92.360859,18.458597],[-92.360756,18.458029],[-92.360721,18.457446],[-92.360724,18.456866],[-92.360803,18.456281],[-92.360985,18.455731],[-92.361166,18.455189],[-92.361319,18.454636],[-92.361472,18.454075],[-92.361607,18.453512],[-92.361838,18.452393],[-92.361935,18.451828],[-92.362014,18.451253],[-92.36209,18.450578],[-92.362129,18.449882],[-92.362072,18.449207],[-92.361901,18.448543],[-92.361577,18.447878],[-92.361165,18.447253],[-92.360664,18.446677],[-92.360182,18.446229],[-92.359681,18.445797],[-92.359157,18.44541],[-92.358594,18.445038],[-92.358038,18.444694],[-92.357472,18.444368],[-92.356896,18.44405],[-92.356308,18.443758],[-92.35571,18.443484],[-92.355121,18.443219],[-92.354353,18.443061],[-92.353579,18.442984],[-92.352953,18.442962],[-92.352334,18.442985],[-92.351712,18.443036],[-92.351091,18.443087],[-92.350468,18.443165],[-92.34984,18.443306],[-92.349256,18.443513],[-92.348721,18.443814],[-92.348256,18.444211],[-92.34788,18.444685],[-92.347539,18.445207],[-92.347227,18.445732],[-92.34693,18.446293],[-92.346642,18.446873],[-92.346382,18.447464],[-92.346104,18.448035],[-92.345918,18.448386],[-92.345798,18.448605],[-92.345484,18.449147],[-92.345151,18.449688],[-92.344809,18.45022],[-92.344458,18.45075],[-92.344098,18.45128],[-92.343738,18.451801],[-92.343369,18.452313],[-92.343009,18.452834],[-92.34264,18.453345]]}},{"type":"Feature","properties":{"gid":5823,"tipo":"Perenne","longitud":13783.2227797,"denominacion_oficial":"C04_corr_agua_2003","modulo_asignado":"Mapa Base","instrumento_vigencia":"","fecha_actualizacion":"2026-07-29","fuente_custodio":"","responsable_institucional":"","proyeccion_original":"EPSG:6372","proyeccion_actual":"EPSG:4326","cobertura_territorial":"","restricciones_uso":""},"geometry":{"type":"LineString","coordinates":[[-92.081274,18.292872],[-92.080252,18.294654],[-92.079664,18.298442],[-92.077856,18.300989],[-92.077702,18.303509],[-92.082213,18.303091],[-92.085711,18.301209],[-92.088482,18.30463],[-92.094682,18.305158],[-92.100521,18.307248],[-92.102491,18.306535],[-92.104331,18.308651],[-92.103813,18.313841],[-92.10374,18.324555],[-92.101576,18.327432],[-92.096482,18.331286],[-92.093367,18.341129],[-92.091597,18.342871],[-92.088501,18.342739],[-92.083448,18.338959],[-92.071991,18.33704],[-92.066203,18.334099],[-92.060406,18.332717],[-92.055555,18.334391],[-92.050652,18.341611]]}},{"type":"Feature","properties":{"gid":5824,"tipo":"Perenne","longitud":14028.3390722,"denominacion_oficial":"C04_corr_agua_2003","modulo_asignado":"Mapa Base","instrumento_vigencia":"","fecha_actualizacion":"2026-07-29","fuente_custodio":"","responsable_institucional":"","proyeccion_original":"EPSG:6372","proyeccion_actual":"EPSG:4326","cobertura_territorial":"","restricciones_uso":""},"geometry":{"type":"LineString","coordinates":[[-92.050652,18.341611],[-92.052917,18.346369],[-92.054054,18.35711],[-92.058243,18.37238],[-92.059558,18.374816],[-92.062236,18.377306],[-92.06262,18.378692],[-92.053966,18.386127],[-92.052078,18.391825],[-92.051622,18.397708],[-92.047872,18.404452],[-92.046351,18.405757],[-92.044527,18.405881],[-92.043228,18.408725],[-92.039708,18.410867],[-92.037265,18.413744],[-92.040685,18.418833],[-92.031011,18.438381],[-92.031594,18.444851],[-92.03261,18.446424],[-92.036475,18.448558],[-92.03672,18.450543]]}},{"type":"Feature","properties":{"gid":5825,"tipo":"Perenne","longitud":6114.86894049,"denominacion_oficial":"C04_corr_agua_2003","modulo_asignado":"Mapa Base","instrumento_vigencia":"","fecha_actualizacion":"2026-07-29","fuente_custodio":"","responsable_institucional":"","proyeccion_original":"EPSG:6372","proyeccion_actual":"EPSG:4326","cobertura_territorial":"","restricciones_uso":""},"geometry":{"type":"LineString","coordinates":[[-92.042059,18.298951],[-92.041584,18.29843],[-92.037066,18.302583],[-92.033795,18.303825],[-92.033357,18.306181],[-92.035234,18.311829],[-92.033955,18.313222],[-92.029833,18.314798],[-92.029136,18.315886],[-92.029782,18.318359],[-92.033672,18.322318],[-92.034721,18.32577],[-92.034142,18.329287],[-92.029648,18.340243],[-92.029737,18.341501],[-92.031055,18.342187]]}},{"type":"Feature","properties":{"gid":5826,"tipo":"Perenne","longitud":28109.3357018,"denominacion_oficial":"C04_corr_agua_2003","modulo_asignado":"Mapa Base","instrumento_vigencia":"","fecha_actualizacion":"2026-07-29","fuente_custodio":"","responsable_institucional":"","proyeccion_original":"EPSG:6372","proyeccion_actual":"EPSG:4326","cobertura_territorial":"","restricciones_uso":""},"geometry":{"type":"LineString","coordinates":[[-92.086465,18.254412],[-92.085577,18.254353],[-92.085151,18.253944],[-92.084755,18.253519],[-92.084348,18.253102],[-92.083635,18.252593],[-92.082686,18.252593],[-92.081744,18.253157],[-92.081437,18.254116],[-92.081026,18.254279],[-92.080493,18.253654],[-92.080546,18.252923],[-92.080618,18.252184],[-92.080029,18.251275],[-92.079599,18.250793],[-92.07915,18.25031],[-92.0787,18.249845],[-92.078271,18.249354],[-92.077882,18.248829],[-92.077532,18.24828],[-92.07712,18.247555],[-92.076735,18.246849],[-92.076324,18.246359],[-92.075525,18.245998],[-92.07446,18.246154],[-92.07375,18.246515],[-92.073166,18.246323],[-92.072592,18.246003],[-92.072006,18.245829],[-92.071409,18.245689],[-92.070813,18.245541],[-92.070206,18.245392],[-92.069621,18.245226],[-92.068981,18.245012],[-92.068353,18.24478],[-92.067746,18.244513],[-92.06714,18.244228],[-92.066429,18.243827],[-92.065851,18.24329],[-92.065487,18.242685],[-92.065202,18.242041],[-92.064886,18.241421],[-92.064544,18.240909],[-92.064211,18.240397],[-92.063858,18.239902],[-92.063504,18.239407],[-92.06296,18.238927],[-92.062436,18.238439],[-92.062191,18.237888],[-92.062083,18.237282],[-92.0621,18.236666],[-92.062008,18.235971],[-92.061878,18.235273],[-92.061691,18.23459],[-92.061434,18.233947],[-92.061045,18.233423],[-92.060675,18.232899],[-92.060389,18.232128],[-92.060053,18.231398],[-92.059699,18.230921],[-92.05897,18.229984],[-92.058443,18.229269],[-92.058339,18.228736],[-92.058486,18.228148],[-92.058578,18.227546],[-92.058305,18.22673],[-92.057429,18.226246],[-92.056614,18.226237],[-92.055828,18.226466],[-92.055253,18.226809],[-92.054739,18.227228],[-92.054162,18.227589],[-92.053425,18.227812],[-92.05266,18.227888],[-92.051952,18.227841],[-92.051256,18.22775],[-92.050563,18.227622],[-92.049968,18.227455],[-92.049377,18.227226],[-92.048783,18.22705],[-92.048188,18.227138],[-92.047661,18.227465],[-92.047163,18.227922],[-92.0467,18.228417],[-92.046263,18.22895],[-92.045862,18.229495],[-92.045489,18.23006],[-92.04484,18.230896],[-92.044511,18.231373],[-92.044182,18.23185],[-92.04389,18.232338],[-92.043624,18.232874],[-92.043412,18.233431],[-92.043174,18.233968],[-92.042538,18.234615],[-92.041731,18.234761],[-92.040915,18.234888],[-92.039849,18.235053],[-92.039337,18.235309],[-92.038964,18.235747],[-92.038649,18.236288],[-92.038343,18.236848],[-92.037975,18.237332],[-92.037494,18.237817],[-92.036934,18.238206],[-92.036342,18.238393],[-92.035733,18.238534],[-92.035133,18.238702],[-92.034536,18.238944],[-92.034001,18.239262],[-92.03364,18.240299],[-92.033565,18.240947],[-92.03349,18.241577],[-92.033328,18.242899],[-92.033061,18.243561],[-92.032647,18.244168],[-92.032288,18.244661],[-92.031903,18.245126],[-92.031572,18.24563],[-92.031427,18.246191],[-92.031449,18.246791],[-92.031746,18.248198],[-92.031766,18.248834],[-92.031758,18.24946],[-92.031721,18.250092],[-92.031657,18.250713],[-92.031677,18.251485],[-92.031715,18.252268],[-92.031831,18.252892],[-92.031909,18.253514],[-92.031609,18.253975],[-92.031054,18.254301],[-92.03049,18.254617],[-92.029935,18.254933],[-92.029381,18.255241],[-92.028263,18.255865],[-92.027757,18.256176],[-92.027249,18.256505],[-92.026725,18.256787],[-92.026024,18.256895],[-92.02531,18.256929],[-92.024487,18.257155],[-92.023703,18.257484],[-92.023073,18.258186],[-92.022983,18.258769],[-92.022894,18.259344],[-92.022726,18.259949],[-92.022449,18.260502],[-92.021431,18.260915],[-92.020771,18.260989],[-92.020108,18.260963],[-92.019336,18.261528],[-92.018842,18.262057],[-92.018473,18.262686],[-92.018318,18.263383],[-92.0182,18.264091],[-92.018016,18.264397],[-92.01769,18.264964],[-92.017247,18.265443],[-92.016741,18.265871],[-92.0162,18.266262],[-92.015677,18.266544],[-92.015111,18.266751],[-92.014514,18.266866],[-92.013482,18.266697],[-92.013026,18.266186],[-92.01257,18.265675],[-92.012112,18.265182],[-92.011634,18.264706],[-92.010998,18.264446],[-92.010274,18.264361],[-92.009294,18.264523],[-92.008757,18.264986],[-92.008352,18.265584],[-92.008076,18.266246],[-92.007888,18.266869],[-92.007728,18.267502],[-92.007597,18.268128],[-92.007491,18.268801],[-92.007423,18.269467],[-92.007317,18.27014],[-92.006939,18.270641],[-92.006307,18.270835],[-92.005622,18.270735],[-92.004952,18.270545],[-92.004295,18.27032],[-92.003614,18.270021],[-92.003067,18.269585],[-92.002735,18.268801],[-92.002656,18.267934],[-92.002678,18.267374],[-92.002748,18.266807],[-92.002798,18.266248],[-92.002793,18.265676],[-92.002673,18.265106],[-92.002408,18.264572],[-92.001903,18.263948],[-92.001288,18.263409],[-92.000318,18.263045],[-91.999658,18.263499],[-91.998985,18.263872],[-91.997956,18.263794],[-91.996775,18.263597],[-91.99607,18.263632],[-91.995596,18.264271],[-91.995345,18.265361],[-91.995478,18.26848],[-91.995503,18.270595],[-91.995316,18.270827],[-91.994645,18.270782],[-91.991339,18.270689],[-91.989318,18.271579],[-91.988487,18.27282],[-91.988704,18.276208],[-91.987384,18.277897],[-91.987618,18.279373],[-91.986536,18.282865],[-91.985699,18.283534],[-91.983334,18.283295],[-91.981665,18.285995],[-91.97919,18.284523],[-91.976587,18.285066],[-91.974341,18.284498],[-91.97117,18.281647],[-91.964544,18.281385],[-91.962891,18.282054],[-91.962163,18.284082],[-91.959803,18.284414],[-91.958956,18.28599],[-91.954003,18.283363],[-91.951868,18.284254],[-91.950674,18.287076],[-91.948796,18.289109],[-91.944849,18.292572],[-91.942494,18.291661],[-91.940699,18.294252],[-91.94139,18.296738],[-91.94079,18.299219],[-91.937945,18.300334],[-91.936955,18.303206],[-91.934256,18.303361],[-91.933305,18.304031],[-91.933179,18.305737],[-91.934705,18.307327],[-91.934815,18.309692],[-91.937035,18.313206],[-91.935596,18.315341],[-91.935291,18.317814]]}},{"type":"Feature","properties":{"gid":5827,"tipo":"Perenne","longitud":7265.42886998,"denominacion_oficial":"C04_corr_agua_2003","modulo_asignado":"Mapa Base","instrumento_vigencia":"","fecha_actualizacion":"2026-07-29","fuente_custodio":"","responsable_institucional":"","proyeccion_original":"EPSG:6372","proyeccion_actual":"EPSG:4326","cobertura_territorial":"","restricciones_uso":""},"geometry":{"type":"LineString","coordinates":[[-92.031055,18.342187],[-92.026492,18.341983],[-92.019881,18.337054],[-92.017588,18.336593],[-92.01569,18.33761],[-92.014515,18.336924],[-92.016422,18.334221],[-92.016795,18.33236],[-92.015139,18.331506],[-92.012485,18.325452],[-92.01331,18.324682],[-92.01553,18.325102],[-92.016671,18.324443],[-92.016885,18.322417],[-92.01611,18.320025],[-92.017307,18.320413],[-92.018833,18.319544],[-92.020732,18.315245],[-92.020111,18.310098],[-92.018208,18.306643],[-92.017944,18.298164]]}},{"type":"Feature","properties":{"gid":5828,"tipo":"Perenne","longitud":7590.15740342,"denominacion_oficial":"C04_corr_agua_2003","modulo_asignado":"Mapa Base","instrumento_vigencia":"","fecha_actualizacion":"2026-07-29","fuente_custodio":"","responsable_institucional":"","proyeccion_original":"EPSG:6372","proyeccion_actual":"EPSG:4326","cobertura_territorial":"","restricciones_uso":""},"geometry":{"type":"LineString","coordinates":[[-92.017944,18.298164],[-92.012428,18.304788],[-92.011065,18.309795],[-92.008565,18.313727],[-92.008486,18.316107],[-92.00753,18.316724],[-92.00136,18.311497],[-92.000314,18.31295],[-91.998653,18.3141],[-91.995464,18.313298],[-91.993809,18.312045],[-91.993254,18.307301],[-91.981891,18.308818],[-91.981924,18.307986],[-91.980949,18.307685],[-91.978577,18.30857],[-91.975388,18.307767],[-91.973605,18.309679],[-91.971358,18.308985],[-91.969338,18.310119]]}},{"type":"Feature","properties":{"gid":5839,"tipo":"Perenne","longitud":3165.2743727,"denominacion_oficial":"C04_corr_agua_2003","modulo_asignado":"Mapa Base","instrumento_vigencia":"","fecha_actualizacion":"2026-07-29","fuente_custodio":"","responsable_institucional":"","proyeccion_original":"EPSG:6372","proyeccion_actual":"EPSG:4326","cobertura_territorial":"","restricciones_uso":""},"geometry":{"type":"LineString","coordinates":[[-92.081274,18.292872],[-92.083784,18.291514],[-92.082546,18.287243],[-92.082669,18.285165],[-92.088128,18.285155],[-92.089466,18.284372],[-92.090839,18.276302],[-92.090508,18.271836]]}},{"type":"Feature","properties":{"gid":5844,"tipo":"Perenne","longitud":4981.64555102,"denominacion_oficial":"C04_corr_agua_2003","modulo_asignado":"Mapa Base","instrumento_vigencia":"","fecha_actualizacion":"2026-07-29","fuente_custodio":"","responsable_institucional":"","proyeccion_original":"EPSG:6372","proyeccion_actual":"EPSG:4326","cobertura_territorial":"","restricciones_uso":""},"geometry":{"type":"LineString","coordinates":[[-92.042059,18.298951],[-92.042721,18.297163],[-92.04492,18.29604],[-92.054844,18.29561],[-92.056672,18.294888],[-92.058312,18.292956],[-92.059485,18.288318],[-92.060833,18.287401],[-92.068534,18.290768],[-92.077339,18.291369],[-92.081274,18.292872]]}},{"type":"Feature","properties":{"gid":5848,"tipo":"Perenne","longitud":1147.34363788,"denominacion_oficial":"C04_corr_agua_2003","modulo_asignado":"Mapa Base","instrumento_vigencia":"","fecha_actualizacion":"2026-07-29","fuente_custodio":"","responsable_institucional":"","proyeccion_original":"EPSG:6372","proyeccion_actual":"EPSG:4326","cobertura_territorial":"","restricciones_uso":""},"geometry":{"type":"LineString","coordinates":[[-92.042059,18.298951],[-92.044653,18.299568],[-92.045225,18.301891],[-92.0472,18.303709],[-92.048576,18.306204]]}},{"type":"Feature","properties":{"gid":5884,"tipo":"Perenne","longitud":964.560217981,"denominacion_oficial":"C04_corr_agua_2003","modulo_asignado":"Mapa Base","instrumento_vigencia":"","fecha_actualizacion":"2026-07-29","fuente_custodio":"","responsable_institucional":"","proyeccion_original":"EPSG:6372","proyeccion_actual":"EPSG:4326","cobertura_territorial":"","restricciones_uso":""},"geometry":{"type":"LineString","coordinates":[[-92.086898,18.262575],[-92.088198,18.259042],[-92.087887,18.257054],[-92.086465,18.254412]]}},{"type":"Feature","properties":{"gid":5888,"tipo":"Perenne","longitud":1187.71309888,"denominacion_oficial":"C04_corr_agua_2003","modulo_asignado":"Mapa Base","instrumento_vigencia":"","fecha_actualizacion":"2026-07-29","fuente_custodio":"","responsable_institucional":"","proyeccion_original":"EPSG:6372","proyeccion_actual":"EPSG:4326","cobertura_territorial":"","restricciones_uso":""},"geometry":{"type":"LineString","coordinates":[[-92.090508,18.271836],[-92.087337,18.269224],[-92.086528,18.264409],[-92.086898,18.262575]]}},{"type":"Feature","properties":{"gid":5893,"tipo":"Perenne","longitud":15303.3505033,"denominacion_oficial":"C04_corr_agua_2003","modulo_asignado":"Mapa Base","instrumento_vigencia":"","fecha_actualizacion":"2026-07-29","fuente_custodio":"","responsable_institucional":"","proyeccion_original":"EPSG:6372","proyeccion_actual":"EPSG:4326","cobertura_territorial":"","restricciones_uso":""},"geometry":{"type":"LineString","coordinates":[[-92.077557,18.096337],[-92.078365,18.097351],[-92.078677,18.097889],[-92.079048,18.098394],[-92.079469,18.098866],[-92.079951,18.099278],[-92.080649,18.099715],[-92.081368,18.099735],[-92.082008,18.099288],[-92.082666,18.098842],[-92.083732,18.098124],[-92.08427,18.097769],[-92.085036,18.097657],[-92.085267,18.098398],[-92.085179,18.098954],[-92.08497,18.099484],[-92.084788,18.100034],[-92.084728,18.100601],[-92.084733,18.101191],[-92.084805,18.101767],[-92.084924,18.102346],[-92.085063,18.102917],[-92.085281,18.103566],[-92.085539,18.104191],[-92.085856,18.104792],[-92.086231,18.10537],[-92.086647,18.105914],[-92.087063,18.106322],[-92.08753,18.10668],[-92.087987,18.107045],[-92.088413,18.107454],[-92.08878,18.107887],[-92.089144,18.108346],[-92.089491,18.108795],[-92.089837,18.109262],[-92.090183,18.10972],[-92.090508,18.110204],[-92.090814,18.110687],[-92.093511,18.113512],[-92.093924,18.113957],[-92.094359,18.114366],[-92.094824,18.11476],[-92.0953,18.115127],[-92.095807,18.11545],[-92.096347,18.115731],[-92.096921,18.115923],[-92.097515,18.115962],[-92.09822,18.115791],[-92.098902,18.115537],[-92.099589,18.115347],[-92.100267,18.115274],[-92.100944,18.115228],[-92.101601,18.115308],[-92.102186,18.115881],[-92.102297,18.116442],[-92.102351,18.117007],[-92.102471,18.117568],[-92.103125,18.118364],[-92.104124,18.118312],[-92.104497,18.117874],[-92.105199,18.11696],[-92.105686,18.116384],[-92.10621,18.11583],[-92.106782,18.115777],[-92.107387,18.116062],[-92.107886,18.116512],[-92.108214,18.117086],[-92.108372,18.11765],[-92.108503,18.118211],[-92.108622,18.118791],[-92.108752,18.119352],[-92.10891,18.119916],[-92.109088,18.12048],[-92.109274,18.121055],[-92.109489,18.121613],[-92.109853,18.122353],[-92.109947,18.123148],[-92.109887,18.123715],[-92.109809,18.124272],[-92.109711,18.124846],[-92.109595,18.125401],[-92.10946,18.125963],[-92.109313,18.126552],[-92.109138,18.127138],[-92.108953,18.127725],[-92.108778,18.128311],[-92.108621,18.128899],[-92.108483,18.129507],[-92.108371,18.130134],[-92.108317,18.130756],[-92.108309,18.131381],[-92.108429,18.13196],[-92.108683,18.132512],[-92.109007,18.133014],[-92.109474,18.133498],[-92.110003,18.133923],[-92.110484,18.134362],[-92.110834,18.134893],[-92.111047,18.135624],[-92.111183,18.136367],[-92.111264,18.136944],[-92.111331,18.138117],[-92.111413,18.138694],[-92.111581,18.139249],[-92.111947,18.139835],[-92.112391,18.140381],[-92.112815,18.140944],[-92.113222,18.141742],[-92.112976,18.142524],[-92.112678,18.143102],[-92.112335,18.143651],[-92.111898,18.144184],[-92.111562,18.144769],[-92.111374,18.145401],[-92.111665,18.146363],[-92.112104,18.146845],[-92.112564,18.147302],[-92.113022,18.147785],[-92.113794,18.148661],[-92.114159,18.14912],[-92.114484,18.149604],[-92.11469,18.150307],[-92.11471,18.15107],[-92.114734,18.151661],[-92.114747,18.152269],[-92.114751,18.152868],[-92.114727,18.153465],[-92.114703,18.154061],[-92.114526,18.154802],[-92.114331,18.155533],[-92.114219,18.15616],[-92.114164,18.1568],[-92.11439,18.157341],[-92.115036,18.157846],[-92.115734,18.1583],[-92.116418,18.158808],[-92.117031,18.159383],[-92.117277,18.159916],[-92.117347,18.160519],[-92.117444,18.161142],[-92.117623,18.161825],[-92.11785,18.162493],[-92.118255,18.163054],[-92.118765,18.163351],[-92.119383,18.163455],[-92.120038,18.163453],[-92.120672,18.163467],[-92.121436,18.163527],[-92.122192,18.163559],[-92.122923,18.163425],[-92.123521,18.162894],[-92.1237,18.162126],[-92.123517,18.161497],[-92.123353,18.160879],[-92.123272,18.160166],[-92.123294,18.15947],[-92.123694,18.158789],[-92.124424,18.158393],[-92.125061,18.15838],[-92.125663,18.158574],[-92.126224,18.158956],[-92.126603,18.159479],[-92.126708,18.160266],[-92.126593,18.161065],[-92.1264,18.161769],[-92.126142,18.16245],[-92.125997,18.163148],[-92.126031,18.16373],[-92.12617,18.164301],[-92.126405,18.164852],[-92.126761,18.165446],[-92.127224,18.165985],[-92.129623,18.169153],[-92.131913,18.173565],[-92.132166,18.174144],[-92.132321,18.174753],[-92.13238,18.175373],[-92.132254,18.176081],[-92.132015,18.176764],[-92.131897,18.177472],[-92.131942,18.178037],[-92.132042,18.178615],[-92.132212,18.179161],[-92.132479,18.179668],[-92.132869,18.180174],[-92.133422,18.180528],[-92.134248,18.180655],[-92.135071,18.180809],[-92.135472,18.181434],[-92.135456,18.182058],[-92.135279,18.182672],[-92.134991,18.183243]]}},{"type":"Feature","properties":{"gid":5894,"tipo":"Perenne","longitud":11652.4344473,"denominacion_oficial":"C04_corr_agua_2003","modulo_asignado":"Mapa Base","instrumento_vigencia":"","fecha_actualizacion":"2026-07-29","fuente_custodio":"","responsable_institucional":"","proyeccion_original":"EPSG:6372","proyeccion_actual":"EPSG:4326","cobertura_territorial":"","restricciones_uso":""},"geometry":{"type":"LineString","coordinates":[[-92.134991,18.183243],[-92.134441,18.183896],[-92.133748,18.184421],[-92.133208,18.184685],[-92.132651,18.184902],[-92.132145,18.185213],[-92.131584,18.185766],[-92.131084,18.186386],[-92.130673,18.186948],[-92.130273,18.187502],[-92.129889,18.188084],[-92.129542,18.188551],[-92.129195,18.189027],[-92.128866,18.189513],[-92.128518,18.189988],[-92.128168,18.1905],[-92.127818,18.191012],[-92.127469,18.191524],[-92.127146,18.192047],[-92.126851,18.19259],[-92.126717,18.193134],[-92.126684,18.193721],[-92.126549,18.194274],[-92.126072,18.194841],[-92.125548,18.195133],[-92.124991,18.195359],[-92.124424,18.195585],[-92.123883,18.195849],[-92.123111,18.196695],[-92.12291,18.197244],[-92.122793,18.197817],[-92.122731,18.198411],[-92.122688,18.199007],[-92.122676,18.199568],[-92.12272,18.200133],[-92.122784,18.2007],[-92.122866,18.201276],[-92.12292,18.201833],[-92.122946,18.202397],[-92.122905,18.202965],[-92.122817,18.203531],[-92.122718,18.204114],[-92.122531,18.205253],[-92.122433,18.205827],[-92.122353,18.206402],[-92.122153,18.207866],[-92.122042,18.208603],[-92.121908,18.209283],[-92.121745,18.209961],[-92.121628,18.210534],[-92.121304,18.212263],[-92.121196,18.212836],[-92.121065,18.213598],[-92.120953,18.214361],[-92.12091,18.214957],[-92.120896,18.215545],[-92.120891,18.216143],[-92.120851,18.218009],[-92.120824,18.218642],[-92.12075,18.219271],[-92.120629,18.219898],[-92.12041,18.220564],[-92.120144,18.221226],[-92.119869,18.221879],[-92.119613,18.222542],[-92.119113,18.223815],[-92.118952,18.224466],[-92.118955,18.225083],[-92.119005,18.225703],[-92.11901,18.226293],[-92.119034,18.226875],[-92.119049,18.228635],[-92.119049,18.229297],[-92.119021,18.229948],[-92.118992,18.230608],[-92.118964,18.231259],[-92.118907,18.231917],[-92.118347,18.237965],[-92.117437,18.24281],[-92.117227,18.24334],[-92.116925,18.243846],[-92.116552,18.244284],[-92.116067,18.244697],[-92.115572,18.245108],[-92.115068,18.24551],[-92.114565,18.245903],[-92.114052,18.246305],[-92.113507,18.246622],[-92.112988,18.246978],[-92.112626,18.247652],[-92.112513,18.248434],[-92.11251,18.249132],[-92.11263,18.249829],[-92.112722,18.250524],[-92.112664,18.2512],[-92.112496,18.251815],[-92.112301,18.252419],[-92.112068,18.253011],[-92.111839,18.253549],[-92.111592,18.254086],[-92.111531,18.254662],[-92.111405,18.255225],[-92.111203,18.255783],[-92.11093,18.256282],[-92.110034,18.256731],[-92.108041,18.255021],[-92.10691,18.25491],[-92.10631,18.254943],[-92.105716,18.255022],[-92.105101,18.255117],[-92.104498,18.255196],[-92.103897,18.255228],[-92.103235,18.255203],[-92.102558,18.255113],[-92.101902,18.254997],[-92.101248,18.254854],[-92.100584,18.25471],[-92.099997,18.254572],[-92.099409,18.254424],[-92.098237,18.254093],[-92.09765,18.253945],[-92.097054,18.253797],[-92.096455,18.253676],[-92.095837,18.253562],[-92.095207,18.253485],[-92.094585,18.253416],[-92.093952,18.253384],[-92.093326,18.253369],[-92.092571,18.253437],[-92.091824,18.253542],[-92.09108,18.253593],[-92.09044,18.253514],[-92.089823,18.253383],[-92.08919,18.25335],[-92.088525,18.253478],[-92.087884,18.25369],[-92.087173,18.25406],[-92.086465,18.254412]]}},{"type":"Feature","properties":{"gid":5944,"tipo":"Perenne","longitud":3981.20832274,"denominacion_oficial":"C04_corr_agua_2003","modulo_asignado":"Mapa Base","instrumento_vigencia":"","fecha_actualizacion":"2026-07-29","fuente_custodio":"","responsable_institucional":"","proyeccion_original":"EPSG:6372","proyeccion_actual":"EPSG:4326","cobertura_territorial":"","restricciones_uso":""},"geometry":{"type":"LineString","coordinates":[[-92.219452,18.249185],[-92.219208,18.250202],[-92.218989,18.25075],[-92.218741,18.251296],[-92.218456,18.251831],[-92.218145,18.252336],[-92.217833,18.252851],[-92.217461,18.253398],[-92.217046,18.253906],[-92.216601,18.254412],[-92.215696,18.255387],[-92.215275,18.255831],[-92.214856,18.256257],[-92.214408,18.256681],[-92.213944,18.257067],[-92.213445,18.257407],[-92.212816,18.25771],[-92.212154,18.257939],[-92.21146,18.258093],[-92.210775,18.258248],[-92.21013,18.258378],[-92.209477,18.25848],[-92.208819,18.258519],[-92.208168,18.258467],[-92.206999,18.258228],[-92.20641,18.258099],[-92.205822,18.257961],[-92.205244,18.257823],[-92.204665,18.257685],[-92.204078,18.257538],[-92.2035,18.257392],[-92.202912,18.257245],[-92.202287,18.257104],[-92.201663,18.256936],[-92.200423,18.256628],[-92.199799,18.256461],[-92.198548,18.256161],[-92.197846,18.256034],[-92.19713,18.25596],[-92.196419,18.25594],[-92.195714,18.255985],[-92.19506,18.256105],[-92.194446,18.256328],[-92.193872,18.256653],[-92.19334,18.257063],[-92.192868,18.257549],[-92.192469,18.258094],[-92.192151,18.258681],[-92.191908,18.25929],[-92.191767,18.259934],[-92.19174,18.260585],[-92.191837,18.261217],[-92.192023,18.261801],[-92.192227,18.262385]]}},{"type":"Feature","properties":{"gid":5947,"tipo":"Perenne","longitud":21974.4197641,"denominacion_oficial":"C04_corr_agua_2003","modulo_asignado":"Mapa Base","instrumento_vigencia":"","fecha_actualizacion":"2026-07-29","fuente_custodio":"","responsable_institucional":"","proyeccion_original":"EPSG:6372","proyeccion_actual":"EPSG:4326","cobertura_territorial":"","restricciones_uso":""},"geometry":{"type":"LineString","coordinates":[[-92.134991,18.183243],[-92.138363,18.18371],[-92.139236,18.188437],[-92.145009,18.193894],[-92.152622,18.192382],[-92.153952,18.186548],[-92.155316,18.185922],[-92.157375,18.186311],[-92.158953,18.188509],[-92.159205,18.192388],[-92.163204,18.196667],[-92.164904,18.198483],[-92.164614,18.198827],[-92.164344,18.199154],[-92.16168,18.202288],[-92.162547,18.203823],[-92.16542,18.2119],[-92.164276,18.214219],[-92.162089,18.215336],[-92.157121,18.212253],[-92.155061,18.213061],[-92.152173,18.216797],[-92.150897,18.218454],[-92.153359,18.223784],[-92.153192,18.224925],[-92.147422,18.228091],[-92.143225,18.233401],[-92.140126,18.233478],[-92.137794,18.23463],[-92.137336,18.235724],[-92.138151,18.23916],[-92.137252,18.240697],[-92.129673,18.243943],[-92.128978,18.251342],[-92.122967,18.257293],[-92.126556,18.264376],[-92.126544,18.265599],[-92.123588,18.268415],[-92.115486,18.269142],[-92.113183,18.271592],[-92.11349,18.274823],[-92.115392,18.279111],[-92.115314,18.28111],[-92.11269,18.281825],[-92.107222,18.281437],[-92.097055,18.272786],[-92.090508,18.271836]]}},{"type":"Feature","properties":{"gid":5951,"tipo":"Perenne","longitud":12099.9304097,"denominacion_oficial":"C04_corr_agua_2003","modulo_asignado":"Mapa Base","instrumento_vigencia":"","fecha_actualizacion":"2026-07-29","fuente_custodio":"","responsable_institucional":"","proyeccion_original":"EPSG:6372","proyeccion_actual":"EPSG:4326","cobertura_territorial":"","restricciones_uso":""},"geometry":{"type":"LineString","coordinates":[[-92.086898,18.262575],[-92.085722,18.261644],[-92.082252,18.261723],[-92.07969,18.25935],[-92.078268,18.260254],[-92.076889,18.262901],[-92.071331,18.261934],[-92.06981,18.260782],[-92.065855,18.253555],[-92.06446,18.252511],[-92.062106,18.253298],[-92.05946,18.255625],[-92.057068,18.256663],[-92.051077,18.257091],[-92.040568,18.255813],[-92.036329,18.25642],[-92.03298,18.258999],[-92.026714,18.265792],[-92.018048,18.270982],[-92.016886,18.273635],[-92.016712,18.277713],[-92.020093,18.284976],[-92.018672,18.288572],[-92.017944,18.298164]]}}]}